timestamp,service_name,cpu_percent,memory_mb,latency_ms,error_rate,service_up,is_anomaly,fault_type,root_cause_service
1791356374,frontend,3.9,156.44,20.65,0.0007,1,0,normal,none
1791356374,cart-service,3.26,90.65,14.88,0.0,1,0,normal,none
1791356374,payment-service,1.61,43.29,14.47,0.0013,1,0,normal,none
1791356374,productcatalog-service,1.51,65.42,12.17,0.001,1,0,normal,none
1791356374,redis-cart,1.0,32.35,5.33,0.0012,1,0,normal,none
1791356377,frontend,3.99,151.4,16.46,0.0004,1,0,normal,none
1791356377,cart-service,2.44,90.16,19.69,0.0014,1,0,normal,none
1791356377,payment-service,1.23,46.24,11.72,0.001,1,0,normal,none
1791356377,productcatalog-service,1.46,63.82,15.67,0.0009,1,0,normal,none
1791356377,redis-cart,0.68,34.26,5.31,0.0012,1,0,normal,none
1791356380,frontend,3.53,143.98,30.54,0.0005,1,0,normal,none
1791356380,cart-service,2.38,97.86,16.1,0.0006,1,0,normal,none
1791356380,payment-service,1.75,45.58,10.79,0.0013,1,0,normal,none
1791356380,productcatalog-service,1.73,63.46,12.8,0.0008,1,0,normal,none
1791356380,redis-cart,0.59,35.95,3.68,0.0009,1,0,normal,none
1791356383,frontend,4.22,144.4,18.83,0.0008,1,0,normal,none
1791356383,cart-service,2.04,94.99,18.8,0.0012,1,0,normal,none
1791356383,payment-service,2.02,44.12,14.64,0.0013,1,0,normal,none
1791356383,productcatalog-service,2.04,68.34,14.61,0.0008,1,0,normal,none
1791356383,redis-cart,0.93,31.46,2.9,0.0009,1,0,normal,none
1791356386,frontend,5.41,149.47,26.19,0.0012,1,0,normal,none
1791356386,cart-service,2.16,103.93,15.18,0.001,1,0,normal,none
1791356386,payment-service,1.7,49.03,10.53,0.0009,1,0,normal,none
1791356386,productcatalog-service,2.57,65.0,18.31,0.0008,1,0,normal,none
1791356386,redis-cart,1.01,29.62,4.56,0.0001,1,0,normal,none
1791356389,frontend,2.56,153.19,26.38,0.0013,1,0,normal,none
1791356389,cart-service,2.45,91.25,20.4,0.0012,1,0,normal,none
1791356389,payment-service,0.75,43.22,11.91,0.001,1,0,normal,none
1791356389,productcatalog-service,2.14,63.6,15.64,0.0015,1,0,normal,none
1791356389,redis-cart,0.81,34.14,5.27,0.0011,1,0,normal,none
1791356392,frontend,5.0,146.58,26.44,0.001,1,0,normal,none
1791356392,cart-service,2.25,91.54,16.14,0.001,1,0,normal,none
1791356392,payment-service,1.49,40.89,8.67,0.0014,1,0,normal,none
1791356392,productcatalog-service,1.42,64.06,14.72,0.0003,1,0,normal,none
1791356392,redis-cart,0.88,31.15,4.21,0.0006,1,0,normal,none
1791356395,frontend,4.63,150.66,27.93,0.0009,1,0,normal,none
1791356395,cart-service,2.61,96.13,16.49,0.0007,1,0,normal,none
1791356395,payment-service,1.52,46.68,13.27,0.0008,1,0,normal,none
1791356395,productcatalog-service,1.61,64.94,13.19,0.0008,1,0,normal,none
1791356395,redis-cart,1.11,32.2,5.06,0.0017,1,0,normal,none
1791356398,frontend,4.42,149.19,32.12,0.0012,1,0,normal,none
1791356398,cart-service,2.29,99.12,16.38,0.0015,1,0,normal,none
1791356398,payment-service,0.89,44.32,10.23,0.0009,1,0,normal,none
1791356398,productcatalog-service,1.18,67.35,16.39,0.001,1,0,normal,none
1791356398,redis-cart,0.62,31.71,4.09,0.0007,1,0,normal,none
1791356401,frontend,3.83,153.61,25.71,0.0007,1,0,normal,none
1791356401,cart-service,1.43,93.03,17.07,0.0012,1,0,normal,none
1791356401,payment-service,0.97,46.39,12.26,0.0003,1,0,normal,none
1791356401,productcatalog-service,2.2,69.14,13.97,0.0013,1,0,normal,none
1791356401,redis-cart,1.14,34.83,3.13,0.0005,1,0,normal,none
1791356404,frontend,4.59,145.02,24.26,0.0012,1,0,normal,none
1791356404,cart-service,2.08,88.35,14.13,0.0014,1,0,normal,none
1791356404,payment-service,1.76,47.65,12.39,0.0011,1,0,normal,none
1791356404,productcatalog-service,1.57,62.6,12.39,0.0018,1,0,normal,none
1791356404,redis-cart,0.86,33.7,4.88,0.0007,1,0,normal,none
1791356407,frontend,2.31,150.08,22.11,0.0012,1,0,normal,none
1791356407,cart-service,3.0,91.49,17.58,0.0003,1,0,normal,none
1791356407,payment-service,2.22,44.91,14.72,0.0012,1,0,normal,none
1791356407,productcatalog-service,2.17,69.88,12.3,0.0008,1,0,normal,none
1791356407,redis-cart,0.77,32.34,3.8,0.0009,1,0,normal,none
1791356410,frontend,3.95,142.82,26.68,0.0014,1,0,normal,none
1791356410,cart-service,2.69,94.51,21.94,0.0013,1,0,normal,none
1791356410,payment-service,1.96,41.83,14.8,0.0009,1,0,normal,none
1791356410,productcatalog-service,1.76,61.75,16.36,0.0006,1,0,normal,none
1791356410,redis-cart,1.15,32.5,4.6,0.0005,1,0,normal,none
1791356413,frontend,2.2,145.02,20.14,0.0013,1,0,normal,none
1791356413,cart-service,3.02,97.24,20.83,0.001,1,0,normal,none
1791356413,payment-service,1.68,47.81,14.36,0.0009,1,0,normal,none
1791356413,productcatalog-service,1.61,64.25,16.65,0.0012,1,0,normal,none
1791356413,redis-cart,0.9,31.25,3.96,0.0013,1,0,normal,none
1791356416,frontend,0.0,0.0,0.0,1.0,0,1,pod_failure,frontend
1791356416,cart-service,2.97,110.19,14.99,0.0005,1,1,pod_failure,frontend
1791356416,payment-service,1.16,51.68,13.63,0.0012,1,1,pod_failure,frontend
1791356416,productcatalog-service,1.87,70.57,18.43,0.0012,1,1,pod_failure,frontend
1791356416,redis-cart,1.08,32.9,5.55,0.0013,1,1,pod_failure,frontend
1791356419,frontend,0.0,0.0,0.0,1.0,0,1,pod_failure,frontend
1791356419,cart-service,2.57,96.22,19.5,0.0007,1,1,pod_failure,frontend
1791356419,payment-service,1.62,41.03,12.64,0.0013,1,1,pod_failure,frontend
1791356419,productcatalog-service,2.72,61.87,13.8,0.0009,1,1,pod_failure,frontend
1791356419,redis-cart,0.87,31.96,4.09,0.0008,1,1,pod_failure,frontend
1791356422,frontend,0.0,0.0,0.0,1.0,0,1,pod_failure,frontend
1791356422,cart-service,2.41,98.98,15.56,0.0006,1,1,pod_failure,frontend
1791356422,payment-service,1.33,44.28,14.72,0.0004,1,1,pod_failure,frontend
1791356422,productcatalog-service,1.45,62.91,15.24,0.0006,1,1,pod_failure,frontend
1791356422,redis-cart,0.73,31.71,4.01,0.0009,1,1,pod_failure,frontend
1791356425,frontend,0.0,0.0,0.0,1.0,0,1,pod_failure,frontend
1791356425,cart-service,1.8,98.13,12.62,0.0009,1,1,pod_failure,frontend
1791356425,payment-service,1.16,42.14,9.43,0.0014,1,1,pod_failure,frontend
1791356425,productcatalog-service,1.95,62.84,17.38,0.0011,1,1,pod_failure,frontend
1791356425,redis-cart,1.29,33.73,4.14,0.001,1,1,pod_failure,frontend
1791356428,frontend,0.0,0.0,0.0,1.0,0,1,pod_failure,frontend
1791356428,cart-service,2.15,99.93,14.97,0.0,1,1,pod_failure,frontend
1791356428,payment-service,1.88,45.8,12.93,0.0001,1,1,pod_failure,frontend
1791356428,productcatalog-service,1.87,70.68,17.01,0.0012,1,1,pod_failure,frontend
1791356428,redis-cart,1.37,33.14,5.28,0.0007,1,1,pod_failure,frontend
1791356431,frontend,0.0,0.0,0.0,1.0,0,1,pod_failure,frontend
1791356431,cart-service,3.23,103.9,14.48,0.0016,1,1,pod_failure,frontend
1791356431,payment-service,1.17,46.7,9.47,0.0013,1,1,pod_failure,frontend
1791356431,productcatalog-service,2.07,63.68,15.28,0.0008,1,1,pod_failure,frontend
1791356431,redis-cart,0.6,34.61,4.05,0.0018,1,1,pod_failure,frontend
1791356434,frontend,0.0,0.0,0.0,1.0,0,1,pod_failure,frontend
1791356434,cart-service,2.34,99.25,20.97,0.0011,1,1,pod_failure,frontend
1791356434,payment-service,1.45,54.51,14.7,0.001,1,1,pod_failure,frontend
1791356434,productcatalog-service,2.07,62.86,12.24,0.0013,1,1,pod_failure,frontend
1791356434,redis-cart,1.1,32.99,2.68,0.0016,1,1,pod_failure,frontend
1791356437,frontend,0.0,0.0,0.0,1.0,0,1,pod_failure,frontend
1791356437,cart-service,2.7,101.89,18.51,0.0002,1,1,pod_failure,frontend
1791356437,payment-service,1.06,44.42,9.63,0.0017,1,1,pod_failure,frontend
1791356437,productcatalog-service,1.33,67.56,15.99,0.0012,1,1,pod_failure,frontend
1791356437,redis-cart,0.93,31.76,4.34,0.0009,1,1,pod_failure,frontend
1791356440,frontend,0.0,0.0,0.0,1.0,0,1,pod_failure,frontend
1791356440,cart-service,2.32,95.3,19.76,0.0006,1,1,pod_failure,frontend
1791356440,payment-service,1.72,42.98,11.03,0.0007,1,1,pod_failure,frontend
1791356440,productcatalog-service,1.37,66.63,18.94,0.0006,1,1,pod_failure,frontend
1791356440,redis-cart,0.97,33.59,3.41,0.0008,1,1,pod_failure,frontend
1791356443,frontend,0.0,0.0,0.0,1.0,0,1,pod_failure,frontend
1791356443,cart-service,3.52,102.16,20.26,0.0012,1,1,pod_failure,frontend
1791356443,payment-service,0.87,41.66,13.79,0.0008,1,1,pod_failure,frontend
1791356443,productcatalog-service,2.69,63.44,15.68,0.0013,1,1,pod_failure,frontend
1791356443,redis-cart,0.96,32.69,5.03,0.0009,1,1,pod_failure,frontend
1791356446,frontend,3.91,146.84,20.96,0.0009,1,0,normal,none
1791356446,cart-service,2.33,96.65,16.71,0.0009,1,0,normal,none
1791356446,payment-service,1.95,42.08,13.0,0.0004,1,0,normal,none
1791356446,productcatalog-service,2.68,70.76,14.15,0.0012,1,0,normal,none
1791356446,redis-cart,1.07,37.81,4.01,0.0007,1,0,normal,none
1791356449,frontend,4.73,144.88,22.63,0.001,1,0,normal,none
1791356449,cart-service,1.8,93.02,20.17,0.0013,1,0,normal,none
1791356449,payment-service,1.92,48.62,14.15,0.0013,1,0,normal,none
1791356449,productcatalog-service,2.06,61.07,14.9,0.0009,1,0,normal,none
1791356449,redis-cart,1.57,32.37,4.3,0.0,1,0,normal,none
1791356452,frontend,3.9,145.06,25.85,0.0007,1,0,normal,none
1791356452,cart-service,1.84,98.16,14.1,0.0012,1,0,normal,none
1791356452,payment-service,1.29,43.42,11.58,0.001,1,0,normal,none
1791356452,productcatalog-service,2.03,67.96,15.59,0.001,1,0,normal,none
1791356452,redis-cart,0.76,33.73,4.13,0.0005,1,0,normal,none
1791356455,frontend,3.1,152.14,22.2,0.0005,1,0,normal,none
1791356455,cart-service,2.91,97.36,19.39,0.0014,1,0,normal,none
1791356455,payment-service,1.75,45.17,11.11,0.0014,1,0,normal,none
1791356455,productcatalog-service,2.45,63.82,16.23,0.0007,1,0,normal,none
1791356455,redis-cart,0.95,34.84,4.5,0.0012,1,0,normal,none
1791356458,frontend,4.58,155.51,35.6,0.0007,1,0,normal,none
1791356458,cart-service,2.93,93.53,22.48,0.0005,1,0,normal,none
1791356458,payment-service,2.1,44.86,14.18,0.0009,1,0,normal,none
1791356458,productcatalog-service,2.12,68.03,17.66,0.0011,1,0,normal,none
1791356458,redis-cart,1.27,34.04,3.51,0.0002,1,0,normal,none
1791356461,frontend,5.48,154.85,25.68,0.0018,1,0,normal,none
1791356461,cart-service,3.2,103.21,18.86,0.0013,1,0,normal,none
1791356461,payment-service,1.74,44.19,12.9,0.0019,1,0,normal,none
1791356461,productcatalog-service,1.59,62.74,14.38,0.0011,1,0,normal,none
1791356461,redis-cart,0.8,33.74,5.41,0.001,1,0,normal,none
1791356464,frontend,4.34,156.07,33.21,0.0012,1,0,normal,none
1791356464,cart-service,3.03,94.29,21.36,0.0008,1,0,normal,none
1791356464,payment-service,1.41,48.84,15.13,0.0007,1,0,normal,none
1791356464,productcatalog-service,1.98,63.46,15.17,0.0005,1,0,normal,none
1791356464,redis-cart,0.77,31.67,4.39,0.001,1,0,normal,none
1791356467,frontend,5.92,152.59,24.82,0.0008,1,0,normal,none
1791356467,cart-service,3.28,101.43,14.35,0.0008,1,0,normal,none
1791356467,payment-service,1.8,47.49,11.84,0.001,1,0,normal,none
1791356467,productcatalog-service,1.92,65.76,16.58,0.0004,1,0,normal,none
1791356467,redis-cart,1.09,31.34,4.03,0.0005,1,0,normal,none
1791356470,frontend,5.43,142.61,26.58,0.0014,1,0,normal,none
1791356470,cart-service,1.99,101.3,19.03,0.0006,1,0,normal,none
1791356470,payment-service,1.99,46.76,12.98,0.0008,1,0,normal,none
1791356470,productcatalog-service,1.62,70.38,13.59,0.0001,1,0,normal,none
1791356470,redis-cart,0.65,33.26,4.65,0.0004,1,0,normal,none
1791356473,frontend,5.44,150.02,30.98,0.001,1,0,normal,none
1791356473,cart-service,2.64,101.98,17.58,0.0008,1,0,normal,none
1791356473,payment-service,1.84,41.41,11.09,0.0008,1,0,normal,none
1791356473,productcatalog-service,1.57,63.52,13.41,0.0005,1,0,normal,none
1791356473,redis-cart,1.0,36.76,4.88,0.0004,1,0,normal,none
1791356476,frontend,4.9,149.33,22.11,0.0004,1,0,normal,none
1791356476,cart-service,2.79,93.66,16.41,0.0008,1,0,normal,none
1791356476,payment-service,1.38,44.62,12.27,0.0008,1,0,normal,none
1791356476,productcatalog-service,2.15,66.24,15.87,0.0011,1,0,normal,none
1791356476,redis-cart,1.38,32.68,4.96,0.0005,1,0,normal,none
1791356479,frontend,4.75,156.28,29.39,0.0009,1,0,normal,none
1791356479,cart-service,2.2,94.86,17.74,0.0009,1,0,normal,none
1791356479,payment-service,2.07,46.86,13.83,0.0006,1,0,normal,none
1791356479,productcatalog-service,2.35,65.22,12.7,0.0002,1,0,normal,none
1791356479,redis-cart,0.79,34.85,2.67,0.0019,1,0,normal,none
1791356482,frontend,5.15,149.91,31.88,0.0008,1,0,normal,none
1791356482,cart-service,2.79,101.06,21.76,0.001,1,0,normal,none
1791356482,payment-service,1.62,44.98,14.13,0.0014,1,0,normal,none
1791356482,productcatalog-service,1.98,65.29,15.17,0.0015,1,0,normal,none
1791356482,redis-cart,0.76,33.64,4.05,0.001,1,0,normal,none
1791356485,frontend,4.59,156.02,22.37,0.0009,1,0,normal,none
1791356485,cart-service,3.13,98.84,20.2,0.0018,1,0,normal,none
1791356485,payment-service,1.28,46.2,15.11,0.0,1,0,normal,none
1791356485,productcatalog-service,1.08,63.82,17.49,0.0009,1,0,normal,none
1791356485,redis-cart,0.97,33.53,3.55,0.0013,1,0,normal,none
1791356488,frontend,5.36,142.39,35.86,0.0009,1,1,cpu_stress,cart-service
1791356488,cart-service,93.09,122.17,69.36,0.0276,1,1,cpu_stress,cart-service
1791356488,payment-service,0.95,51.71,12.16,0.0012,1,1,cpu_stress,cart-service
1791356488,productcatalog-service,3.03,65.76,15.16,0.0011,1,1,cpu_stress,cart-service
1791356488,redis-cart,0.75,32.26,5.6,0.0003,1,1,cpu_stress,cart-service
1791356491,frontend,4.81,151.82,21.35,0.0012,1,1,cpu_stress,cart-service
1791356491,cart-service,95.05,120.01,63.71,0.0282,1,1,cpu_stress,cart-service
1791356491,payment-service,1.27,42.87,13.39,0.0012,1,1,cpu_stress,cart-service
1791356491,productcatalog-service,2.12,61.95,13.71,0.0011,1,1,cpu_stress,cart-service
1791356491,redis-cart,0.57,34.71,4.28,0.0008,1,1,cpu_stress,cart-service
1791356494,frontend,4.34,160.32,26.1,0.0005,1,1,cpu_stress,cart-service
1791356494,cart-service,94.12,128.81,69.16,0.0351,1,1,cpu_stress,cart-service
1791356494,payment-service,1.59,45.82,12.24,0.0016,1,1,cpu_stress,cart-service
1791356494,productcatalog-service,1.82,64.44,14.98,0.0002,1,1,cpu_stress,cart-service
1791356494,redis-cart,0.97,35.79,3.39,0.0005,1,1,cpu_stress,cart-service
1791356497,frontend,4.99,160.59,29.8,0.0013,1,1,cpu_stress,cart-service
1791356497,cart-service,93.68,112.75,71.7,0.0358,1,1,cpu_stress,cart-service
1791356497,payment-service,1.7,45.61,15.99,0.0006,1,1,cpu_stress,cart-service
1791356497,productcatalog-service,2.01,58.88,17.5,0.0012,1,1,cpu_stress,cart-service
1791356497,redis-cart,1.0,35.52,5.06,0.001,1,1,cpu_stress,cart-service
1791356500,frontend,3.91,147.73,29.66,0.0007,1,1,cpu_stress,cart-service
1791356500,cart-service,94.27,127.64,64.68,0.0337,1,1,cpu_stress,cart-service
1791356500,payment-service,1.6,46.09,13.83,0.0007,1,1,cpu_stress,cart-service
1791356500,productcatalog-service,1.67,61.08,14.36,0.0004,1,1,cpu_stress,cart-service
1791356500,redis-cart,0.79,31.72,3.2,0.0013,1,1,cpu_stress,cart-service
1791356503,frontend,3.57,164.08,26.17,0.0011,1,1,cpu_stress,cart-service
1791356503,cart-service,93.79,126.81,78.9,0.0271,1,1,cpu_stress,cart-service
1791356503,payment-service,1.37,45.98,14.63,0.0013,1,1,cpu_stress,cart-service
1791356503,productcatalog-service,1.67,64.35,16.3,0.0012,1,1,cpu_stress,cart-service
1791356503,redis-cart,1.0,32.2,6.01,0.002,1,1,cpu_stress,cart-service
1791356506,frontend,3.33,146.5,25.65,0.0008,1,1,cpu_stress,cart-service
1791356506,cart-service,96.14,119.23,63.8,0.0322,1,1,cpu_stress,cart-service
1791356506,payment-service,1.78,45.89,11.5,0.0011,1,1,cpu_stress,cart-service
1791356506,productcatalog-service,2.16,62.57,15.32,0.0008,1,1,cpu_stress,cart-service
1791356506,redis-cart,1.36,36.11,4.41,0.0012,1,1,cpu_stress,cart-service
1791356509,frontend,2.71,142.15,17.64,0.0014,1,1,cpu_stress,cart-service
1791356509,cart-service,90.86,121.72,62.83,0.0337,1,1,cpu_stress,cart-service
1791356509,payment-service,1.8,42.63,12.79,0.0011,1,1,cpu_stress,cart-service
1791356509,productcatalog-service,1.65,66.23,13.76,0.0018,1,1,cpu_stress,cart-service
1791356509,redis-cart,0.97,34.72,4.62,0.0004,1,1,cpu_stress,cart-service
1791356512,frontend,2.75,152.12,26.8,0.0012,1,1,cpu_stress,cart-service
1791356512,cart-service,94.68,120.93,62.65,0.0353,1,1,cpu_stress,cart-service
1791356512,payment-service,1.16,44.03,10.66,0.001,1,1,cpu_stress,cart-service
1791356512,productcatalog-service,2.81,67.99,16.84,0.0004,1,1,cpu_stress,cart-service
1791356512,redis-cart,1.28,34.48,3.77,0.0008,1,1,cpu_stress,cart-service
1791356515,frontend,4.3,157.94,27.86,0.0012,1,1,cpu_stress,cart-service
1791356515,cart-service,94.78,125.0,60.62,0.0279,1,1,cpu_stress,cart-service
1791356515,payment-service,1.18,46.78,12.17,0.0015,1,1,cpu_stress,cart-service
1791356515,productcatalog-service,1.71,69.85,13.72,0.0003,1,1,cpu_stress,cart-service
1791356515,redis-cart,0.59,34.09,3.89,0.001,1,1,cpu_stress,cart-service
1791356518,frontend,4.56,155.81,29.46,0.0009,1,0,normal,none
1791356518,cart-service,3.75,98.78,16.29,0.002,1,0,normal,none
1791356518,payment-service,1.62,48.93,14.07,0.0016,1,0,normal,none
1791356518,productcatalog-service,2.08,65.49,15.36,0.0006,1,0,normal,none
1791356518,redis-cart,0.65,28.57,5.11,0.0007,1,0,normal,none
1791356521,frontend,3.87,153.88,24.68,0.0008,1,0,normal,none
1791356521,cart-service,1.42,93.73,13.93,0.0,1,0,normal,none
1791356521,payment-service,1.48,47.61,13.93,0.0008,1,0,normal,none
1791356521,productcatalog-service,1.86,62.14,16.82,0.0011,1,0,normal,none
1791356521,redis-cart,0.7,32.92,4.52,0.0002,1,0,normal,none
1791356524,frontend,2.52,152.95,25.0,0.001,1,0,normal,none
1791356524,cart-service,2.43,99.44,18.42,0.0011,1,0,normal,none
1791356524,payment-service,1.56,47.27,11.77,0.0015,1,0,normal,none
1791356524,productcatalog-service,1.55,65.44,14.4,0.001,1,0,normal,none
1791356524,redis-cart,0.91,31.48,4.25,0.0008,1,0,normal,none
1791356527,frontend,2.96,145.66,24.43,0.0018,1,0,normal,none
1791356527,cart-service,1.72,95.46,18.64,0.0004,1,0,normal,none
1791356527,payment-service,1.23,47.51,11.84,0.0011,1,0,normal,none
1791356527,productcatalog-service,2.21,66.97,15.94,0.0013,1,0,normal,none
1791356527,redis-cart,0.61,34.22,2.87,0.0008,1,0,normal,none
1791356530,frontend,3.02,147.0,26.36,0.0015,1,0,normal,none
1791356530,cart-service,2.27,99.61,15.74,0.0011,1,0,normal,none
1791356530,payment-service,2.12,42.18,12.31,0.0004,1,0,normal,none
1791356530,productcatalog-service,2.61,59.33,15.7,0.0013,1,0,normal,none
1791356530,redis-cart,0.77,34.48,4.38,0.0008,1,0,normal,none
1791356533,frontend,2.69,149.05,20.91,0.0015,1,0,normal,none
1791356533,cart-service,2.11,94.87,20.03,0.0001,1,0,normal,none
1791356533,payment-service,1.42,46.43,12.36,0.0016,1,0,normal,none
1791356533,productcatalog-service,2.07,66.72,12.19,0.0015,1,0,normal,none
1791356533,redis-cart,0.83,34.44,5.76,0.0014,1,0,normal,none
1791356536,frontend,2.89,164.12,25.98,0.0011,1,0,normal,none
1791356536,cart-service,2.74,92.67,18.13,0.0007,1,0,normal,none
1791356536,payment-service,1.39,46.59,10.25,0.0011,1,0,normal,none
1791356536,productcatalog-service,1.95,58.6,15.2,0.001,1,0,normal,none
1791356536,redis-cart,1.14,31.5,2.84,0.0013,1,0,normal,none
1791356539,frontend,4.66,159.6,24.95,0.0012,1,0,normal,none
1791356539,cart-service,1.93,105.66,17.96,0.0012,1,0,normal,none
1791356539,payment-service,1.63,47.7,10.73,0.0012,1,0,normal,none
1791356539,productcatalog-service,2.53,68.5,14.1,0.0011,1,0,normal,none
1791356539,redis-cart,0.66,33.58,3.79,0.0008,1,0,normal,none
1791356542,frontend,2.88,155.73,31.0,0.001,1,0,normal,none
1791356542,cart-service,1.69,98.75,18.91,0.0013,1,0,normal,none
1791356542,payment-service,0.93,46.96,11.47,0.0017,1,0,normal,none
1791356542,productcatalog-service,1.64,69.13,15.49,0.0007,1,0,normal,none
1791356542,redis-cart,0.89,35.35,5.01,0.0005,1,0,normal,none
1791356545,frontend,3.3,158.03,20.2,0.0009,1,0,normal,none
1791356545,cart-service,2.14,101.35,17.63,0.0,1,0,normal,none
1791356545,payment-service,1.43,46.25,11.42,0.0002,1,0,normal,none
1791356545,productcatalog-service,1.35,61.94,15.38,0.0014,1,0,normal,none
1791356545,redis-cart,0.69,33.95,4.64,0.0009,1,0,normal,none
1791356548,frontend,3.71,156.1,22.87,0.0008,1,0,normal,none
1791356548,cart-service,2.31,100.35,19.02,0.0009,1,0,normal,none
1791356548,payment-service,2.03,48.03,11.52,0.0006,1,0,normal,none
1791356548,productcatalog-service,3.09,62.22,14.63,0.0005,1,0,normal,none
1791356548,redis-cart,0.76,33.52,4.68,0.0012,1,0,normal,none
1791356551,frontend,3.16,156.93,25.83,0.0007,1,0,normal,none
1791356551,cart-service,1.56,103.21,16.1,0.001,1,0,normal,none
1791356551,payment-service,1.83,47.73,13.14,0.0009,1,0,normal,none
1791356551,productcatalog-service,1.62,62.78,13.12,0.0006,1,0,normal,none
1791356551,redis-cart,1.12,32.78,3.14,0.0009,1,0,normal,none
1791356554,frontend,3.36,157.4,28.89,0.0004,1,0,normal,none
1791356554,cart-service,2.58,100.25,15.16,0.0011,1,0,normal,none
1791356554,payment-service,1.55,46.02,10.19,0.0009,1,0,normal,none
1791356554,productcatalog-service,1.87,67.34,14.63,0.0011,1,0,normal,none
1791356554,redis-cart,0.67,33.12,4.23,0.0001,1,0,normal,none
1791356557,frontend,4.27,157.69,23.68,0.0007,1,0,normal,none
1791356557,cart-service,2.7,96.67,15.9,0.001,1,0,normal,none
1791356557,payment-service,1.46,47.48,9.83,0.0011,1,0,normal,none
1791356557,productcatalog-service,1.83,69.84,11.17,0.0007,1,0,normal,none
1791356557,redis-cart,1.09,32.43,3.64,0.0006,1,0,normal,none
1791356560,frontend,4.08,155.52,291.05,0.031,1,1,network_latency,payment-service
1791356560,cart-service,1.91,97.28,14.42,0.0006,1,1,network_latency,payment-service
1791356560,payment-service,1.88,43.18,1073.48,0.0262,1,1,network_latency,payment-service
1791356560,productcatalog-service,1.89,58.79,15.31,0.0007,1,1,network_latency,payment-service
1791356560,redis-cart,0.99,32.78,4.67,0.0012,1,1,network_latency,payment-service
1791356563,frontend,3.19,148.28,379.85,0.047,1,1,network_latency,payment-service
1791356563,cart-service,2.36,105.25,21.97,0.0017,1,1,network_latency,payment-service
1791356563,payment-service,1.26,45.88,931.01,0.0174,1,1,network_latency,payment-service
1791356563,productcatalog-service,1.85,63.58,10.09,0.001,1,1,network_latency,payment-service
1791356563,redis-cart,0.98,34.65,5.05,0.0014,1,1,network_latency,payment-service
1791356566,frontend,3.5,145.74,414.46,0.0448,1,1,network_latency,payment-service
1791356566,cart-service,1.47,92.74,16.55,0.0006,1,1,network_latency,payment-service
1791356566,payment-service,1.25,44.56,900.01,0.0239,1,1,network_latency,payment-service
1791356566,productcatalog-service,2.13,68.54,12.64,0.0009,1,1,network_latency,payment-service
1791356566,redis-cart,0.97,31.0,4.01,0.0012,1,1,network_latency,payment-service
1791356569,frontend,4.6,156.74,314.99,0.0402,1,1,network_latency,payment-service
1791356569,cart-service,1.88,100.15,16.63,0.0013,1,1,network_latency,payment-service
1791356569,payment-service,1.56,43.3,994.72,0.0245,1,1,network_latency,payment-service
1791356569,productcatalog-service,1.76,61.14,15.82,0.001,1,1,network_latency,payment-service
1791356569,redis-cart,0.55,32.93,2.49,0.0003,1,1,network_latency,payment-service
1791356572,frontend,4.47,144.28,371.96,0.051,1,1,network_latency,payment-service
1791356572,cart-service,2.05,105.89,16.33,0.0011,1,1,network_latency,payment-service
1791356572,payment-service,0.95,47.86,950.18,0.0172,1,1,network_latency,payment-service
1791356572,productcatalog-service,1.85,63.59,13.64,0.0008,1,1,network_latency,payment-service
1791356572,redis-cart,1.15,34.84,4.11,0.0009,1,1,network_latency,payment-service
1791356575,frontend,3.45,155.32,343.12,0.0394,1,1,network_latency,payment-service
1791356575,cart-service,2.85,101.31,13.0,0.0008,1,1,network_latency,payment-service
1791356575,payment-service,0.99,51.27,874.95,0.0108,1,1,network_latency,payment-service
1791356575,productcatalog-service,1.55,65.68,15.14,0.001,1,1,network_latency,payment-service
1791356575,redis-cart,0.61,34.51,4.2,0.0,1,1,network_latency,payment-service
1791356578,frontend,2.65,141.84,321.6,0.0216,1,1,network_latency,payment-service
1791356578,cart-service,2.13,101.6,18.42,0.001,1,1,network_latency,payment-service
1791356578,payment-service,0.63,42.4,930.3,0.018,1,1,network_latency,payment-service
1791356578,productcatalog-service,0.67,67.2,12.91,0.0013,1,1,network_latency,payment-service
1791356578,redis-cart,0.88,32.14,4.98,0.0012,1,1,network_latency,payment-service
1791356581,frontend,3.93,148.6,411.85,0.0445,1,1,network_latency,payment-service
1791356581,cart-service,1.93,105.04,16.49,0.0007,1,1,network_latency,payment-service
1791356581,payment-service,1.39,47.4,969.46,0.0071,1,1,network_latency,payment-service
1791356581,productcatalog-service,0.79,66.7,12.57,0.0013,1,1,network_latency,payment-service
1791356581,redis-cart,0.61,30.88,3.99,0.0021,1,1,network_latency,payment-service
1791356584,frontend,2.43,146.76,350.93,0.0429,1,1,network_latency,payment-service
1791356584,cart-service,2.79,104.62,15.41,0.001,1,1,network_latency,payment-service
1791356584,payment-service,1.07,42.9,952.79,0.0241,1,1,network_latency,payment-service
1791356584,productcatalog-service,1.78,69.06,14.62,0.001,1,1,network_latency,payment-service
1791356584,redis-cart,0.41,32.37,2.73,0.0011,1,1,network_latency,payment-service
1791356587,frontend,3.91,146.69,349.55,0.0411,1,1,network_latency,payment-service
1791356587,cart-service,1.7,104.24,20.57,0.0005,1,1,network_latency,payment-service
1791356587,payment-service,0.97,47.32,979.41,0.0145,1,1,network_latency,payment-service
1791356587,productcatalog-service,0.9,68.4,14.0,0.0013,1,1,network_latency,payment-service
1791356587,redis-cart,0.67,34.85,3.34,0.0001,1,1,network_latency,payment-service
1791356590,frontend,3.45,160.04,25.47,0.0007,1,0,normal,none
1791356590,cart-service,1.92,98.05,13.6,0.0005,1,0,normal,none
1791356590,payment-service,1.65,45.83,7.88,0.0011,1,0,normal,none
1791356590,productcatalog-service,2.38,65.98,17.25,0.0012,1,0,normal,none
1791356590,redis-cart,0.93,32.88,1.63,0.0005,1,0,normal,none
1791356593,frontend,3.67,148.75,22.48,0.0011,1,0,normal,none
1791356593,cart-service,1.95,97.69,14.68,0.0007,1,0,normal,none
1791356593,payment-service,1.57,43.06,10.05,0.0011,1,0,normal,none
1791356593,productcatalog-service,1.78,71.69,13.32,0.0009,1,0,normal,none
1791356593,redis-cart,1.0,33.44,4.9,0.001,1,0,normal,none
1791356596,frontend,2.84,160.38,27.93,0.0012,1,0,normal,none
1791356596,cart-service,3.28,95.1,13.99,0.0011,1,0,normal,none
1791356596,payment-service,1.61,46.84,11.99,0.0006,1,0,normal,none
1791356596,productcatalog-service,1.94,66.98,14.33,0.0013,1,0,normal,none
1791356596,redis-cart,0.61,32.72,3.13,0.0008,1,0,normal,none
1791356599,frontend,1.3,152.65,17.5,0.0013,1,0,normal,none
1791356599,cart-service,2.18,95.0,16.65,0.0013,1,0,normal,none
1791356599,payment-service,1.26,43.62,12.53,0.0011,1,0,normal,none
1791356599,productcatalog-service,1.65,69.06,13.72,0.0009,1,0,normal,none
1791356599,redis-cart,0.76,34.09,3.34,0.0007,1,0,normal,none
1791356602,frontend,3.32,146.07,23.31,0.0003,1,0,normal,none
1791356602,cart-service,2.28,96.92,19.73,0.0007,1,0,normal,none
1791356602,payment-service,1.38,43.43,9.96,0.0009,1,0,normal,none
1791356602,productcatalog-service,1.92,69.3,15.76,0.0007,1,0,normal,none
1791356602,redis-cart,0.51,33.3,5.04,0.0004,1,0,normal,none
1791356605,frontend,2.18,155.29,17.64,0.0008,1,0,normal,none
1791356605,cart-service,2.17,97.14,13.0,0.0009,1,0,normal,none
1791356605,payment-service,1.38,40.56,12.4,0.0009,1,0,normal,none
1791356605,productcatalog-service,1.82,64.57,12.04,0.0011,1,0,normal,none
1791356605,redis-cart,0.75,32.84,3.43,0.0007,1,0,normal,none
1791356608,frontend,2.79,157.83,25.32,0.0017,1,0,normal,none
1791356608,cart-service,2.02,99.94,15.58,0.0013,1,0,normal,none
1791356608,payment-service,1.43,45.98,10.43,0.0009,1,0,normal,none
1791356608,productcatalog-service,2.07,64.05,15.13,0.0012,1,0,normal,none
1791356608,redis-cart,0.48,34.46,3.91,0.0006,1,0,normal,none
1791356611,frontend,3.23,144.92,23.1,0.0011,1,0,normal,none
1791356611,cart-service,1.36,99.27,14.09,0.0012,1,0,normal,none
1791356611,payment-service,1.7,43.02,11.75,0.0012,1,0,normal,none
1791356611,productcatalog-service,1.82,59.82,15.28,0.0007,1,0,normal,none
1791356611,redis-cart,0.97,31.79,4.25,0.0012,1,0,normal,none
1791356614,frontend,4.61,146.59,20.72,0.0002,1,0,normal,none
1791356614,cart-service,1.21,96.79,16.8,0.0009,1,0,normal,none
1791356614,payment-service,0.87,49.07,13.01,0.002,1,0,normal,none
1791356614,productcatalog-service,1.81,68.43,12.12,0.0007,1,0,normal,none
1791356614,redis-cart,0.85,32.78,2.73,0.0015,1,0,normal,none
1791356617,frontend,4.09,146.8,16.18,0.0,1,0,normal,none
1791356617,cart-service,2.95,94.63,12.16,0.0011,1,0,normal,none
1791356617,payment-service,1.1,39.08,10.78,0.0012,1,0,normal,none
1791356617,productcatalog-service,2.1,61.94,15.38,0.0009,1,0,normal,none
1791356617,redis-cart,0.49,35.15,4.0,0.001,1,0,normal,none
1791356620,frontend,2.98,146.27,21.76,0.0007,1,0,normal,none
1791356620,cart-service,1.98,105.13,15.28,0.0018,1,0,normal,none
1791356620,payment-service,1.49,41.73,11.02,0.001,1,0,normal,none
1791356620,productcatalog-service,1.68,69.06,13.48,0.0009,1,0,normal,none
1791356620,redis-cart,0.56,34.37,2.12,0.0008,1,0,normal,none
1791356623,frontend,3.95,146.4,14.95,0.0008,1,0,normal,none
1791356623,cart-service,2.15,104.56,18.9,0.0011,1,0,normal,none
1791356623,payment-service,1.02,47.42,11.08,0.0016,1,0,normal,none
1791356623,productcatalog-service,0.99,64.15,12.08,0.0011,1,0,normal,none
1791356623,redis-cart,1.0,35.75,4.15,0.001,1,0,normal,none
1791356626,frontend,3.31,149.12,22.11,0.001,1,0,normal,none
1791356626,cart-service,2.63,99.96,12.24,0.0005,1,0,normal,none
1791356626,payment-service,1.49,42.45,7.42,0.0013,1,0,normal,none
1791356626,productcatalog-service,1.58,59.35,10.52,0.0006,1,0,normal,none
1791356626,redis-cart,0.78,37.91,2.43,0.0012,1,0,normal,none
1791356629,frontend,2.55,150.99,20.51,0.0001,1,0,normal,none
1791356629,cart-service,1.69,105.59,12.35,0.0016,1,0,normal,none
1791356629,payment-service,1.6,44.57,9.53,0.0011,1,0,normal,none
1791356629,productcatalog-service,1.56,66.3,10.79,0.0014,1,0,normal,none
1791356629,redis-cart,0.6,32.07,4.64,0.0009,1,0,normal,none
1791356632,frontend,2.75,157.02,25.0,0.0009,1,1,memory_leak,productcatalog-service
1791356632,cart-service,1.46,102.06,13.68,0.0018,1,1,memory_leak,productcatalog-service
1791356632,payment-service,1.56,50.99,11.71,0.0009,1,1,memory_leak,productcatalog-service
1791356632,productcatalog-service,5.45,236.65,21.03,0.0169,1,1,memory_leak,productcatalog-service
1791356632,redis-cart,1.08,35.38,4.08,0.0013,1,1,memory_leak,productcatalog-service
1791356635,frontend,2.94,140.27,21.28,0.0007,1,1,memory_leak,productcatalog-service
1791356635,cart-service,1.58,104.28,11.86,0.0008,1,1,memory_leak,productcatalog-service
1791356635,payment-service,0.4,43.79,7.95,0.0014,1,1,memory_leak,productcatalog-service
1791356635,productcatalog-service,3.5,247.11,19.79,0.0067,1,1,memory_leak,productcatalog-service
1791356635,redis-cart,0.59,32.73,3.7,0.0016,1,1,memory_leak,productcatalog-service
1791356638,frontend,2.87,161.49,19.43,0.0011,1,1,memory_leak,productcatalog-service
1791356638,cart-service,2.37,88.81,14.9,0.0006,1,1,memory_leak,productcatalog-service
1791356638,payment-service,1.45,44.77,12.33,0.0003,1,1,memory_leak,productcatalog-service
1791356638,productcatalog-service,4.56,262.2,24.25,0.0,1,1,memory_leak,productcatalog-service
1791356638,redis-cart,0.47,32.54,3.55,0.001,1,1,memory_leak,productcatalog-service
1791356641,frontend,2.85,149.69,25.55,0.0,1,1,memory_leak,productcatalog-service
1791356641,cart-service,3.12,101.76,11.13,0.0013,1,1,memory_leak,productcatalog-service
1791356641,payment-service,2.03,45.51,10.22,0.0017,1,1,memory_leak,productcatalog-service
1791356641,productcatalog-service,5.32,279.95,17.76,0.0105,1,1,memory_leak,productcatalog-service
1791356641,redis-cart,0.49,35.09,3.47,0.0013,1,1,memory_leak,productcatalog-service
1791356644,frontend,3.46,151.15,26.1,0.0013,1,1,memory_leak,productcatalog-service
1791356644,cart-service,1.94,94.36,14.72,0.0007,1,1,memory_leak,productcatalog-service
1791356644,payment-service,1.54,41.94,10.21,0.0007,1,1,memory_leak,productcatalog-service
1791356644,productcatalog-service,5.13,307.27,25.7,0.0125,1,1,memory_leak,productcatalog-service
1791356644,redis-cart,0.85,36.7,3.13,0.0006,1,1,memory_leak,productcatalog-service
1791356647,frontend,4.15,150.81,16.53,0.001,1,1,memory_leak,productcatalog-service
1791356647,cart-service,3.33,107.06,16.76,0.0014,1,1,memory_leak,productcatalog-service
1791356647,payment-service,0.81,46.38,11.8,0.0013,1,1,memory_leak,productcatalog-service
1791356647,productcatalog-service,3.84,331.11,22.14,0.0141,1,1,memory_leak,productcatalog-service
1791356647,redis-cart,0.4,34.05,3.38,0.0009,1,1,memory_leak,productcatalog-service
1791356650,frontend,2.41,158.09,23.74,0.0006,1,1,memory_leak,productcatalog-service
1791356650,cart-service,0.97,102.55,15.25,0.0009,1,1,memory_leak,productcatalog-service
1791356650,payment-service,1.34,44.77,7.77,0.001,1,1,memory_leak,productcatalog-service
1791356650,productcatalog-service,3.94,332.5,18.37,0.0142,1,1,memory_leak,productcatalog-service
1791356650,redis-cart,0.64,34.01,3.15,0.0016,1,1,memory_leak,productcatalog-service
1791356653,frontend,1.28,153.32,20.48,0.0015,1,1,memory_leak,productcatalog-service
1791356653,cart-service,1.75,98.02,13.82,0.0009,1,1,memory_leak,productcatalog-service
1791356653,payment-service,1.93,47.59,7.82,0.0006,1,1,memory_leak,productcatalog-service
1791356653,productcatalog-service,4.64,366.31,27.31,0.0167,1,1,memory_leak,productcatalog-service
1791356653,redis-cart,0.46,35.01,3.52,0.0012,1,1,memory_leak,productcatalog-service
1791356656,frontend,2.7,160.48,21.82,0.001,1,1,memory_leak,productcatalog-service
1791356656,cart-service,2.31,100.16,11.62,0.0011,1,1,memory_leak,productcatalog-service
1791356656,payment-service,1.44,47.59,11.64,0.0013,1,1,memory_leak,productcatalog-service
1791356656,productcatalog-service,3.97,375.36,22.72,0.008,1,1,memory_leak,productcatalog-service
1791356656,redis-cart,1.07,34.28,2.86,0.0001,1,1,memory_leak,productcatalog-service
1791356659,frontend,1.78,145.35,26.21,0.0016,1,1,memory_leak,productcatalog-service
1791356659,cart-service,1.36,101.23,11.55,0.0007,1,1,memory_leak,productcatalog-service
1791356659,payment-service,1.59,42.88,11.18,0.0008,1,1,memory_leak,productcatalog-service
1791356659,productcatalog-service,4.36,391.25,18.47,0.0122,1,1,memory_leak,productcatalog-service
1791356659,redis-cart,0.75,31.2,2.5,0.0013,1,1,memory_leak,productcatalog-service
1791356662,frontend,3.39,147.17,25.62,0.0007,1,0,normal,none
1791356662,cart-service,0.81,110.12,10.11,0.0014,1,0,normal,none
1791356662,payment-service,0.84,45.34,9.72,0.0006,1,0,normal,none
1791356662,productcatalog-service,2.17,65.05,12.99,0.0008,1,0,normal,none
1791356662,redis-cart,0.54,32.22,2.7,0.0014,1,0,normal,none
1791356665,frontend,3.82,148.48,22.32,0.0013,1,0,normal,none
1791356665,cart-service,1.18,92.97,15.48,0.0009,1,0,normal,none
1791356665,payment-service,1.92,39.4,8.04,0.0011,1,0,normal,none
1791356665,productcatalog-service,2.27,66.27,15.74,0.0005,1,0,normal,none
1791356665,redis-cart,0.56,32.19,3.56,0.0018,1,0,normal,none
1791356668,frontend,2.12,146.49,27.38,0.0006,1,0,normal,none
1791356668,cart-service,1.9,101.43,19.25,0.0006,1,0,normal,none
1791356668,payment-service,2.4,49.12,8.74,0.0008,1,0,normal,none
1791356668,productcatalog-service,2.06,64.67,13.5,0.0007,1,0,normal,none
1791356668,redis-cart,0.93,30.78,2.95,0.0007,1,0,normal,none
1791356671,frontend,2.58,147.91,29.28,0.0003,1,0,normal,none
1791356671,cart-service,2.28,94.66,9.13,0.0009,1,0,normal,none
1791356671,payment-service,1.65,44.28,11.36,0.0007,1,0,normal,none
1791356671,productcatalog-service,1.9,67.92,17.41,0.001,1,0,normal,none
1791356671,redis-cart,0.55,31.09,3.2,0.0014,1,0,normal,none
1791356674,frontend,2.28,139.95,22.03,0.0015,1,0,normal,none
1791356674,cart-service,2.42,94.38,14.7,0.0008,1,0,normal,none
1791356674,payment-service,0.92,42.74,10.12,0.0011,1,0,normal,none
1791356674,productcatalog-service,1.95,63.67,13.47,0.001,1,0,normal,none
1791356674,redis-cart,0.84,32.31,3.37,0.0019,1,0,normal,none
1791356677,frontend,2.72,152.69,21.27,0.0011,1,0,normal,none
1791356677,cart-service,2.09,105.52,14.2,0.0004,1,0,normal,none
1791356677,payment-service,1.0,49.05,7.96,0.0018,1,0,normal,none
1791356677,productcatalog-service,1.75,63.14,9.87,0.0014,1,0,normal,none
1791356677,redis-cart,0.55,32.62,3.49,0.0009,1,0,normal,none
1791356680,frontend,3.99,152.93,18.53,0.0012,1,0,normal,none
1791356680,cart-service,2.01,98.51,11.91,0.0002,1,0,normal,none
1791356680,payment-service,1.17,45.96,11.38,0.0011,1,0,normal,none
1791356680,productcatalog-service,2.07,58.3,8.6,0.0017,1,0,normal,none
1791356680,redis-cart,1.04,29.2,4.35,0.0009,1,0,normal,none
1791356683,frontend,3.06,148.93,26.01,0.0005,1,0,normal,none
1791356683,cart-service,1.84,93.37,12.17,0.0006,1,0,normal,none
1791356683,payment-service,1.69,38.22,6.22,0.0014,1,0,normal,none
1791356683,productcatalog-service,1.36,61.64,9.74,0.0011,1,0,normal,none
1791356683,redis-cart,0.97,30.29,3.05,0.0008,1,0,normal,none
1791356686,frontend,4.11,155.63,20.11,0.001,1,0,normal,none
1791356686,cart-service,1.55,101.97,18.76,0.0001,1,0,normal,none
1791356686,payment-service,1.49,45.26,10.93,0.0013,1,0,normal,none
1791356686,productcatalog-service,2.12,60.59,14.97,0.0011,1,0,normal,none
1791356686,redis-cart,0.62,32.1,4.34,0.0015,1,0,normal,none
1791356689,frontend,2.01,158.71,25.86,0.0,1,0,normal,none
1791356689,cart-service,1.8,92.99,16.26,0.0012,1,0,normal,none
1791356689,payment-service,1.3,48.12,10.02,0.0009,1,0,normal,none
1791356689,productcatalog-service,1.48,59.3,14.44,0.0006,1,0,normal,none
1791356689,redis-cart,1.08,35.01,2.21,0.0016,1,0,normal,none
1791356692,frontend,2.81,144.33,22.33,0.0017,1,0,normal,none
1791356692,cart-service,2.03,97.43,14.11,0.0002,1,0,normal,none
1791356692,payment-service,1.55,41.75,8.89,0.0011,1,0,normal,none
1791356692,productcatalog-service,0.52,60.59,9.78,0.001,1,0,normal,none
1791356692,redis-cart,0.96,34.82,4.2,0.0013,1,0,normal,none
1791356695,frontend,5.89,146.82,16.48,0.0009,1,0,normal,none
1791356695,cart-service,1.67,89.12,13.95,0.0013,1,0,normal,none
1791356695,payment-service,1.14,46.83,9.46,0.0007,1,0,normal,none
1791356695,productcatalog-service,1.18,64.38,12.55,0.0014,1,0,normal,none
1791356695,redis-cart,1.03,30.67,3.5,0.0005,1,0,normal,none
1791356698,frontend,3.44,151.31,20.43,0.0008,1,0,normal,none
1791356698,cart-service,1.63,101.72,15.75,0.0006,1,0,normal,none
1791356698,payment-service,0.87,45.65,12.54,0.001,1,0,normal,none
1791356698,productcatalog-service,1.54,68.83,16.17,0.0011,1,0,normal,none
1791356698,redis-cart,0.89,31.81,4.43,0.0006,1,0,normal,none
1791356701,frontend,4.74,141.18,19.59,0.001,1,0,normal,none
1791356701,cart-service,1.79,95.69,10.45,0.0013,1,0,normal,none
1791356701,payment-service,1.59,45.24,10.06,0.0009,1,0,normal,none
1791356701,productcatalog-service,1.55,62.29,13.4,0.001,1,0,normal,none
1791356701,redis-cart,0.89,32.92,3.84,0.0012,1,0,normal,none
1791356704,frontend,2.5,156.25,22.86,0.0019,1,1,packet_loss,redis-cart
1791356704,cart-service,2.21,92.8,168.41,0.2336,1,1,packet_loss,redis-cart
1791356704,payment-service,1.42,46.81,11.71,0.0009,1,1,packet_loss,redis-cart
1791356704,productcatalog-service,2.0,69.24,16.45,0.0003,1,1,packet_loss,redis-cart
1791356704,redis-cart,0.4,32.34,192.34,0.6356,1,1,packet_loss,redis-cart
1791356707,frontend,2.46,137.69,26.99,0.0009,1,1,packet_loss,redis-cart
1791356707,cart-service,1.18,98.39,173.91,0.3361,1,1,packet_loss,redis-cart
1791356707,payment-service,0.78,41.37,10.29,0.0021,1,1,packet_loss,redis-cart
1791356707,productcatalog-service,1.94,66.5,10.04,0.0013,1,1,packet_loss,redis-cart
1791356707,redis-cart,0.81,32.77,147.76,0.6693,1,1,packet_loss,redis-cart
1791356710,frontend,3.59,151.7,17.95,0.001,1,1,packet_loss,redis-cart
1791356710,cart-service,0.4,93.73,180.76,0.2592,1,1,packet_loss,redis-cart
1791356710,payment-service,1.46,46.66,9.79,0.0005,1,1,packet_loss,redis-cart
1791356710,productcatalog-service,0.94,65.98,9.77,0.0015,1,1,packet_loss,redis-cart
1791356710,redis-cart,0.68,32.49,187.88,0.6303,1,1,packet_loss,redis-cart
1791356713,frontend,3.37,151.84,17.88,0.001,1,1,packet_loss,redis-cart
1791356713,cart-service,1.38,97.21,191.48,0.3082,1,1,packet_loss,redis-cart
1791356713,payment-service,1.62,45.15,12.42,0.0003,1,1,packet_loss,redis-cart
1791356713,productcatalog-service,1.34,61.27,10.06,0.0012,1,1,packet_loss,redis-cart
1791356713,redis-cart,0.64,31.62,150.63,0.6233,1,1,packet_loss,redis-cart
1791356716,frontend,3.1,142.94,26.1,0.0012,1,1,packet_loss,redis-cart
1791356716,cart-service,2.99,92.73,168.38,0.2609,1,1,packet_loss,redis-cart
1791356716,payment-service,0.4,46.37,12.02,0.0004,1,1,packet_loss,redis-cart
1791356716,productcatalog-service,0.45,62.25,11.22,0.0015,1,1,packet_loss,redis-cart
1791356716,redis-cart,1.16,32.3,201.78,0.5326,1,1,packet_loss,redis-cart
1791356719,frontend,4.21,142.33,16.21,0.0004,1,1,packet_loss,redis-cart
1791356719,cart-service,2.37,96.65,134.62,0.2528,1,1,packet_loss,redis-cart
1791356719,payment-service,1.52,40.92,10.77,0.001,1,1,packet_loss,redis-cart
1791356719,productcatalog-service,1.71,57.89,11.89,0.0013,1,1,packet_loss,redis-cart
1791356719,redis-cart,0.97,31.8,207.51,0.6099,1,1,packet_loss,redis-cart
1791356722,frontend,4.1,145.83,18.76,0.0004,1,1,packet_loss,redis-cart
1791356722,cart-service,1.13,104.46,172.49,0.2445,1,1,packet_loss,redis-cart
1791356722,payment-service,1.5,45.15,12.44,0.0002,1,1,packet_loss,redis-cart
1791356722,productcatalog-service,0.87,60.29,12.99,0.0008,1,1,packet_loss,redis-cart
1791356722,redis-cart,0.5,34.26,174.63,0.7181,1,1,packet_loss,redis-cart
1791356725,frontend,3.57,150.86,20.84,0.0009,1,1,packet_loss,redis-cart
1791356725,cart-service,1.42,99.23,157.39,0.3173,1,1,packet_loss,redis-cart
1791356725,payment-service,2.08,45.01,11.32,0.0008,1,1,packet_loss,redis-cart
1791356725,productcatalog-service,2.37,64.33,16.88,0.0016,1,1,packet_loss,redis-cart
1791356725,redis-cart,0.6,33.12,183.23,0.6636,1,1,packet_loss,redis-cart
1791356728,frontend,4.38,133.91,22.49,0.0004,1,1,packet_loss,redis-cart
1791356728,cart-service,1.94,98.24,174.15,0.2963,1,1,packet_loss,redis-cart
1791356728,payment-service,1.15,46.46,11.64,0.0011,1,1,packet_loss,redis-cart
1791356728,productcatalog-service,1.77,62.09,15.37,0.001,1,1,packet_loss,redis-cart
1791356728,redis-cart,0.4,29.41,180.87,0.5512,1,1,packet_loss,redis-cart
1791356731,frontend,3.7,155.65,19.1,0.0009,1,1,packet_loss,redis-cart
1791356731,cart-service,2.07,94.61,153.07,0.2545,1,1,packet_loss,redis-cart
1791356731,payment-service,1.51,40.66,9.09,0.0016,1,1,packet_loss,redis-cart
1791356731,productcatalog-service,2.15,63.19,21.72,0.0003,1,1,packet_loss,redis-cart
1791356731,redis-cart,0.62,30.07,185.55,0.6508,1,1,packet_loss,redis-cart
1791356734,frontend,2.27,143.83,16.59,0.001,1,0,normal,none
1791356734,cart-service,2.46,92.34,17.99,0.0007,1,0,normal,none
1791356734,payment-service,0.93,39.79,9.74,0.0013,1,0,normal,none
1791356734,productcatalog-service,1.65,73.73,14.42,0.0005,1,0,normal,none
1791356734,redis-cart,0.68,35.82,4.8,0.0007,1,0,normal,none
1791356737,frontend,3.64,155.9,18.68,0.0012,1,0,normal,none
1791356737,cart-service,2.24,89.03,16.11,0.0008,1,0,normal,none
1791356737,payment-service,1.7,43.39,12.62,0.001,1,0,normal,none
1791356737,productcatalog-service,1.99,61.56,5.92,0.0011,1,0,normal,none
1791356737,redis-cart,0.51,31.54,4.41,0.0011,1,0,normal,none
1791356740,frontend,2.47,133.99,21.65,0.0006,1,0,normal,none
1791356740,cart-service,1.57,88.93,18.19,0.0009,1,0,normal,none
1791356740,payment-service,1.23,41.35,11.11,0.0011,1,0,normal,none
1791356740,productcatalog-service,1.98,65.59,11.66,0.0015,1,0,normal,none
1791356740,redis-cart,0.63,35.0,3.03,0.0012,1,0,normal,none
1791356743,frontend,3.84,156.25,25.17,0.0014,1,0,normal,none
1791356743,cart-service,0.65,93.57,16.76,0.0011,1,0,normal,none
1791356743,payment-service,1.62,42.24,9.84,0.0007,1,0,normal,none
1791356743,productcatalog-service,1.96,62.87,13.53,0.0004,1,0,normal,none
1791356743,redis-cart,0.74,30.23,3.36,0.0005,1,0,normal,none
1791356746,frontend,4.95,149.3,27.58,0.0011,1,0,normal,none
1791356746,cart-service,3.08,91.7,19.09,0.0012,1,0,normal,none
1791356746,payment-service,1.69,45.8,12.15,0.0004,1,0,normal,none
1791356746,productcatalog-service,1.6,63.38,18.06,0.0011,1,0,normal,none
1791356746,redis-cart,0.77,33.3,3.22,0.001,1,0,normal,none
1791356749,frontend,3.69,152.89,23.41,0.0013,1,0,normal,none
1791356749,cart-service,1.32,93.75,14.48,0.0013,1,0,normal,none
1791356749,payment-service,1.73,46.89,13.31,0.001,1,0,normal,none
1791356749,productcatalog-service,1.4,61.99,15.36,0.0015,1,0,normal,none
1791356749,redis-cart,0.92,31.93,4.18,0.0016,1,0,normal,none
1791356752,frontend,2.08,150.11,21.4,0.0012,1,0,normal,none
1791356752,cart-service,2.13,97.97,16.57,0.0005,1,0,normal,none
1791356752,payment-service,1.58,45.03,10.47,0.0011,1,0,normal,none
1791356752,productcatalog-service,1.43,62.18,13.7,0.0003,1,0,normal,none
1791356752,redis-cart,1.0,28.27,4.56,0.0007,1,0,normal,none
1791356755,frontend,3.2,150.76,19.04,0.0007,1,0,normal,none
1791356755,cart-service,1.91,94.33,11.72,0.0007,1,0,normal,none
1791356755,payment-service,1.68,42.0,12.08,0.0008,1,0,normal,none
1791356755,productcatalog-service,1.78,59.18,12.53,0.0011,1,0,normal,none
1791356755,redis-cart,1.2,31.1,2.24,0.0009,1,0,normal,none
1791356758,frontend,2.96,150.48,19.9,0.0008,1,0,normal,none
1791356758,cart-service,2.56,93.36,16.39,0.0017,1,0,normal,none
1791356758,payment-service,1.68,45.63,9.77,0.0009,1,0,normal,none
1791356758,productcatalog-service,2.73,59.72,14.66,0.0011,1,0,normal,none
1791356758,redis-cart,1.01,30.77,2.63,0.0009,1,0,normal,none
1791356761,frontend,2.82,145.47,25.09,0.0014,1,0,normal,none
1791356761,cart-service,1.3,88.5,18.24,0.0016,1,0,normal,none
1791356761,payment-service,1.42,44.8,17.5,0.0008,1,0,normal,none
1791356761,productcatalog-service,1.99,65.16,11.92,0.0012,1,0,normal,none
1791356761,redis-cart,0.99,31.58,3.44,0.0012,1,0,normal,none
1791356764,frontend,2.33,137.57,23.15,0.0013,1,0,normal,none
1791356764,cart-service,2.8,94.71,13.66,0.0004,1,0,normal,none
1791356764,payment-service,1.48,45.62,9.57,0.0015,1,0,normal,none
1791356764,productcatalog-service,2.04,61.6,14.63,0.0009,1,0,normal,none
1791356764,redis-cart,0.83,36.83,4.86,0.0009,1,0,normal,none
1791356767,frontend,2.81,147.18,26.49,0.0018,1,0,normal,none
1791356767,cart-service,2.48,89.31,15.86,0.0014,1,0,normal,none
1791356767,payment-service,1.34,46.68,14.12,0.0015,1,0,normal,none
1791356767,productcatalog-service,1.48,62.66,15.27,0.0011,1,0,normal,none
1791356767,redis-cart,0.89,32.21,3.86,0.0012,1,0,normal,none
1791356770,frontend,5.97,142.93,33.13,0.0016,1,0,normal,none
1791356770,cart-service,1.8,100.23,15.51,0.0011,1,0,normal,none
1791356770,payment-service,1.16,42.85,14.76,0.0015,1,0,normal,none
1791356770,productcatalog-service,2.18,67.98,17.88,0.0006,1,0,normal,none
1791356770,redis-cart,0.97,32.66,3.94,0.0003,1,0,normal,none
1791356773,frontend,4.28,144.01,28.06,0.0011,1,0,normal,none
1791356773,cart-service,1.72,107.5,14.98,0.0007,1,0,normal,none
1791356773,payment-service,1.32,43.53,14.19,0.0013,1,0,normal,none
1791356773,productcatalog-service,1.94,58.34,13.69,0.0013,1,0,normal,none
1791356773,redis-cart,0.71,28.75,4.16,0.0,1,0,normal,none
1791356776,frontend,7.22,149.82,218.43,0.4789,1,1,cascade_redis_drop,redis-cart
1791356776,cart-service,4.07,101.95,323.6,0.7664,1,1,cascade_redis_drop,redis-cart
1791356776,payment-service,1.32,44.85,14.79,0.0009,1,1,cascade_redis_drop,redis-cart
1791356776,productcatalog-service,2.3,59.91,14.27,0.0004,1,1,cascade_redis_drop,redis-cart
1791356776,redis-cart,0.0,0.0,0.0,1.0,0,1,cascade_redis_drop,redis-cart
1791356779,frontend,6.49,156.49,216.2,0.451,1,1,cascade_redis_drop,redis-cart
1791356779,cart-service,5.06,99.94,319.95,0.7682,1,1,cascade_redis_drop,redis-cart
1791356779,payment-service,1.61,40.12,12.44,0.0006,1,1,cascade_redis_drop,redis-cart
1791356779,productcatalog-service,1.52,62.02,15.62,0.0009,1,1,cascade_redis_drop,redis-cart
1791356779,redis-cart,0.0,0.0,0.0,1.0,0,1,cascade_redis_drop,redis-cart
1791356782,frontend,5.91,152.7,232.22,0.4227,1,1,cascade_redis_drop,redis-cart
1791356782,cart-service,3.57,107.77,444.06,0.7667,1,1,cascade_redis_drop,redis-cart
1791356782,payment-service,1.24,48.27,11.81,0.0009,1,1,cascade_redis_drop,redis-cart
1791356782,productcatalog-service,2.24,63.1,13.83,0.0009,1,1,cascade_redis_drop,redis-cart
1791356782,redis-cart,0.0,0.0,0.0,1.0,0,1,cascade_redis_drop,redis-cart
1791356785,frontend,6.0,155.83,261.23,0.363,1,1,cascade_redis_drop,redis-cart
1791356785,cart-service,5.05,95.01,450.95,0.8008,1,1,cascade_redis_drop,redis-cart
1791356785,payment-service,1.26,44.34,12.92,0.0011,1,1,cascade_redis_drop,redis-cart
1791356785,productcatalog-service,1.89,63.66,13.09,0.0004,1,1,cascade_redis_drop,redis-cart
1791356785,redis-cart,0.0,0.0,0.0,1.0,0,1,cascade_redis_drop,redis-cart
1791356788,frontend,7.15,154.67,232.47,0.3318,1,1,cascade_redis_drop,redis-cart
1791356788,cart-service,4.79,104.93,367.94,0.8364,1,1,cascade_redis_drop,redis-cart
1791356788,payment-service,0.74,42.22,12.95,0.0009,1,1,cascade_redis_drop,redis-cart
1791356788,productcatalog-service,1.98,60.38,15.79,0.0011,1,1,cascade_redis_drop,redis-cart
1791356788,redis-cart,0.0,0.0,0.0,1.0,0,1,cascade_redis_drop,redis-cart
1791356791,frontend,7.15,149.06,208.03,0.4336,1,1,cascade_redis_drop,redis-cart
1791356791,cart-service,3.32,94.26,256.17,0.92,1,1,cascade_redis_drop,redis-cart
1791356791,payment-service,1.77,42.48,13.32,0.0003,1,1,cascade_redis_drop,redis-cart
1791356791,productcatalog-service,1.5,60.82,11.91,0.0011,1,1,cascade_redis_drop,redis-cart
1791356791,redis-cart,0.0,0.0,0.0,1.0,0,1,cascade_redis_drop,redis-cart
1791356794,frontend,6.37,151.13,263.19,0.5014,1,1,cascade_redis_drop,redis-cart
1791356794,cart-service,3.26,105.27,389.43,0.7928,1,1,cascade_redis_drop,redis-cart
1791356794,payment-service,1.18,42.18,13.54,0.0014,1,1,cascade_redis_drop,redis-cart
1791356794,productcatalog-service,2.17,65.49,10.48,0.0005,1,1,cascade_redis_drop,redis-cart
1791356794,redis-cart,0.0,0.0,0.0,1.0,0,1,cascade_redis_drop,redis-cart
1791356797,frontend,5.61,151.93,271.97,0.5059,1,1,cascade_redis_drop,redis-cart
1791356797,cart-service,3.83,107.54,344.58,0.7786,1,1,cascade_redis_drop,redis-cart
1791356797,payment-service,1.88,46.03,14.14,0.001,1,1,cascade_redis_drop,redis-cart
1791356797,productcatalog-service,1.54,61.99,14.3,0.001,1,1,cascade_redis_drop,redis-cart
1791356797,redis-cart,0.0,0.0,0.0,1.0,0,1,cascade_redis_drop,redis-cart
1791356800,frontend,7.64,159.34,266.96,0.3749,1,1,cascade_redis_drop,redis-cart
1791356800,cart-service,4.9,96.36,302.21,0.7766,1,1,cascade_redis_drop,redis-cart
1791356800,payment-service,1.61,41.82,16.31,0.0005,1,1,cascade_redis_drop,redis-cart
1791356800,productcatalog-service,1.85,60.78,15.13,0.0004,1,1,cascade_redis_drop,redis-cart
1791356800,redis-cart,0.0,0.0,0.0,1.0,0,1,cascade_redis_drop,redis-cart
1791356803,frontend,6.08,161.38,227.87,0.4121,1,1,cascade_redis_drop,redis-cart
1791356803,cart-service,4.39,97.53,355.06,0.7974,1,1,cascade_redis_drop,redis-cart
1791356803,payment-service,1.35,44.52,14.67,0.0013,1,1,cascade_redis_drop,redis-cart
1791356803,productcatalog-service,2.0,57.4,12.54,0.0007,1,1,cascade_redis_drop,redis-cart
1791356803,redis-cart,0.0,0.0,0.0,1.0,0,1,cascade_redis_drop,redis-cart
1791356806,frontend,4.44,134.1,30.21,0.0014,1,0,normal,none
1791356806,cart-service,2.19,85.93,15.03,0.0016,1,0,normal,none
1791356806,payment-service,2.01,43.79,12.01,0.0013,1,0,normal,none
1791356806,productcatalog-service,1.97,59.43,14.83,0.0018,1,0,normal,none
1791356806,redis-cart,0.79,30.74,4.92,0.0011,1,0,normal,none
1791356809,frontend,3.78,138.79,34.69,0.0012,1,0,normal,none
1791356809,cart-service,2.62,94.8,19.32,0.0019,1,0,normal,none
1791356809,payment-service,2.14,41.51,12.15,0.0007,1,0,normal,none
1791356809,productcatalog-service,1.92,62.65,15.17,0.0016,1,0,normal,none
1791356809,redis-cart,0.56,36.31,2.34,0.0006,1,0,normal,none
1791356812,frontend,3.54,137.31,21.82,0.0007,1,0,normal,none
1791356812,cart-service,2.52,89.91,19.95,0.0004,1,0,normal,none
1791356812,payment-service,1.48,44.03,12.54,0.001,1,0,normal,none
1791356812,productcatalog-service,1.92,58.29,14.56,0.0011,1,0,normal,none
1791356812,redis-cart,0.92,30.26,4.96,0.0005,1,0,normal,none
1791356815,frontend,4.57,142.47,25.27,0.0013,1,0,normal,none
1791356815,cart-service,3.81,97.25,21.57,0.0006,1,0,normal,none
1791356815,payment-service,1.9,39.16,13.4,0.0007,1,0,normal,none
1791356815,productcatalog-service,2.07,68.17,13.89,0.0013,1,0,normal,none
1791356815,redis-cart,1.04,32.77,4.27,0.0007,1,0,normal,none
1791356818,frontend,4.23,153.93,31.14,0.0004,1,0,normal,none
1791356818,cart-service,2.28,88.36,21.02,0.0016,1,0,normal,none
1791356818,payment-service,1.39,44.58,12.83,0.0008,1,0,normal,none
1791356818,productcatalog-service,2.15,62.95,16.99,0.0015,1,0,normal,none
1791356818,redis-cart,0.78,31.0,2.84,0.0009,1,0,normal,none
1791356821,frontend,5.81,152.31,22.12,0.0014,1,0,normal,none
1791356821,cart-service,2.87,94.28,17.94,0.0016,1,0,normal,none
1791356821,payment-service,1.24,43.58,12.86,0.0009,1,0,normal,none
1791356821,productcatalog-service,1.03,66.49,14.94,0.0011,1,0,normal,none
1791356821,redis-cart,0.82,31.25,3.27,0.0013,1,0,normal,none
1791356824,frontend,3.43,143.11,21.05,0.001,1,0,normal,none
1791356824,cart-service,3.45,89.33,16.92,0.0,1,0,normal,none
1791356824,payment-service,1.25,46.76,9.35,0.0015,1,0,normal,none
1791356824,productcatalog-service,1.39,62.04,16.74,0.001,1,0,normal,none
1791356824,redis-cart,0.78,29.76,5.64,0.0011,1,0,normal,none
1791356827,frontend,4.02,138.67,27.07,0.0007,1,0,normal,none
1791356827,cart-service,1.15,94.77,22.21,0.0012,1,0,normal,none
1791356827,payment-service,1.35,43.49,15.04,0.0016,1,0,normal,none
1791356827,productcatalog-service,2.08,58.42,16.14,0.001,1,0,normal,none
1791356827,redis-cart,0.7,32.18,4.72,0.001,1,0,normal,none
1791356830,frontend,3.5,150.71,29.18,0.0008,1,0,normal,none
1791356830,cart-service,2.47,89.93,18.72,0.0002,1,0,normal,none
1791356830,payment-service,2.36,42.01,13.68,0.0011,1,0,normal,none
1791356830,productcatalog-service,1.05,61.54,17.27,0.0011,1,0,normal,none
1791356830,redis-cart,0.58,27.65,3.62,0.0012,1,0,normal,none
1791356833,frontend,5.79,142.54,32.12,0.0016,1,0,normal,none
1791356833,cart-service,1.55,89.09,12.33,0.0006,1,0,normal,none
1791356833,payment-service,2.56,44.33,12.21,0.0013,1,0,normal,none
1791356833,productcatalog-service,1.95,63.13,17.11,0.0007,1,0,normal,none
1791356833,redis-cart,1.01,31.84,4.59,0.0,1,0,normal,none
1791356836,frontend,4.59,140.16,28.12,0.0011,1,0,normal,none
1791356836,cart-service,2.58,94.29,18.82,0.0009,1,0,normal,none
1791356836,payment-service,1.76,44.46,13.18,0.0013,1,0,normal,none
1791356836,productcatalog-service,1.39,56.88,18.42,0.0016,1,0,normal,none
1791356836,redis-cart,0.81,30.96,4.01,0.0011,1,0,normal,none
1791356839,frontend,3.88,149.53,27.57,0.0013,1,0,normal,none
1791356839,cart-service,2.13,91.5,21.41,0.0011,1,0,normal,none
1791356839,payment-service,1.83,41.64,11.86,0.0007,1,0,normal,none
1791356839,productcatalog-service,1.78,55.67,16.75,0.0008,1,0,normal,none
1791356839,redis-cart,1.09,29.11,4.18,0.0017,1,0,normal,none
1791356842,frontend,4.51,146.6,22.48,0.0006,1,0,normal,none
1791356842,cart-service,2.11,88.77,19.41,0.0011,1,0,normal,none
1791356842,payment-service,1.87,43.5,13.6,0.0007,1,0,normal,none
1791356842,productcatalog-service,1.48,65.41,13.62,0.0012,1,0,normal,none
1791356842,redis-cart,1.16,33.15,2.17,0.0005,1,0,normal,none
1791356845,frontend,3.74,156.24,29.3,0.0009,1,0,normal,none
1791356845,cart-service,2.55,96.07,18.4,0.0007,1,0,normal,none
1791356845,payment-service,0.99,45.18,13.53,0.0009,1,0,normal,none
1791356845,productcatalog-service,2.28,59.19,13.76,0.001,1,0,normal,none
1791356845,redis-cart,1.38,31.41,4.94,0.0008,1,0,normal,none
1791356848,frontend,4.28,147.52,138.88,0.4148,1,1,pod_failure,payment-service
1791356848,cart-service,1.23,96.66,18.4,0.0014,1,1,pod_failure,payment-service
1791356848,payment-service,0.0,0.0,0.0,1.0,0,1,pod_failure,payment-service
1791356848,productcatalog-service,2.2,67.32,18.07,0.001,1,1,pod_failure,payment-service
1791356848,redis-cart,0.81,29.66,4.85,0.0008,1,1,pod_failure,payment-service
1791356851,frontend,5.16,136.87,160.92,0.5635,1,1,pod_failure,payment-service
1791356851,cart-service,2.34,88.26,20.3,0.0007,1,1,pod_failure,payment-service
1791356851,payment-service,0.0,0.0,0.0,1.0,0,1,pod_failure,payment-service
1791356851,productcatalog-service,1.89,58.49,12.53,0.0017,1,1,pod_failure,payment-service
1791356851,redis-cart,0.56,30.71,4.56,0.0008,1,1,pod_failure,payment-service
1791356854,frontend,4.79,139.63,143.43,0.4913,1,1,pod_failure,payment-service
1791356854,cart-service,2.04,91.63,17.65,0.0011,1,1,pod_failure,payment-service
1791356854,payment-service,0.0,0.0,0.0,1.0,0,1,pod_failure,payment-service
1791356854,productcatalog-service,2.15,64.03,16.72,0.0004,1,1,pod_failure,payment-service
1791356854,redis-cart,0.81,29.9,2.78,0.001,1,1,pod_failure,payment-service
1791356857,frontend,3.64,122.42,138.66,0.4757,1,1,pod_failure,payment-service
1791356857,cart-service,2.65,95.41,20.06,0.001,1,1,pod_failure,payment-service
1791356857,payment-service,0.0,0.0,0.0,1.0,0,1,pod_failure,payment-service
1791356857,productcatalog-service,1.81,67.57,16.35,0.0017,1,1,pod_failure,payment-service
1791356857,redis-cart,0.71,27.05,4.08,0.0007,1,1,pod_failure,payment-service
1791356860,frontend,4.22,137.54,183.93,0.3947,1,1,pod_failure,payment-service
1791356860,cart-service,2.78,89.33,18.65,0.0006,1,1,pod_failure,payment-service
1791356860,payment-service,0.0,0.0,0.0,1.0,0,1,pod_failure,payment-service
1791356860,productcatalog-service,1.71,56.38,15.03,0.0008,1,1,pod_failure,payment-service
1791356860,redis-cart,1.01,30.86,3.76,0.0013,1,1,pod_failure,payment-service
1791356863,frontend,3.66,145.18,155.21,0.4184,1,1,pod_failure,payment-service
1791356863,cart-service,2.61,86.71,19.83,0.0011,1,1,pod_failure,payment-service
1791356863,payment-service,0.0,0.0,0.0,1.0,0,1,pod_failure,payment-service
1791356863,productcatalog-service,2.44,65.33,13.93,0.0012,1,1,pod_failure,payment-service
1791356863,redis-cart,0.93,31.75,3.04,0.0007,1,1,pod_failure,payment-service
1791356866,frontend,3.32,148.77,129.14,0.4162,1,1,pod_failure,payment-service
1791356866,cart-service,2.4,92.61,23.93,0.0006,1,1,pod_failure,payment-service
1791356866,payment-service,0.0,0.0,0.0,1.0,0,1,pod_failure,payment-service
1791356866,productcatalog-service,1.89,59.81,18.85,0.0006,1,1,pod_failure,payment-service
1791356866,redis-cart,0.4,29.61,4.37,0.0009,1,1,pod_failure,payment-service
1791356869,frontend,5.15,152.68,142.74,0.5318,1,1,pod_failure,payment-service
1791356869,cart-service,1.73,96.38,18.18,0.0006,1,1,pod_failure,payment-service
1791356869,payment-service,0.0,0.0,0.0,1.0,0,1,pod_failure,payment-service
1791356869,productcatalog-service,2.29,60.56,13.1,0.0013,1,1,pod_failure,payment-service
1791356869,redis-cart,0.58,32.37,4.02,0.0009,1,1,pod_failure,payment-service
1791356872,frontend,5.08,149.37,134.43,0.4736,1,1,pod_failure,payment-service
1791356872,cart-service,2.99,94.11,17.71,0.0002,1,1,pod_failure,payment-service
1791356872,payment-service,0.0,0.0,0.0,1.0,0,1,pod_failure,payment-service
1791356872,productcatalog-service,2.78,58.75,13.84,0.0012,1,1,pod_failure,payment-service
1791356872,redis-cart,0.92,28.71,4.06,0.0004,1,1,pod_failure,payment-service
1791356875,frontend,4.24,136.92,125.55,0.3634,1,1,pod_failure,payment-service
1791356875,cart-service,2.78,91.03,16.9,0.0008,1,1,pod_failure,payment-service
1791356875,payment-service,0.0,0.0,0.0,1.0,0,1,pod_failure,payment-service
1791356875,productcatalog-service,1.65,63.73,16.59,0.0011,1,1,pod_failure,payment-service
1791356875,redis-cart,0.63,31.87,3.72,0.0011,1,1,pod_failure,payment-service
1791356878,frontend,3.37,138.7,24.6,0.0007,1,0,normal,none
1791356878,cart-service,2.92,95.63,19.27,0.0011,1,0,normal,none
1791356878,payment-service,1.95,38.12,16.06,0.0013,1,0,normal,none
1791356878,productcatalog-service,2.09,66.37,14.08,0.0008,1,0,normal,none
1791356878,redis-cart,1.2,32.77,2.98,0.0011,1,0,normal,none
1791356881,frontend,4.4,156.57,22.69,0.0008,1,0,normal,none
1791356881,cart-service,2.99,90.41,19.48,0.0015,1,0,normal,none
1791356881,payment-service,0.98,43.33,15.66,0.0014,1,0,normal,none
1791356881,productcatalog-service,1.31,62.76,13.63,0.0018,1,0,normal,none
1791356881,redis-cart,0.87,33.3,4.5,0.0009,1,0,normal,none
1791356884,frontend,3.38,155.31,30.68,0.0008,1,0,normal,none
1791356884,cart-service,2.45,89.55,15.72,0.0008,1,0,normal,none
1791356884,payment-service,2.33,45.06,16.54,0.0002,1,0,normal,none
1791356884,productcatalog-service,2.11,55.54,18.09,0.0009,1,0,normal,none
1791356884,redis-cart,1.08,31.21,3.58,0.0021,1,0,normal,none
1791356887,frontend,3.34,145.4,25.43,0.001,1,0,normal,none
1791356887,cart-service,3.95,82.81,18.45,0.0015,1,0,normal,none
1791356887,payment-service,2.03,41.43,15.13,0.001,1,0,normal,none
1791356887,productcatalog-service,1.89,62.3,12.93,0.001,1,0,normal,none
1791356887,redis-cart,0.82,29.87,2.36,0.0016,1,0,normal,none
1791356890,frontend,3.68,152.72,29.95,0.0013,1,0,normal,none
1791356890,cart-service,2.86,87.48,20.44,0.0009,1,0,normal,none
1791356890,payment-service,1.42,44.08,11.61,0.0012,1,0,normal,none
1791356890,productcatalog-service,2.28,60.71,14.32,0.0015,1,0,normal,none
1791356890,redis-cart,1.24,30.41,3.1,0.0004,1,0,normal,none
1791356893,frontend,4.4,141.08,24.02,0.0012,1,0,normal,none
1791356893,cart-service,2.46,95.86,22.9,0.0012,1,0,normal,none
1791356893,payment-service,1.12,40.06,13.29,0.0003,1,0,normal,none
1791356893,productcatalog-service,2.06,61.32,18.57,0.0009,1,0,normal,none
1791356893,redis-cart,1.06,34.78,5.02,0.0007,1,0,normal,none
1791356896,frontend,3.67,146.95,25.78,0.0019,1,0,normal,none
1791356896,cart-service,1.39,96.79,16.6,0.0015,1,0,normal,none
1791356896,payment-service,1.26,44.27,13.26,0.0011,1,0,normal,none
1791356896,productcatalog-service,2.5,65.52,16.36,0.0012,1,0,normal,none
1791356896,redis-cart,1.36,32.64,3.27,0.0011,1,0,normal,none
1791356899,frontend,4.31,152.51,24.27,0.0013,1,0,normal,none
1791356899,cart-service,1.91,96.77,16.79,0.0011,1,0,normal,none
1791356899,payment-service,1.53,44.92,10.62,0.0014,1,0,normal,none
1791356899,productcatalog-service,1.55,63.6,16.05,0.0013,1,0,normal,none
1791356899,redis-cart,1.05,27.36,5.54,0.0012,1,0,normal,none
1791356902,frontend,3.85,148.45,28.43,0.001,1,0,normal,none
1791356902,cart-service,2.48,94.35,16.08,0.0004,1,0,normal,none
1791356902,payment-service,1.11,41.16,12.1,0.0016,1,0,normal,none
1791356902,productcatalog-service,1.96,64.94,17.62,0.0011,1,0,normal,none
1791356902,redis-cart,0.58,30.87,4.25,0.0012,1,0,normal,none
1791356905,frontend,4.72,150.72,27.41,0.0014,1,0,normal,none
1791356905,cart-service,1.62,92.15,14.81,0.0006,1,0,normal,none
1791356905,payment-service,1.62,43.77,14.44,0.0009,1,0,normal,none
1791356905,productcatalog-service,2.34,60.43,19.26,0.0012,1,0,normal,none
1791356905,redis-cart,1.1,31.69,2.7,0.0002,1,0,normal,none
1791356908,frontend,4.44,141.96,23.95,0.0009,1,0,normal,none
1791356908,cart-service,2.9,94.6,17.74,0.001,1,0,normal,none
1791356908,payment-service,1.59,45.29,13.89,0.0001,1,0,normal,none
1791356908,productcatalog-service,2.38,67.29,11.68,0.0017,1,0,normal,none
1791356908,redis-cart,1.12,31.8,5.26,0.0004,1,0,normal,none
1791356911,frontend,6.23,133.52,28.14,0.0005,1,0,normal,none
1791356911,cart-service,2.28,96.06,18.11,0.0007,1,0,normal,none
1791356911,payment-service,1.92,51.05,13.53,0.0015,1,0,normal,none
1791356911,productcatalog-service,1.45,60.16,12.51,0.0008,1,0,normal,none
1791356911,redis-cart,0.7,28.43,3.51,0.0013,1,0,normal,none
1791356914,frontend,5.13,145.56,31.02,0.0012,1,0,normal,none
1791356914,cart-service,1.1,97.91,12.8,0.0013,1,0,normal,none
1791356914,payment-service,1.62,45.76,17.28,0.001,1,0,normal,none
1791356914,productcatalog-service,1.19,62.88,12.25,0.0009,1,0,normal,none
1791356914,redis-cart,1.15,33.94,4.01,0.0005,1,0,normal,none
1791356917,frontend,4.46,150.82,33.19,0.0006,1,0,normal,none
1791356917,cart-service,2.65,96.54,15.73,0.0013,1,0,normal,none
1791356917,payment-service,2.01,43.11,9.98,0.0009,1,0,normal,none
1791356917,productcatalog-service,2.11,62.93,14.55,0.0013,1,0,normal,none
1791356917,redis-cart,0.42,34.57,2.85,0.0016,1,0,normal,none
1791356920,frontend,4.29,147.1,27.68,0.001,1,1,cpu_stress,productcatalog-service
1791356920,cart-service,2.02,95.02,13.34,0.0009,1,1,cpu_stress,productcatalog-service
1791356920,payment-service,1.57,44.73,11.81,0.0019,1,1,cpu_stress,productcatalog-service
1791356920,productcatalog-service,95.51,89.39,63.94,0.0313,1,1,cpu_stress,productcatalog-service
1791356920,redis-cart,0.89,30.56,4.21,0.0016,1,1,cpu_stress,productcatalog-service
1791356923,frontend,4.41,146.55,21.31,0.0007,1,1,cpu_stress,productcatalog-service
1791356923,cart-service,3.3,93.24,22.78,0.0012,1,1,cpu_stress,productcatalog-service
1791356923,payment-service,1.41,46.35,9.22,0.0013,1,1,cpu_stress,productcatalog-service
1791356923,productcatalog-service,93.9,82.76,61.09,0.031,1,1,cpu_stress,productcatalog-service
1791356923,redis-cart,1.09,31.87,4.8,0.0007,1,1,cpu_stress,productcatalog-service
1791356926,frontend,4.86,142.94,24.25,0.0003,1,1,cpu_stress,productcatalog-service
1791356926,cart-service,2.81,93.99,16.44,0.0,1,1,cpu_stress,productcatalog-service
1791356926,payment-service,0.86,44.75,11.23,0.0006,1,1,cpu_stress,productcatalog-service
1791356926,productcatalog-service,95.44,81.84,45.83,0.0512,1,1,cpu_stress,productcatalog-service
1791356926,redis-cart,0.65,30.84,4.04,0.0013,1,1,cpu_stress,productcatalog-service
1791356929,frontend,3.82,142.62,24.15,0.0009,1,1,cpu_stress,productcatalog-service
1791356929,cart-service,2.06,88.87,15.24,0.0007,1,1,cpu_stress,productcatalog-service
1791356929,payment-service,1.31,46.61,11.81,0.0016,1,1,cpu_stress,productcatalog-service
1791356929,productcatalog-service,93.38,81.37,55.53,0.0346,1,1,cpu_stress,productcatalog-service
1791356929,redis-cart,0.91,31.84,4.36,0.0014,1,1,cpu_stress,productcatalog-service
1791356932,frontend,4.53,144.19,24.56,0.0009,1,1,cpu_stress,productcatalog-service
1791356932,cart-service,3.13,90.36,17.9,0.0011,1,1,cpu_stress,productcatalog-service
1791356932,payment-service,1.28,46.71,12.17,0.0,1,1,cpu_stress,productcatalog-service
1791356932,productcatalog-service,93.0,88.3,57.92,0.0291,1,1,cpu_stress,productcatalog-service
1791356932,redis-cart,0.53,32.8,4.09,0.0005,1,1,cpu_stress,productcatalog-service
1791356935,frontend,3.52,140.69,23.69,0.0007,1,1,cpu_stress,productcatalog-service
1791356935,cart-service,1.76,89.28,15.78,0.0003,1,1,cpu_stress,productcatalog-service
1791356935,payment-service,1.43,48.05,14.27,0.0012,1,1,cpu_stress,productcatalog-service
1791356935,productcatalog-service,93.86,84.16,49.15,0.0405,1,1,cpu_stress,productcatalog-service
1791356935,redis-cart,1.21,30.63,4.67,0.0009,1,1,cpu_stress,productcatalog-service
1791356938,frontend,2.92,144.05,20.53,0.0006,1,1,cpu_stress,productcatalog-service
1791356938,cart-service,1.32,96.6,17.01,0.0009,1,1,cpu_stress,productcatalog-service
1791356938,payment-service,1.04,41.22,13.56,0.0007,1,1,cpu_stress,productcatalog-service
1791356938,productcatalog-service,92.37,83.87,55.06,0.0319,1,1,cpu_stress,productcatalog-service
1791356938,redis-cart,0.75,30.99,5.27,0.0011,1,1,cpu_stress,productcatalog-service
1791356941,frontend,5.11,150.01,24.06,0.0014,1,1,cpu_stress,productcatalog-service
1791356941,cart-service,2.4,90.85,16.49,0.0003,1,1,cpu_stress,productcatalog-service
1791356941,payment-service,0.74,40.91,12.01,0.0012,1,1,cpu_stress,productcatalog-service
1791356941,productcatalog-service,92.14,89.63,55.78,0.0382,1,1,cpu_stress,productcatalog-service
1791356941,redis-cart,1.15,30.47,4.44,0.0008,1,1,cpu_stress,productcatalog-service
1791356944,frontend,3.73,140.26,23.83,0.001,1,1,cpu_stress,productcatalog-service
1791356944,cart-service,2.4,98.1,15.57,0.0007,1,1,cpu_stress,productcatalog-service
1791356944,payment-service,1.11,44.85,11.55,0.0009,1,1,cpu_stress,productcatalog-service
1791356944,productcatalog-service,90.75,91.26,49.19,0.0272,1,1,cpu_stress,productcatalog-service
1791356944,redis-cart,0.94,34.44,3.19,0.0006,1,1,cpu_stress,productcatalog-service
1791356947,frontend,4.43,141.1,22.24,0.0001,1,1,cpu_stress,productcatalog-service
1791356947,cart-service,2.54,91.67,13.98,0.0011,1,1,cpu_stress,productcatalog-service
1791356947,payment-service,0.87,45.29,13.36,0.001,1,1,cpu_stress,productcatalog-service
1791356947,productcatalog-service,96.41,89.85,52.92,0.0318,1,1,cpu_stress,productcatalog-service
1791356947,redis-cart,0.48,30.69,3.2,0.0011,1,1,cpu_stress,productcatalog-service
1791356950,frontend,4.21,150.55,21.03,0.0011,1,0,normal,none
1791356950,cart-service,2.27,91.1,18.22,0.0016,1,0,normal,none
1791356950,payment-service,1.52,42.99,13.31,0.0006,1,0,normal,none
1791356950,productcatalog-service,2.28,64.85,11.58,0.0011,1,0,normal,none
1791356950,redis-cart,1.18,35.1,3.37,0.0014,1,0,normal,none
1791356953,frontend,4.9,146.99,27.29,0.0012,1,0,normal,none
1791356953,cart-service,1.8,91.59,11.36,0.0006,1,0,normal,none
1791356953,payment-service,2.05,43.45,9.47,0.0012,1,0,normal,none
1791356953,productcatalog-service,1.94,64.19,13.31,0.0018,1,0,normal,none
1791356953,redis-cart,0.44,32.89,2.74,0.0007,1,0,normal,none
1791356956,frontend,4.72,146.74,23.35,0.0013,1,0,normal,none
1791356956,cart-service,2.3,91.59,12.97,0.0006,1,0,normal,none
1791356956,payment-service,2.0,44.98,8.65,0.0008,1,0,normal,none
1791356956,productcatalog-service,1.6,59.32,11.92,0.001,1,0,normal,none
1791356956,redis-cart,0.68,32.35,4.68,0.0003,1,0,normal,none
1791356959,frontend,3.51,146.5,22.42,0.0008,1,0,normal,none
1791356959,cart-service,2.14,92.41,21.26,0.0011,1,0,normal,none
1791356959,payment-service,1.1,44.78,10.37,0.0006,1,0,normal,none
1791356959,productcatalog-service,1.14,64.8,12.53,0.0012,1,0,normal,none
1791356959,redis-cart,0.62,29.03,2.47,0.0014,1,0,normal,none
1791356962,frontend,3.78,136.67,25.02,0.0014,1,0,normal,none
1791356962,cart-service,2.26,92.25,19.92,0.0016,1,0,normal,none
1791356962,payment-service,0.99,47.42,9.28,0.0013,1,0,normal,none
1791356962,productcatalog-service,2.11,61.4,15.08,0.0007,1,0,normal,none
1791356962,redis-cart,0.76,30.82,3.59,0.0013,1,0,normal,none
1791356965,frontend,3.79,144.16,27.43,0.0012,1,0,normal,none
1791356965,cart-service,3.28,87.91,16.31,0.0013,1,0,normal,none
1791356965,payment-service,1.31,45.37,9.93,0.0007,1,0,normal,none
1791356965,productcatalog-service,1.63,63.47,11.8,0.0009,1,0,normal,none
1791356965,redis-cart,0.67,34.3,3.52,0.0013,1,0,normal,none
1791356968,frontend,2.81,147.68,23.15,0.0009,1,0,normal,none
1791356968,cart-service,2.29,97.13,16.35,0.0016,1,0,normal,none
1791356968,payment-service,0.9,43.91,12.74,0.0011,1,0,normal,none
1791356968,productcatalog-service,2.5,59.89,14.92,0.0016,1,0,normal,none
1791356968,redis-cart,0.63,32.13,3.28,0.0012,1,0,normal,none
1791356971,frontend,5.4,143.96,24.11,0.0008,1,0,normal,none
1791356971,cart-service,1.78,102.29,17.65,0.0012,1,0,normal,none
1791356971,payment-service,1.2,43.09,12.35,0.0013,1,0,normal,none
1791356971,productcatalog-service,2.02,62.67,13.08,0.0008,1,0,normal,none
1791356971,redis-cart,0.99,30.5,3.87,0.0013,1,0,normal,none
1791356974,frontend,3.07,149.05,24.25,0.0011,1,0,normal,none
1791356974,cart-service,2.43,95.62,13.33,0.0012,1,0,normal,none
1791356974,payment-service,1.04,42.97,11.35,0.001,1,0,normal,none
1791356974,productcatalog-service,2.96,65.95,9.33,0.0003,1,0,normal,none
1791356974,redis-cart,0.78,33.5,4.46,0.001,1,0,normal,none
1791356977,frontend,3.67,135.49,21.56,0.0016,1,0,normal,none
1791356977,cart-service,2.67,99.45,20.1,0.0009,1,0,normal,none
1791356977,payment-service,1.05,44.54,9.39,0.0008,1,0,normal,none
1791356977,productcatalog-service,1.64,58.3,14.59,0.0017,1,0,normal,none
1791356977,redis-cart,0.66,35.49,3.5,0.001,1,0,normal,none
1791356980,frontend,2.07,157.19,26.55,0.0007,1,0,normal,none
1791356980,cart-service,2.48,96.13,11.88,0.0015,1,0,normal,none
1791356980,payment-service,1.14,45.85,10.36,0.0005,1,0,normal,none
1791356980,productcatalog-service,2.08,61.57,12.98,0.0016,1,0,normal,none
1791356980,redis-cart,0.66,32.26,3.63,0.0013,1,0,normal,none
1791356983,frontend,3.42,133.91,25.16,0.0004,1,0,normal,none
1791356983,cart-service,1.85,97.02,15.66,0.0011,1,0,normal,none
1791356983,payment-service,1.26,42.54,10.02,0.0009,1,0,normal,none
1791356983,productcatalog-service,1.77,59.16,11.54,0.0002,1,0,normal,none
1791356983,redis-cart,0.86,31.91,2.52,0.0009,1,0,normal,none
1791356986,frontend,4.74,151.56,26.74,0.0011,1,0,normal,none
1791356986,cart-service,1.2,89.45,17.41,0.0009,1,0,normal,none
1791356986,payment-service,1.28,47.09,12.79,0.0009,1,0,normal,none
1791356986,productcatalog-service,0.93,67.9,14.5,0.0009,1,0,normal,none
1791356986,redis-cart,0.74,32.07,2.06,0.0009,1,0,normal,none
1791356989,frontend,2.4,155.74,16.7,0.001,1,0,normal,none
1791356989,cart-service,2.38,95.71,15.12,0.0009,1,0,normal,none
1791356989,payment-service,1.26,43.3,13.65,0.0016,1,0,normal,none
1791356989,productcatalog-service,2.43,60.55,14.81,0.0005,1,0,normal,none
1791356989,redis-cart,0.4,33.05,3.43,0.0012,1,0,normal,none
1791356992,frontend,3.18,143.88,25.32,0.0008,1,1,network_latency,redis-cart
1791356992,cart-service,0.82,97.98,298.64,0.0244,1,1,network_latency,redis-cart
1791356992,payment-service,1.44,43.79,10.46,0.0012,1,1,network_latency,redis-cart
1791356992,productcatalog-service,1.61,67.83,15.47,0.0013,1,1,network_latency,redis-cart
1791356992,redis-cart,0.4,30.64,970.22,0.0248,1,1,network_latency,redis-cart
1791356995,frontend,3.72,141.88,20.27,0.0013,1,1,network_latency,redis-cart
1791356995,cart-service,1.37,96.42,390.83,0.0332,1,1,network_latency,redis-cart
1791356995,payment-service,1.89,42.18,9.92,0.0008,1,1,network_latency,redis-cart
1791356995,productcatalog-service,2.2,63.98,10.78,0.0008,1,1,network_latency,redis-cart
1791356995,redis-cart,1.04,33.05,971.14,0.0203,1,1,network_latency,redis-cart
1791356998,frontend,3.25,138.0,23.88,0.0013,1,1,network_latency,redis-cart
1791356998,cart-service,2.95,96.52,292.29,0.0444,1,1,network_latency,redis-cart
1791356998,payment-service,1.01,42.13,10.85,0.0011,1,1,network_latency,redis-cart
1791356998,productcatalog-service,1.17,62.36,11.3,0.0014,1,1,network_latency,redis-cart
1791356998,redis-cart,0.4,33.05,964.8,0.018,1,1,network_latency,redis-cart
1791357001,frontend,3.52,146.74,20.47,0.0016,1,1,network_latency,redis-cart
1791357001,cart-service,3.4,95.48,363.71,0.0205,1,1,network_latency,redis-cart
1791357001,payment-service,1.45,45.13,5.79,0.0011,1,1,network_latency,redis-cart
1791357001,productcatalog-service,1.44,61.21,13.71,0.0004,1,1,network_latency,redis-cart
1791357001,redis-cart,0.81,35.54,819.63,0.0167,1,1,network_latency,redis-cart
1791357004,frontend,2.57,148.84,15.79,0.0011,1,1,network_latency,redis-cart
1791357004,cart-service,1.57,95.89,336.54,0.0404,1,1,network_latency,redis-cart
1791357004,payment-service,0.95,46.99,9.47,0.0013,1,1,network_latency,redis-cart
1791357004,productcatalog-service,1.76,68.25,15.15,0.0012,1,1,network_latency,redis-cart
1791357004,redis-cart,0.65,32.92,937.5,0.0266,1,1,network_latency,redis-cart
1791357007,frontend,2.92,151.06,28.73,0.0001,1,1,network_latency,redis-cart
1791357007,cart-service,1.19,99.85,316.86,0.0413,1,1,network_latency,redis-cart
1791357007,payment-service,1.23,40.36,8.28,0.0013,1,1,network_latency,redis-cart
1791357007,productcatalog-service,1.7,62.04,10.26,0.0011,1,1,network_latency,redis-cart
1791357007,redis-cart,0.75,33.81,1023.62,0.0227,1,1,network_latency,redis-cart
1791357010,frontend,2.58,145.17,25.62,0.0011,1,1,network_latency,redis-cart
1791357010,cart-service,2.08,98.78,355.35,0.0342,1,1,network_latency,redis-cart
1791357010,payment-service,0.47,44.28,7.0,0.0013,1,1,network_latency,redis-cart
1791357010,productcatalog-service,2.36,64.61,9.48,0.0007,1,1,network_latency,redis-cart
1791357010,redis-cart,0.84,34.83,804.95,0.0171,1,1,network_latency,redis-cart
1791357013,frontend,4.52,144.08,20.69,0.0016,1,1,network_latency,redis-cart
1791357013,cart-service,2.09,91.98,317.82,0.0389,1,1,network_latency,redis-cart
1791357013,payment-service,1.63,44.89,17.11,0.0007,1,1,network_latency,redis-cart
1791357013,productcatalog-service,1.02,62.82,10.72,0.001,1,1,network_latency,redis-cart
1791357013,redis-cart,0.78,31.6,853.32,0.0173,1,1,network_latency,redis-cart
1791357016,frontend,2.59,146.72,17.14,0.0006,1,1,network_latency,redis-cart
1791357016,cart-service,3.18,95.35,331.94,0.039,1,1,network_latency,redis-cart
1791357016,payment-service,0.68,43.18,8.63,0.0016,1,1,network_latency,redis-cart
1791357016,productcatalog-service,2.49,62.01,14.3,0.0002,1,1,network_latency,redis-cart
1791357016,redis-cart,0.75,31.28,780.0,0.0195,1,1,network_latency,redis-cart
1791357019,frontend,2.84,149.44,23.04,0.0012,1,1,network_latency,redis-cart
1791357019,cart-service,1.75,107.66,299.57,0.0435,1,1,network_latency,redis-cart
1791357019,payment-service,1.64,46.21,12.37,0.0012,1,1,network_latency,redis-cart
1791357019,productcatalog-service,1.07,65.68,11.27,0.0007,1,1,network_latency,redis-cart
1791357019,redis-cart,0.88,34.05,842.78,0.0186,1,1,network_latency,redis-cart
1791357022,frontend,3.45,144.91,20.92,0.0012,1,0,normal,none
1791357022,cart-service,2.19,96.94,16.41,0.0014,1,0,normal,none
1791357022,payment-service,1.3,43.63,11.11,0.0008,1,0,normal,none
1791357022,productcatalog-service,1.47,64.2,14.16,0.0012,1,0,normal,none
1791357022,redis-cart,0.47,32.28,3.05,0.0006,1,0,normal,none
1791357025,frontend,4.64,154.1,19.89,0.0008,1,0,normal,none
1791357025,cart-service,1.19,91.4,18.01,0.0,1,0,normal,none
1791357025,payment-service,1.09,47.04,10.4,0.0008,1,0,normal,none
1791357025,productcatalog-service,0.9,69.0,10.47,0.0008,1,0,normal,none
1791357025,redis-cart,0.41,34.65,2.63,0.0008,1,0,normal,none
1791357028,frontend,2.85,157.72,22.82,0.0008,1,0,normal,none
1791357028,cart-service,2.67,100.51,13.79,0.001,1,0,normal,none
1791357028,payment-service,1.46,44.55,10.65,0.0016,1,0,normal,none
1791357028,productcatalog-service,1.75,64.93,11.91,0.0004,1,0,normal,none
1791357028,redis-cart,0.83,35.66,3.45,0.0008,1,0,normal,none
1791357031,frontend,3.11,148.59,23.21,0.0006,1,0,normal,none
1791357031,cart-service,1.37,97.08,13.53,0.0014,1,0,normal,none
1791357031,payment-service,0.76,43.36,6.98,0.0011,1,0,normal,none
1791357031,productcatalog-service,1.63,60.45,6.16,0.001,1,0,normal,none
1791357031,redis-cart,0.43,33.47,3.31,0.0015,1,0,normal,none
1791357034,frontend,3.5,140.64,18.66,0.0007,1,0,normal,none
1791357034,cart-service,2.43,95.35,14.6,0.0014,1,0,normal,none
1791357034,payment-service,1.71,44.3,13.23,0.0014,1,0,normal,none
1791357034,productcatalog-service,1.05,60.91,13.11,0.0012,1,0,normal,none
1791357034,redis-cart,0.99,32.85,2.72,0.0004,1,0,normal,none
1791357037,frontend,5.06,157.49,20.35,0.0009,1,0,normal,none
1791357037,cart-service,2.17,93.37,16.99,0.0007,1,0,normal,none
1791357037,payment-service,1.36,44.12,12.98,0.0011,1,0,normal,none
1791357037,productcatalog-service,1.63,63.58,12.71,0.0009,1,0,normal,none
1791357037,redis-cart,1.06,33.64,2.52,0.0013,1,0,normal,none
1791357040,frontend,3.51,153.06,15.82,0.0004,1,0,normal,none
1791357040,cart-service,2.05,99.71,15.49,0.0013,1,0,normal,none
1791357040,payment-service,1.44,43.45,10.58,0.0021,1,0,normal,none
1791357040,productcatalog-service,2.48,68.77,14.66,0.0008,1,0,normal,none
1791357040,redis-cart,0.77,34.18,2.31,0.0006,1,0,normal,none
1791357043,frontend,3.55,145.41,24.82,0.0,1,0,normal,none
1791357043,cart-service,2.16,97.75,14.15,0.0011,1,0,normal,none
1791357043,payment-service,0.79,48.65,14.18,0.0014,1,0,normal,none
1791357043,productcatalog-service,2.22,71.95,10.31,0.0017,1,0,normal,none
1791357043,redis-cart,0.4,33.3,3.26,0.0005,1,0,normal,none
1791357046,frontend,3.64,139.85,15.83,0.0011,1,0,normal,none
1791357046,cart-service,2.44,98.63,15.96,0.001,1,0,normal,none
1791357046,payment-service,0.71,45.01,11.08,0.0012,1,0,normal,none
1791357046,productcatalog-service,1.77,65.19,12.2,0.0013,1,0,normal,none
1791357046,redis-cart,0.4,32.16,4.22,0.0005,1,0,normal,none
1791357049,frontend,3.01,148.35,19.65,0.0015,1,0,normal,none
1791357049,cart-service,2.25,91.94,8.92,0.0012,1,0,normal,none
1791357049,payment-service,1.21,46.36,9.14,0.0005,1,0,normal,none
1791357049,productcatalog-service,1.75,61.84,13.17,0.0018,1,0,normal,none
1791357049,redis-cart,0.65,34.33,3.88,0.0002,1,0,normal,none
1791357052,frontend,3.63,146.45,19.65,0.0005,1,0,normal,none
1791357052,cart-service,2.38,96.27,13.35,0.0008,1,0,normal,none
1791357052,payment-service,1.59,48.91,11.91,0.0007,1,0,normal,none
1791357052,productcatalog-service,1.89,68.05,15.92,0.0015,1,0,normal,none
1791357052,redis-cart,0.65,32.88,3.98,0.0006,1,0,normal,none
1791357055,frontend,2.98,146.32,16.88,0.0005,1,0,normal,none
1791357055,cart-service,2.88,99.52,14.68,0.0006,1,0,normal,none
1791357055,payment-service,0.42,44.11,11.29,0.001,1,0,normal,none
1791357055,productcatalog-service,1.51,62.39,10.83,0.0006,1,0,normal,none
1791357055,redis-cart,1.04,31.84,3.42,0.0006,1,0,normal,none
1791357058,frontend,2.98,147.23,22.75,0.0011,1,0,normal,none
1791357058,cart-service,0.96,94.41,14.59,0.0009,1,0,normal,none
1791357058,payment-service,1.32,46.14,9.71,0.0014,1,0,normal,none
1791357058,productcatalog-service,1.47,67.62,11.52,0.0004,1,0,normal,none
1791357058,redis-cart,0.48,33.08,3.64,0.0008,1,0,normal,none
1791357061,frontend,4.06,152.58,23.59,0.0017,1,0,normal,none
1791357061,cart-service,2.61,93.37,13.96,0.0004,1,0,normal,none
1791357061,payment-service,1.33,43.58,10.59,0.0009,1,0,normal,none
1791357061,productcatalog-service,0.57,68.67,10.53,0.0012,1,0,normal,none
1791357061,redis-cart,0.72,31.73,3.39,0.001,1,0,normal,none
1791357064,frontend,6.41,307.36,38.35,0.0155,1,1,memory_leak,frontend
1791357064,cart-service,2.2,94.33,17.77,0.0013,1,1,memory_leak,frontend
1791357064,payment-service,0.85,44.57,12.99,0.0004,1,1,memory_leak,frontend
1791357064,productcatalog-service,1.79,63.94,16.07,0.0016,1,1,memory_leak,frontend
1791357064,redis-cart,0.77,35.06,2.74,0.0015,1,1,memory_leak,frontend
1791357067,frontend,6.16,332.06,38.65,0.0056,1,1,memory_leak,frontend
1791357067,cart-service,2.4,87.7,14.38,0.0004,1,1,memory_leak,frontend
1791357067,payment-service,2.24,51.95,8.16,0.0015,1,1,memory_leak,frontend
1791357067,productcatalog-service,2.06,68.41,16.94,0.0011,1,1,memory_leak,frontend
1791357067,redis-cart,1.04,33.4,2.01,0.0008,1,1,memory_leak,frontend
1791357070,frontend,6.18,353.4,42.77,0.0158,1,1,memory_leak,frontend
1791357070,cart-service,2.31,99.19,13.14,0.001,1,1,memory_leak,frontend
1791357070,payment-service,1.88,43.3,9.32,0.0003,1,1,memory_leak,frontend
1791357070,productcatalog-service,1.85,65.64,13.13,0.0005,1,1,memory_leak,frontend
1791357070,redis-cart,0.6,36.53,2.19,0.0013,1,1,memory_leak,frontend
1791357073,frontend,5.39,363.38,38.3,0.0068,1,1,memory_leak,frontend
1791357073,cart-service,2.65,96.1,14.61,0.0013,1,1,memory_leak,frontend
1791357073,payment-service,1.07,47.42,12.03,0.0008,1,1,memory_leak,frontend
1791357073,productcatalog-service,2.51,63.38,10.18,0.001,1,1,memory_leak,frontend
1791357073,redis-cart,0.55,35.08,3.51,0.0007,1,1,memory_leak,frontend
1791357076,frontend,6.49,380.79,35.88,0.0123,1,1,memory_leak,frontend
1791357076,cart-service,2.01,95.65,10.4,0.0004,1,1,memory_leak,frontend
1791357076,payment-service,0.56,46.37,8.16,0.0013,1,1,memory_leak,frontend
1791357076,productcatalog-service,0.75,66.99,14.75,0.0012,1,1,memory_leak,frontend
1791357076,redis-cart,1.05,34.38,3.79,0.0011,1,1,memory_leak,frontend
1791357079,frontend,8.05,409.18,42.25,0.0136,1,1,memory_leak,frontend
1791357079,cart-service,1.87,100.01,16.02,0.0003,1,1,memory_leak,frontend
1791357079,payment-service,1.45,42.08,14.19,0.0018,1,1,memory_leak,frontend
1791357079,productcatalog-service,1.54,68.48,9.66,0.0011,1,1,memory_leak,frontend
1791357079,redis-cart,0.53,34.51,2.65,0.001,1,1,memory_leak,frontend
1791357082,frontend,7.27,427.56,41.0,0.0062,1,1,memory_leak,frontend
1791357082,cart-service,2.22,87.83,15.72,0.0012,1,1,memory_leak,frontend
1791357082,payment-service,1.02,44.54,10.55,0.0011,1,1,memory_leak,frontend
1791357082,productcatalog-service,1.4,66.56,13.07,0.0009,1,1,memory_leak,frontend
1791357082,redis-cart,0.82,28.52,3.13,0.0009,1,1,memory_leak,frontend
1791357085,frontend,5.79,446.28,42.74,0.0106,1,1,memory_leak,frontend
1791357085,cart-service,2.15,95.46,15.24,0.0007,1,1,memory_leak,frontend
1791357085,payment-service,0.45,49.03,11.03,0.0007,1,1,memory_leak,frontend
1791357085,productcatalog-service,1.51,55.69,13.39,0.001,1,1,memory_leak,frontend
1791357085,redis-cart,0.71,31.76,3.31,0.0014,1,1,memory_leak,frontend
1791357088,frontend,6.38,464.75,36.68,0.0146,1,1,memory_leak,frontend
1791357088,cart-service,0.95,93.91,15.81,0.001,1,1,memory_leak,frontend
1791357088,payment-service,0.93,47.1,10.37,0.0,1,1,memory_leak,frontend
1791357088,productcatalog-service,1.9,63.85,12.32,0.0021,1,1,memory_leak,frontend
1791357088,redis-cart,0.58,33.87,4.65,0.0009,1,1,memory_leak,frontend
1791357091,frontend,6.45,485.8,46.14,0.0119,1,1,memory_leak,frontend
1791357091,cart-service,2.64,94.74,17.2,0.0007,1,1,memory_leak,frontend
1791357091,payment-service,1.35,44.26,13.69,0.0005,1,1,memory_leak,frontend
1791357091,productcatalog-service,1.84,62.74,11.54,0.0013,1,1,memory_leak,frontend
1791357091,redis-cart,0.7,30.43,2.98,0.0007,1,1,memory_leak,frontend
1791357094,frontend,2.56,139.97,26.93,0.0011,1,0,normal,none
1791357094,cart-service,1.7,96.71,17.42,0.001,1,0,normal,none
1791357094,payment-service,0.4,44.34,11.24,0.0005,1,0,normal,none
1791357094,productcatalog-service,1.12,60.3,11.28,0.0014,1,0,normal,none
1791357094,redis-cart,1.56,33.29,4.8,0.0012,1,0,normal,none
1791357097,frontend,3.49,149.73,34.95,0.0012,1,0,normal,none
1791357097,cart-service,1.07,101.94,17.62,0.0003,1,0,normal,none
1791357097,payment-service,1.24,43.55,8.52,0.0005,1,0,normal,none
1791357097,productcatalog-service,1.41,63.21,14.43,0.0009,1,0,normal,none
1791357097,redis-cart,0.69,35.98,3.12,0.002,1,0,normal,none
1791357100,frontend,2.89,151.01,28.06,0.0008,1,0,normal,none
1791357100,cart-service,2.71,105.06,15.64,0.0012,1,0,normal,none
1791357100,payment-service,1.89,39.78,8.79,0.0011,1,0,normal,none
1791357100,productcatalog-service,1.72,65.98,13.03,0.0011,1,0,normal,none
1791357100,redis-cart,0.57,31.05,3.34,0.0012,1,0,normal,none
1791357103,frontend,3.47,152.09,33.52,0.0008,1,0,normal,none
1791357103,cart-service,2.7,100.48,17.69,0.0009,1,0,normal,none
1791357103,payment-service,1.89,44.98,9.25,0.0008,1,0,normal,none
1791357103,productcatalog-service,1.56,64.1,10.51,0.0014,1,0,normal,none
1791357103,redis-cart,0.4,32.44,3.98,0.0008,1,0,normal,none
1791357106,frontend,3.77,154.15,20.09,0.0011,1,0,normal,none
1791357106,cart-service,2.08,93.23,16.55,0.0009,1,0,normal,none
1791357106,payment-service,0.47,43.17,10.43,0.0014,1,0,normal,none
1791357106,productcatalog-service,1.82,64.49,12.53,0.001,1,0,normal,none
1791357106,redis-cart,0.74,36.88,4.24,0.0005,1,0,normal,none
1791357109,frontend,2.74,156.62,19.62,0.0018,1,0,normal,none
1791357109,cart-service,1.98,95.09,14.95,0.0008,1,0,normal,none
1791357109,payment-service,0.96,50.39,14.01,0.0012,1,0,normal,none
1791357109,productcatalog-service,2.37,65.56,11.64,0.0005,1,0,normal,none
1791357109,redis-cart,0.85,32.19,3.23,0.0012,1,0,normal,none
1791357112,frontend,3.87,140.72,18.67,0.0009,1,0,normal,none
1791357112,cart-service,1.8,93.1,14.54,0.0011,1,0,normal,none
1791357112,payment-service,0.72,46.13,8.49,0.0014,1,0,normal,none
1791357112,productcatalog-service,2.13,68.96,14.29,0.0009,1,0,normal,none
1791357112,redis-cart,0.73,34.26,2.97,0.001,1,0,normal,none
1791357115,frontend,3.29,153.08,21.76,0.0008,1,0,normal,none
1791357115,cart-service,1.47,103.19,17.84,0.001,1,0,normal,none
1791357115,payment-service,1.44,46.4,11.04,0.0009,1,0,normal,none
1791357115,productcatalog-service,1.84,67.7,16.76,0.001,1,0,normal,none
1791357115,redis-cart,0.96,33.89,4.22,0.0013,1,0,normal,none
1791357118,frontend,3.26,156.25,21.32,0.0012,1,0,normal,none
1791357118,cart-service,2.23,99.13,18.39,0.0004,1,0,normal,none
1791357118,payment-service,1.07,42.08,9.36,0.0012,1,0,normal,none
1791357118,productcatalog-service,0.94,64.8,13.68,0.0008,1,0,normal,none
1791357118,redis-cart,0.91,34.37,4.31,0.0006,1,0,normal,none
1791357121,frontend,3.53,158.94,28.53,0.0017,1,0,normal,none
1791357121,cart-service,1.88,99.3,17.24,0.0007,1,0,normal,none
1791357121,payment-service,1.23,46.12,11.59,0.0017,1,0,normal,none
1791357121,productcatalog-service,1.26,66.11,13.13,0.0012,1,0,normal,none
1791357121,redis-cart,1.09,33.48,5.43,0.0012,1,0,normal,none
1791357124,frontend,3.74,150.38,21.24,0.0015,1,0,normal,none
1791357124,cart-service,3.05,101.36,18.56,0.0008,1,0,normal,none
1791357124,payment-service,1.64,46.1,9.11,0.0012,1,0,normal,none
1791357124,productcatalog-service,1.41,64.52,14.68,0.0009,1,0,normal,none
1791357124,redis-cart,1.1,35.98,5.97,0.0008,1,0,normal,none
1791357127,frontend,2.56,146.16,29.94,0.0011,1,0,normal,none
1791357127,cart-service,2.62,104.05,14.88,0.001,1,0,normal,none
1791357127,payment-service,1.22,44.88,10.89,0.0008,1,0,normal,none
1791357127,productcatalog-service,1.57,65.71,13.17,0.0012,1,0,normal,none
1791357127,redis-cart,0.6,34.45,3.76,0.0008,1,0,normal,none
1791357130,frontend,4.29,151.98,23.57,0.0012,1,0,normal,none
1791357130,cart-service,2.44,93.26,19.28,0.0009,1,0,normal,none
1791357130,payment-service,1.69,45.17,13.28,0.0006,1,0,normal,none
1791357130,productcatalog-service,1.37,72.67,15.85,0.0005,1,0,normal,none
1791357130,redis-cart,0.95,34.57,3.33,0.0004,1,0,normal,none
1791357133,frontend,3.44,156.64,28.33,0.0009,1,0,normal,none
1791357133,cart-service,1.38,94.84,17.24,0.0006,1,0,normal,none
1791357133,payment-service,1.49,45.9,11.21,0.0014,1,0,normal,none
1791357133,productcatalog-service,0.78,70.81,9.49,0.0018,1,0,normal,none
1791357133,redis-cart,0.8,36.3,3.0,0.0004,1,0,normal,none
1791357136,frontend,2.61,146.97,199.68,0.2601,1,1,packet_loss,cart-service
1791357136,cart-service,1.4,102.82,189.53,0.6114,1,1,packet_loss,cart-service
1791357136,payment-service,0.95,51.56,9.0,0.0012,1,1,packet_loss,cart-service
1791357136,productcatalog-service,2.0,64.56,15.31,0.0017,1,1,packet_loss,cart-service
1791357136,redis-cart,1.0,33.42,2.47,0.0012,1,1,packet_loss,cart-service
1791357139,frontend,4.9,153.95,172.44,0.3224,1,1,packet_loss,cart-service
1791357139,cart-service,1.97,94.09,197.51,0.614,1,1,packet_loss,cart-service
1791357139,payment-service,1.34,41.4,15.52,0.0014,1,1,packet_loss,cart-service
1791357139,productcatalog-service,2.53,68.91,15.75,0.0009,1,1,packet_loss,cart-service
1791357139,redis-cart,0.55,33.37,4.51,0.0005,1,1,packet_loss,cart-service
1791357142,frontend,2.69,159.28,169.81,0.2723,1,1,packet_loss,cart-service
1791357142,cart-service,1.17,101.5,135.13,0.6479,1,1,packet_loss,cart-service
1791357142,payment-service,1.77,42.64,13.05,0.0013,1,1,packet_loss,cart-service
1791357142,productcatalog-service,2.42,65.29,12.85,0.0014,1,1,packet_loss,cart-service
1791357142,redis-cart,0.59,32.28,2.36,0.0011,1,1,packet_loss,cart-service
1791357145,frontend,3.94,169.3,197.91,0.3444,1,1,packet_loss,cart-service
1791357145,cart-service,2.78,99.3,197.37,0.5255,1,1,packet_loss,cart-service
1791357145,payment-service,0.78,45.27,11.01,0.0009,1,1,packet_loss,cart-service
1791357145,productcatalog-service,2.52,69.33,11.87,0.0011,1,1,packet_loss,cart-service
1791357145,redis-cart,0.48,34.16,3.41,0.0016,1,1,packet_loss,cart-service
1791357148,frontend,4.06,160.0,197.16,0.2898,1,1,packet_loss,cart-service
1791357148,cart-service,2.47,101.87,180.79,0.7258,1,1,packet_loss,cart-service
1791357148,payment-service,1.34,47.33,9.42,0.0013,1,1,packet_loss,cart-service
1791357148,productcatalog-service,1.37,63.39,14.1,0.001,1,1,packet_loss,cart-service
1791357148,redis-cart,0.82,35.02,3.99,0.0018,1,1,packet_loss,cart-service
1791357151,frontend,4.6,144.99,179.99,0.2315,1,1,packet_loss,cart-service
1791357151,cart-service,2.24,103.45,232.48,0.7265,1,1,packet_loss,cart-service
1791357151,payment-service,1.8,38.48,11.35,0.001,1,1,packet_loss,cart-service
1791357151,productcatalog-service,1.88,61.7,15.19,0.0012,1,1,packet_loss,cart-service
1791357151,redis-cart,0.93,34.57,4.54,0.0016,1,1,packet_loss,cart-service
1791357154,frontend,4.35,155.55,188.27,0.3118,1,1,packet_loss,cart-service
1791357154,cart-service,2.34,96.21,180.88,0.6191,1,1,packet_loss,cart-service
1791357154,payment-service,1.63,46.85,11.64,0.0009,1,1,packet_loss,cart-service
1791357154,productcatalog-service,1.69,64.9,16.02,0.0011,1,1,packet_loss,cart-service
1791357154,redis-cart,0.78,32.25,3.31,0.0002,1,1,packet_loss,cart-service
1791357157,frontend,3.74,151.16,201.51,0.3133,1,1,packet_loss,cart-service
1791357157,cart-service,1.8,89.69,130.81,0.7034,1,1,packet_loss,cart-service
1791357157,payment-service,1.37,44.42,8.5,0.0008,1,1,packet_loss,cart-service
1791357157,productcatalog-service,0.99,74.41,11.45,0.0004,1,1,packet_loss,cart-service
1791357157,redis-cart,0.75,35.26,4.13,0.0006,1,1,packet_loss,cart-service
1791357160,frontend,2.22,156.94,185.44,0.2527,1,1,packet_loss,cart-service
1791357160,cart-service,2.72,102.11,153.45,0.6463,1,1,packet_loss,cart-service
1791357160,payment-service,1.37,46.11,12.79,0.001,1,1,packet_loss,cart-service
1791357160,productcatalog-service,2.16,66.21,14.99,0.001,1,1,packet_loss,cart-service
1791357160,redis-cart,0.97,32.84,2.59,0.0008,1,1,packet_loss,cart-service
1791357163,frontend,4.07,148.36,183.01,0.2766,1,1,packet_loss,cart-service
1791357163,cart-service,2.39,103.96,218.75,0.6752,1,1,packet_loss,cart-service
1791357163,payment-service,1.1,47.81,11.8,0.0014,1,1,packet_loss,cart-service
1791357163,productcatalog-service,1.42,70.45,13.8,0.001,1,1,packet_loss,cart-service
1791357163,redis-cart,0.86,32.11,3.64,0.0002,1,1,packet_loss,cart-service
1791357166,frontend,3.75,152.04,23.9,0.0011,1,0,normal,none
1791357166,cart-service,3.06,98.56,16.92,0.0008,1,0,normal,none
1791357166,payment-service,1.79,47.24,12.29,0.001,1,0,normal,none
1791357166,productcatalog-service,1.84,67.7,12.56,0.0012,1,0,normal,none
1791357166,redis-cart,0.82,31.67,3.01,0.0014,1,0,normal,none
1791357169,frontend,4.89,153.89,22.06,0.0009,1,0,normal,none
1791357169,cart-service,1.86,93.89,17.45,0.0012,1,0,normal,none
1791357169,payment-service,2.17,44.62,10.79,0.0006,1,0,normal,none
1791357169,productcatalog-service,1.11,66.71,17.5,0.0007,1,0,normal,none
1791357169,redis-cart,0.78,35.86,4.08,0.0011,1,0,normal,none
1791357172,frontend,3.83,143.39,35.5,0.0016,1,0,normal,none
1791357172,cart-service,2.83,100.57,19.97,0.0008,1,0,normal,none
1791357172,payment-service,1.85,47.55,13.09,0.0006,1,0,normal,none
1791357172,productcatalog-service,2.43,59.68,13.54,0.0009,1,0,normal,none
1791357172,redis-cart,0.53,33.12,4.34,0.0003,1,0,normal,none
1791357175,frontend,3.85,149.58,27.99,0.0013,1,0,normal,none
1791357175,cart-service,2.56,97.53,19.94,0.0013,1,0,normal,none
1791357175,payment-service,1.26,49.74,7.77,0.0017,1,0,normal,none
1791357175,productcatalog-service,1.85,61.79,16.71,0.0012,1,0,normal,none
1791357175,redis-cart,0.94,32.95,3.95,0.0015,1,0,normal,none
1791357178,frontend,5.78,153.74,26.88,0.0013,1,0,normal,none
1791357178,cart-service,1.97,102.45,17.26,0.0009,1,0,normal,none
1791357178,payment-service,2.05,42.05,12.37,0.0009,1,0,normal,none
1791357178,productcatalog-service,2.82,66.5,16.26,0.0005,1,0,normal,none
1791357178,redis-cart,0.79,36.54,3.18,0.0008,1,0,normal,none
1791357181,frontend,4.96,147.4,31.89,0.0012,1,0,normal,none
1791357181,cart-service,2.56,98.47,17.31,0.0013,1,0,normal,none
1791357181,payment-service,1.54,42.36,11.61,0.0011,1,0,normal,none
1791357181,productcatalog-service,2.23,63.6,14.64,0.0017,1,0,normal,none
1791357181,redis-cart,0.89,30.25,3.67,0.0005,1,0,normal,none
1791357184,frontend,4.15,146.17,31.61,0.0006,1,0,normal,none
1791357184,cart-service,2.7,98.31,16.54,0.0015,1,0,normal,none
1791357184,payment-service,1.1,49.27,12.44,0.0009,1,0,normal,none
1791357184,productcatalog-service,2.58,66.91,18.18,0.0009,1,0,normal,none
1791357184,redis-cart,0.95,37.59,4.4,0.001,1,0,normal,none
1791357187,frontend,4.98,152.26,32.15,0.0007,1,0,normal,none
1791357187,cart-service,2.21,92.01,19.55,0.0006,1,0,normal,none
1791357187,payment-service,1.74,42.32,13.35,0.0012,1,0,normal,none
1791357187,productcatalog-service,2.79,66.31,10.59,0.0004,1,0,normal,none
1791357187,redis-cart,1.43,30.17,5.03,0.0011,1,0,normal,none
1791357190,frontend,3.11,150.36,31.58,0.0006,1,0,normal,none
1791357190,cart-service,2.92,94.93,18.63,0.0012,1,0,normal,none
1791357190,payment-service,1.16,48.58,15.89,0.0006,1,0,normal,none
1791357190,productcatalog-service,1.89,68.56,13.93,0.0007,1,0,normal,none
1791357190,redis-cart,0.71,30.85,4.21,0.0012,1,0,normal,none
1791357193,frontend,4.01,153.34,32.87,0.001,1,0,normal,none
1791357193,cart-service,1.62,98.4,17.74,0.0006,1,0,normal,none
1791357193,payment-service,1.12,46.01,13.08,0.0014,1,0,normal,none
1791357193,productcatalog-service,3.83,64.11,12.68,0.0009,1,0,normal,none
1791357193,redis-cart,0.6,33.69,4.54,0.0003,1,0,normal,none
1791357196,frontend,4.26,154.4,35.99,0.0012,1,0,normal,none
1791357196,cart-service,1.18,97.59,19.33,0.001,1,0,normal,none
1791357196,payment-service,1.55,43.04,12.51,0.0007,1,0,normal,none
1791357196,productcatalog-service,2.0,64.16,16.96,0.0012,1,0,normal,none
1791357196,redis-cart,1.23,34.41,4.67,0.0003,1,0,normal,none
1791357199,frontend,2.72,151.9,31.49,0.0005,1,0,normal,none
1791357199,cart-service,2.12,97.46,21.1,0.0011,1,0,normal,none
1791357199,payment-service,1.43,43.85,12.21,0.0008,1,0,normal,none
1791357199,productcatalog-service,2.18,71.87,18.14,0.0009,1,0,normal,none
1791357199,redis-cart,1.02,33.3,4.78,0.0012,1,0,normal,none
1791357202,frontend,5.64,155.75,28.59,0.0014,1,0,normal,none
1791357202,cart-service,2.34,90.68,18.75,0.0013,1,0,normal,none
1791357202,payment-service,1.7,47.0,12.24,0.0006,1,0,normal,none
1791357202,productcatalog-service,2.14,60.73,13.48,0.001,1,0,normal,none
1791357202,redis-cart,0.99,33.67,4.07,0.0015,1,0,normal,none
1791357205,frontend,4.1,152.57,21.6,0.001,1,0,normal,none
1791357205,cart-service,2.13,100.33,19.27,0.0013,1,0,normal,none
1791357205,payment-service,2.26,42.95,13.76,0.0011,1,0,normal,none
1791357205,productcatalog-service,1.81,69.53,17.74,0.0008,1,0,normal,none
1791357205,redis-cart,0.44,30.11,4.02,0.0012,1,0,normal,none
1791357208,frontend,7.16,164.88,208.74,0.4619,1,1,cascade_redis_drop,redis-cart
1791357208,cart-service,3.7,106.89,341.81,0.8072,1,1,cascade_redis_drop,redis-cart
1791357208,payment-service,1.86,43.99,15.28,0.001,1,1,cascade_redis_drop,redis-cart
1791357208,productcatalog-service,1.73,63.63,18.03,0.0015,1,1,cascade_redis_drop,redis-cart
1791357208,redis-cart,0.0,0.0,0.0,1.0,0,1,cascade_redis_drop,redis-cart
1791357211,frontend,7.08,160.45,269.45,0.4494,1,1,cascade_redis_drop,redis-cart
1791357211,cart-service,3.56,110.99,378.65,0.8029,1,1,cascade_redis_drop,redis-cart
1791357211,payment-service,1.29,47.11,11.01,0.001,1,1,cascade_redis_drop,redis-cart
1791357211,productcatalog-service,2.3,65.69,15.21,0.0011,1,1,cascade_redis_drop,redis-cart
1791357211,redis-cart,0.0,0.0,0.0,1.0,0,1,cascade_redis_drop,redis-cart
1791357214,frontend,5.4,164.01,209.46,0.4038,1,1,cascade_redis_drop,redis-cart
1791357214,cart-service,4.38,111.6,309.23,0.8165,1,1,cascade_redis_drop,redis-cart
1791357214,payment-service,2.39,44.08,15.62,0.0014,1,1,cascade_redis_drop,redis-cart
1791357214,productcatalog-service,2.23,64.93,17.54,0.0009,1,1,cascade_redis_drop,redis-cart
1791357214,redis-cart,0.0,0.0,0.0,1.0,0,1,cascade_redis_drop,redis-cart
1791357217,frontend,6.26,161.67,199.8,0.415,1,1,cascade_redis_drop,redis-cart
1791357217,cart-service,4.45,106.8,398.13,0.7987,1,1,cascade_redis_drop,redis-cart
1791357217,payment-service,2.06,48.42,14.2,0.0007,1,1,cascade_redis_drop,redis-cart
1791357217,productcatalog-service,1.96,60.99,16.57,0.0014,1,1,cascade_redis_drop,redis-cart
1791357217,redis-cart,0.0,0.0,0.0,1.0,0,1,cascade_redis_drop,redis-cart
1791357220,frontend,6.27,156.78,220.39,0.4406,1,1,cascade_redis_drop,redis-cart
1791357220,cart-service,4.78,104.47,352.1,0.7763,1,1,cascade_redis_drop,redis-cart
1791357220,payment-service,1.19,42.83,13.22,0.0006,1,1,cascade_redis_drop,redis-cart
1791357220,productcatalog-service,2.35,63.94,17.02,0.0008,1,1,cascade_redis_drop,redis-cart
1791357220,redis-cart,0.0,0.0,0.0,1.0,0,1,cascade_redis_drop,redis-cart
1791357223,frontend,6.77,160.84,211.63,0.423,1,1,cascade_redis_drop,redis-cart
1791357223,cart-service,4.59,105.38,281.71,0.7714,1,1,cascade_redis_drop,redis-cart
1791357223,payment-service,1.9,43.24,14.14,0.0012,1,1,cascade_redis_drop,redis-cart
1791357223,productcatalog-service,2.04,61.25,14.72,0.0013,1,1,cascade_redis_drop,redis-cart
1791357223,redis-cart,0.0,0.0,0.0,1.0,0,1,cascade_redis_drop,redis-cart
1791357226,frontend,6.33,154.36,228.28,0.4476,1,1,cascade_redis_drop,redis-cart
1791357226,cart-service,3.32,112.33,353.4,0.7012,1,1,cascade_redis_drop,redis-cart
1791357226,payment-service,1.46,49.55,12.72,0.0013,1,1,cascade_redis_drop,redis-cart
1791357226,productcatalog-service,2.45,62.91,16.61,0.0007,1,1,cascade_redis_drop,redis-cart
1791357226,redis-cart,0.0,0.0,0.0,1.0,0,1,cascade_redis_drop,redis-cart
1791357229,frontend,5.82,157.7,252.14,0.3735,1,1,cascade_redis_drop,redis-cart
1791357229,cart-service,4.61,101.2,329.7,0.68,1,1,cascade_redis_drop,redis-cart
1791357229,payment-service,1.29,44.71,10.31,0.0005,1,1,cascade_redis_drop,redis-cart
1791357229,productcatalog-service,1.26,65.16,11.96,0.0011,1,1,cascade_redis_drop,redis-cart
1791357229,redis-cart,0.0,0.0,0.0,1.0,0,1,cascade_redis_drop,redis-cart
1791357232,frontend,5.83,158.02,212.25,0.3875,1,1,cascade_redis_drop,redis-cart
1791357232,cart-service,5.84,105.21,366.0,0.8165,1,1,cascade_redis_drop,redis-cart
1791357232,payment-service,0.4,42.09,16.39,0.0012,1,1,cascade_redis_drop,redis-cart
1791357232,productcatalog-service,1.96,65.81,16.07,0.0007,1,1,cascade_redis_drop,redis-cart
1791357232,redis-cart,0.0,0.0,0.0,1.0,0,1,cascade_redis_drop,redis-cart
1791357235,frontend,6.68,151.23,188.28,0.393,1,1,cascade_redis_drop,redis-cart
1791357235,cart-service,3.23,107.84,387.18,0.7823,1,1,cascade_redis_drop,redis-cart
1791357235,payment-service,1.55,44.56,14.04,0.0009,1,1,cascade_redis_drop,redis-cart
1791357235,productcatalog-service,1.98,60.37,16.15,0.0004,1,1,cascade_redis_drop,redis-cart
1791357235,redis-cart,0.0,0.0,0.0,1.0,0,1,cascade_redis_drop,redis-cart
1791357238,frontend,3.62,145.83,28.81,0.0014,1,0,normal,none
1791357238,cart-service,1.72,94.64,17.2,0.0017,1,0,normal,none
1791357238,payment-service,1.58,44.2,13.24,0.0007,1,0,normal,none
1791357238,productcatalog-service,1.98,64.01,18.31,0.001,1,0,normal,none
1791357238,redis-cart,0.9,35.1,3.48,0.0008,1,0,normal,none
1791357241,frontend,5.72,146.83,22.19,0.0009,1,0,normal,none
1791357241,cart-service,1.96,98.63,20.23,0.0011,1,0,normal,none
1791357241,payment-service,1.46,48.88,11.94,0.0008,1,0,normal,none
1791357241,productcatalog-service,2.2,71.51,19.9,0.0012,1,0,normal,none
1791357241,redis-cart,0.56,32.13,4.21,0.0007,1,0,normal,none
1791357244,frontend,6.77,147.33,25.21,0.0009,1,0,normal,none
1791357244,cart-service,2.46,99.02,18.77,0.0019,1,0,normal,none
1791357244,payment-service,1.12,49.68,14.47,0.0011,1,0,normal,none
1791357244,productcatalog-service,2.31,61.68,15.08,0.0009,1,0,normal,none
1791357244,redis-cart,1.22,32.64,3.7,0.0014,1,0,normal,none
1791357247,frontend,4.95,154.52,27.45,0.0008,1,0,normal,none
1791357247,cart-service,2.12,99.15,13.47,0.0006,1,0,normal,none
1791357247,payment-service,2.05,45.97,11.46,0.0004,1,0,normal,none
1791357247,productcatalog-service,2.1,68.43,14.43,0.0007,1,0,normal,none
1791357247,redis-cart,0.93,30.3,3.0,0.0008,1,0,normal,none
1791357250,frontend,4.7,149.8,26.67,0.0004,1,0,normal,none
1791357250,cart-service,2.48,99.79,17.69,0.0009,1,0,normal,none
1791357250,payment-service,1.3,44.24,15.86,0.0006,1,0,normal,none
1791357250,productcatalog-service,1.22,64.47,13.5,0.0009,1,0,normal,none
1791357250,redis-cart,0.47,33.77,4.08,0.0008,1,0,normal,none
1791357253,frontend,2.25,153.44,35.88,0.0008,1,0,normal,none
1791357253,cart-service,2.87,91.45,18.65,0.0014,1,0,normal,none
1791357253,payment-service,1.5,45.23,13.14,0.0005,1,0,normal,none
1791357253,productcatalog-service,1.43,64.67,13.96,0.001,1,0,normal,none
1791357253,redis-cart,0.8,33.97,2.69,0.0011,1,0,normal,none
1791357256,frontend,5.79,153.58,31.01,0.0012,1,0,normal,none
1791357256,cart-service,2.35,100.22,23.27,0.0011,1,0,normal,none
1791357256,payment-service,1.95,48.15,11.87,0.001,1,0,normal,none
1791357256,productcatalog-service,1.66,62.5,17.56,0.0013,1,0,normal,none
1791357256,redis-cart,1.13,33.08,3.83,0.0015,1,0,normal,none
1791357259,frontend,4.77,146.72,29.56,0.0003,1,0,normal,none
1791357259,cart-service,1.95,88.23,17.43,0.0009,1,0,normal,none
1791357259,payment-service,2.0,42.73,12.37,0.0016,1,0,normal,none
1791357259,productcatalog-service,1.75,65.24,14.54,0.0015,1,0,normal,none
1791357259,redis-cart,0.94,35.12,4.06,0.0013,1,0,normal,none
1791357262,frontend,4.29,160.86,23.06,0.0009,1,0,normal,none
1791357262,cart-service,2.64,102.51,18.48,0.0006,1,0,normal,none
1791357262,payment-service,1.64,43.28,10.68,0.001,1,0,normal,none
1791357262,productcatalog-service,1.99,67.46,14.14,0.0014,1,0,normal,none
1791357262,redis-cart,0.51,31.53,3.89,0.001,1,0,normal,none
1791357265,frontend,5.11,161.59,31.12,0.0007,1,0,normal,none
1791357265,cart-service,1.81,100.71,17.99,0.0016,1,0,normal,none
1791357265,payment-service,1.86,42.24,13.78,0.0007,1,0,normal,none
1791357265,productcatalog-service,1.43,68.28,15.17,0.0003,1,0,normal,none
1791357265,redis-cart,0.56,33.11,4.94,0.0018,1,0,normal,none
1791357268,frontend,4.24,155.02,26.79,0.0009,1,0,normal,none
1791357268,cart-service,1.99,102.7,18.23,0.0003,1,0,normal,none
1791357268,payment-service,1.53,44.81,15.24,0.0008,1,0,normal,none
1791357268,productcatalog-service,1.59,60.19,15.45,0.0006,1,0,normal,none
1791357268,redis-cart,0.73,32.54,2.83,0.0004,1,0,normal,none
1791357271,frontend,4.49,143.87,30.67,0.0005,1,0,normal,none
1791357271,cart-service,3.14,102.26,15.19,0.0008,1,0,normal,none
1791357271,payment-service,1.33,49.28,15.69,0.001,1,0,normal,none
1791357271,productcatalog-service,1.84,65.04,17.63,0.0011,1,0,normal,none
1791357271,redis-cart,1.37,29.69,5.47,0.0012,1,0,normal,none
1791357274,frontend,3.17,148.5,25.26,0.0009,1,0,normal,none
1791357274,cart-service,2.69,98.64,14.21,0.0014,1,0,normal,none
1791357274,payment-service,1.88,46.88,10.16,0.001,1,0,normal,none
1791357274,productcatalog-service,1.81,62.69,13.67,0.0011,1,0,normal,none
1791357274,redis-cart,0.92,32.86,3.28,0.001,1,0,normal,none
1791357277,frontend,4.86,157.86,27.05,0.0006,1,0,normal,none
1791357277,cart-service,2.14,98.71,13.66,0.0013,1,0,normal,none
1791357277,payment-service,1.8,43.17,13.4,0.001,1,0,normal,none
1791357277,productcatalog-service,1.54,65.07,15.73,0.0011,1,0,normal,none
1791357277,redis-cart,0.91,33.98,3.59,0.0013,1,0,normal,none
1791357280,frontend,4.59,149.14,26.97,0.0011,1,1,pod_failure,redis-cart
1791357280,cart-service,1.94,98.73,150.8,0.4687,1,1,pod_failure,redis-cart
1791357280,payment-service,2.4,47.13,13.23,0.0009,1,1,pod_failure,redis-cart
1791357280,productcatalog-service,2.07,63.59,18.43,0.0,1,1,pod_failure,redis-cart
1791357280,redis-cart,0.0,0.0,0.0,1.0,0,1,pod_failure,redis-cart
1791357283,frontend,4.11,148.24,24.15,0.0011,1,1,pod_failure,redis-cart
1791357283,cart-service,3.67,98.28,118.49,0.4263,1,1,pod_failure,redis-cart
1791357283,payment-service,1.84,45.2,12.77,0.0015,1,1,pod_failure,redis-cart
1791357283,productcatalog-service,1.62,60.21,18.8,0.0006,1,1,pod_failure,redis-cart
1791357283,redis-cart,0.0,0.0,0.0,1.0,0,1,pod_failure,redis-cart
1791357286,frontend,4.85,144.69,25.8,0.0009,1,1,pod_failure,redis-cart
1791357286,cart-service,2.86,98.35,125.26,0.493,1,1,pod_failure,redis-cart
1791357286,payment-service,1.73,48.19,10.87,0.0018,1,1,pod_failure,redis-cart
1791357286,productcatalog-service,2.31,66.78,13.27,0.0011,1,1,pod_failure,redis-cart
1791357286,redis-cart,0.0,0.0,0.0,1.0,0,1,pod_failure,redis-cart
1791357289,frontend,4.3,150.32,28.51,0.0007,1,1,pod_failure,redis-cart
1791357289,cart-service,0.7,95.58,118.62,0.4354,1,1,pod_failure,redis-cart
1791357289,payment-service,0.94,41.33,12.39,0.0015,1,1,pod_failure,redis-cart
1791357289,productcatalog-service,2.29,62.85,16.22,0.001,1,1,pod_failure,redis-cart
1791357289,redis-cart,0.0,0.0,0.0,1.0,0,1,pod_failure,redis-cart
1791357292,frontend,4.72,147.71,25.4,0.0004,1,1,pod_failure,redis-cart
1791357292,cart-service,1.93,102.19,120.97,0.4066,1,1,pod_failure,redis-cart
1791357292,payment-service,1.63,43.48,8.81,0.0014,1,1,pod_failure,redis-cart
1791357292,productcatalog-service,2.23,61.92,14.54,0.001,1,1,pod_failure,redis-cart
1791357292,redis-cart,0.0,0.0,0.0,1.0,0,1,pod_failure,redis-cart
1791357295,frontend,3.43,152.51,25.94,0.0012,1,1,pod_failure,redis-cart
1791357295,cart-service,2.7,106.5,140.25,0.3161,1,1,pod_failure,redis-cart
1791357295,payment-service,1.42,42.9,9.66,0.0014,1,1,pod_failure,redis-cart
1791357295,productcatalog-service,2.18,63.61,13.52,0.0008,1,1,pod_failure,redis-cart
1791357295,redis-cart,0.0,0.0,0.0,1.0,0,1,pod_failure,redis-cart
1791357298,frontend,4.91,153.13,29.28,0.0014,1,1,pod_failure,redis-cart
1791357298,cart-service,1.19,98.65,163.91,0.4169,1,1,pod_failure,redis-cart
1791357298,payment-service,1.13,48.85,13.38,0.0009,1,1,pod_failure,redis-cart
1791357298,productcatalog-service,1.72,58.31,13.5,0.0013,1,1,pod_failure,redis-cart
1791357298,redis-cart,0.0,0.0,0.0,1.0,0,1,pod_failure,redis-cart
1791357301,frontend,3.4,149.42,21.4,0.0012,1,1,pod_failure,redis-cart
1791357301,cart-service,2.42,94.65,120.89,0.4747,1,1,pod_failure,redis-cart
1791357301,payment-service,1.77,41.29,12.09,0.001,1,1,pod_failure,redis-cart
1791357301,productcatalog-service,2.12,63.3,14.53,0.0014,1,1,pod_failure,redis-cart
1791357301,redis-cart,0.0,0.0,0.0,1.0,0,1,pod_failure,redis-cart
1791357304,frontend,2.91,151.43,23.51,0.001,1,1,pod_failure,redis-cart
1791357304,cart-service,1.3,92.78,120.22,0.4055,1,1,pod_failure,redis-cart
1791357304,payment-service,1.16,45.73,12.31,0.0004,1,1,pod_failure,redis-cart
1791357304,productcatalog-service,2.4,65.16,15.77,0.0006,1,1,pod_failure,redis-cart
1791357304,redis-cart,0.0,0.0,0.0,1.0,0,1,pod_failure,redis-cart
1791357307,frontend,4.12,146.73,25.26,0.0011,1,1,pod_failure,redis-cart
1791357307,cart-service,2.83,95.84,163.37,0.4383,1,1,pod_failure,redis-cart
1791357307,payment-service,1.94,42.8,14.7,0.0009,1,1,pod_failure,redis-cart
1791357307,productcatalog-service,1.94,66.95,16.1,0.0005,1,1,pod_failure,redis-cart
1791357307,redis-cart,0.0,0.0,0.0,1.0,0,1,pod_failure,redis-cart
1791357310,frontend,2.97,138.89,13.17,0.0006,1,0,normal,none
1791357310,cart-service,1.94,97.78,14.2,0.0014,1,0,normal,none
1791357310,payment-service,1.54,47.86,14.99,0.0002,1,0,normal,none
1791357310,productcatalog-service,1.75,63.92,15.99,0.0007,1,0,normal,none
1791357310,redis-cart,0.95,28.43,3.64,0.0008,1,0,normal,none
1791357313,frontend,4.32,143.43,28.63,0.0012,1,0,normal,none
1791357313,cart-service,1.53,98.08,15.07,0.0013,1,0,normal,none
1791357313,payment-service,1.72,50.22,9.92,0.0009,1,0,normal,none
1791357313,productcatalog-service,2.03,66.48,15.5,0.0006,1,0,normal,none
1791357313,redis-cart,0.73,30.48,3.12,0.0013,1,0,normal,none
1791357316,frontend,4.59,152.58,23.26,0.0004,1,0,normal,none
1791357316,cart-service,2.51,108.13,15.15,0.0004,1,0,normal,none
1791357316,payment-service,0.76,42.65,11.65,0.0003,1,0,normal,none
1791357316,productcatalog-service,2.04,67.57,13.07,0.0015,1,0,normal,none
1791357316,redis-cart,1.02,33.91,3.73,0.0006,1,0,normal,none
1791357319,frontend,3.78,144.0,21.48,0.0011,1,0,normal,none
1791357319,cart-service,1.09,85.5,16.83,0.0008,1,0,normal,none
1791357319,payment-service,1.35,45.59,14.71,0.0011,1,0,normal,none
1791357319,productcatalog-service,2.02,64.52,12.75,0.0008,1,0,normal,none
1791357319,redis-cart,1.02,32.88,3.03,0.0018,1,0,normal,none
1791357322,frontend,3.54,139.04,21.58,0.0013,1,0,normal,none
1791357322,cart-service,1.95,97.75,16.37,0.0008,1,0,normal,none
1791357322,payment-service,1.2,43.88,11.34,0.0014,1,0,normal,none
1791357322,productcatalog-service,2.11,61.2,12.14,0.001,1,0,normal,none
1791357322,redis-cart,0.59,29.95,3.91,0.0015,1,0,normal,none
1791357325,frontend,3.42,152.62,23.22,0.0007,1,0,normal,none
1791357325,cart-service,2.41,90.75,15.83,0.0017,1,0,normal,none
1791357325,payment-service,0.4,44.39,9.53,0.0012,1,0,normal,none
1791357325,productcatalog-service,1.34,64.57,11.87,0.001,1,0,normal,none
1791357325,redis-cart,0.91,29.74,5.45,0.001,1,0,normal,none
1791357328,frontend,3.09,152.76,28.03,0.0009,1,0,normal,none
1791357328,cart-service,3.22,92.49,15.72,0.0016,1,0,normal,none
1791357328,payment-service,1.4,42.18,10.23,0.0012,1,0,normal,none
1791357328,productcatalog-service,2.3,63.44,15.42,0.0003,1,0,normal,none
1791357328,redis-cart,1.08,30.69,4.83,0.0017,1,0,normal,none
1791357331,frontend,4.13,148.15,17.44,0.0009,1,0,normal,none
1791357331,cart-service,2.85,97.84,14.92,0.0015,1,0,normal,none
1791357331,payment-service,1.38,46.12,13.33,0.0012,1,0,normal,none
1791357331,productcatalog-service,2.01,64.12,12.34,0.0009,1,0,normal,none
1791357331,redis-cart,0.74,34.96,3.42,0.0008,1,0,normal,none
1791357334,frontend,4.34,144.45,20.57,0.0005,1,0,normal,none
1791357334,cart-service,2.37,93.93,15.43,0.0006,1,0,normal,none
1791357334,payment-service,1.01,46.88,8.8,0.001,1,0,normal,none
1791357334,productcatalog-service,1.11,70.27,16.67,0.0009,1,0,normal,none
1791357334,redis-cart,1.0,30.8,3.19,0.0017,1,0,normal,none
1791357337,frontend,2.52,144.15,27.12,0.0014,1,0,normal,none
1791357337,cart-service,1.35,98.04,18.92,0.0008,1,0,normal,none
1791357337,payment-service,0.97,42.1,9.1,0.0017,1,0,normal,none
1791357337,productcatalog-service,1.85,59.18,14.81,0.0015,1,0,normal,none
1791357337,redis-cart,0.78,33.08,3.01,0.001,1,0,normal,none
1791357340,frontend,4.0,146.62,21.06,0.0008,1,0,normal,none
1791357340,cart-service,1.76,99.7,17.59,0.0007,1,0,normal,none
1791357340,payment-service,1.85,43.15,10.66,0.0008,1,0,normal,none
1791357340,productcatalog-service,1.94,60.03,12.81,0.0013,1,0,normal,none
1791357340,redis-cart,1.03,29.92,4.11,0.0012,1,0,normal,none
1791357343,frontend,4.5,151.56,16.5,0.0016,1,0,normal,none
1791357343,cart-service,1.47,98.21,12.55,0.0009,1,0,normal,none
1791357343,payment-service,1.52,47.03,8.17,0.0006,1,0,normal,none
1791357343,productcatalog-service,1.72,66.28,14.73,0.0008,1,0,normal,none
1791357343,redis-cart,0.92,31.73,4.44,0.0012,1,0,normal,none
1791357346,frontend,2.81,149.32,21.85,0.001,1,0,normal,none
1791357346,cart-service,2.29,95.77,13.47,0.001,1,0,normal,none
1791357346,payment-service,0.88,47.18,8.23,0.001,1,0,normal,none
1791357346,productcatalog-service,1.23,65.67,11.69,0.0007,1,0,normal,none
1791357346,redis-cart,1.07,30.08,3.91,0.0014,1,0,normal,none
1791357349,frontend,4.36,146.57,13.73,0.0007,1,0,normal,none
1791357349,cart-service,1.8,92.52,12.05,0.0012,1,0,normal,none
1791357349,payment-service,1.61,46.16,10.08,0.001,1,0,normal,none
1791357349,productcatalog-service,1.65,64.41,17.34,0.0011,1,0,normal,none
1791357349,redis-cart,0.83,31.57,4.46,0.0009,1,0,normal,none
1791357352,frontend,94.18,174.47,91.17,0.0259,1,1,cpu_stress,frontend
1791357352,cart-service,1.93,96.85,17.23,0.0009,1,1,cpu_stress,frontend
1791357352,payment-service,0.81,48.38,11.14,0.0017,1,1,cpu_stress,frontend
1791357352,productcatalog-service,1.34,67.3,14.13,0.0008,1,1,cpu_stress,frontend
1791357352,redis-cart,1.0,30.85,3.95,0.0016,1,1,cpu_stress,frontend
1791357355,frontend,94.86,166.24,83.33,0.0401,1,1,cpu_stress,frontend
1791357355,cart-service,1.47,94.93,12.86,0.0008,1,1,cpu_stress,frontend
1791357355,payment-service,1.05,46.66,10.34,0.0008,1,1,cpu_stress,frontend
1791357355,productcatalog-service,1.39,66.04,11.06,0.0016,1,1,cpu_stress,frontend
1791357355,redis-cart,1.06,32.74,4.54,0.0012,1,1,cpu_stress,frontend
1791357358,frontend,95.92,172.15,85.57,0.0337,1,1,cpu_stress,frontend
1791357358,cart-service,1.51,90.4,16.69,0.0015,1,1,cpu_stress,frontend
1791357358,payment-service,1.08,44.37,11.18,0.0015,1,1,cpu_stress,frontend
1791357358,productcatalog-service,1.85,72.18,11.81,0.0014,1,1,cpu_stress,frontend
1791357358,redis-cart,0.51,31.19,3.2,0.0006,1,1,cpu_stress,frontend
1791357361,frontend,89.02,167.08,83.31,0.0259,1,1,cpu_stress,frontend
1791357361,cart-service,2.86,90.29,13.68,0.001,1,1,cpu_stress,frontend
1791357361,payment-service,1.81,44.59,8.01,0.0004,1,1,cpu_stress,frontend
1791357361,productcatalog-service,1.96,68.61,12.99,0.002,1,1,cpu_stress,frontend
1791357361,redis-cart,0.75,31.22,3.51,0.0008,1,1,cpu_stress,frontend
1791357364,frontend,94.14,169.15,85.22,0.032,1,1,cpu_stress,frontend
1791357364,cart-service,1.7,95.26,13.79,0.0014,1,1,cpu_stress,frontend
1791357364,payment-service,0.92,41.84,10.41,0.0006,1,1,cpu_stress,frontend
1791357364,productcatalog-service,2.2,55.05,13.74,0.0005,1,1,cpu_stress,frontend
1791357364,redis-cart,0.95,33.08,2.61,0.0006,1,1,cpu_stress,frontend
1791357367,frontend,98.34,170.73,89.75,0.0539,1,1,cpu_stress,frontend
1791357367,cart-service,2.39,92.77,17.0,0.0007,1,1,cpu_stress,frontend
1791357367,payment-service,1.7,43.33,10.19,0.0009,1,1,cpu_stress,frontend
1791357367,productcatalog-service,1.9,63.59,14.9,0.0006,1,1,cpu_stress,frontend
1791357367,redis-cart,1.0,34.79,3.88,0.0016,1,1,cpu_stress,frontend
1791357370,frontend,95.26,172.56,85.7,0.0316,1,1,cpu_stress,frontend
1791357370,cart-service,2.31,95.88,15.48,0.0015,1,1,cpu_stress,frontend
1791357370,payment-service,1.38,42.26,10.98,0.0015,1,1,cpu_stress,frontend
1791357370,productcatalog-service,1.45,61.58,13.76,0.0014,1,1,cpu_stress,frontend
1791357370,redis-cart,0.52,32.09,3.72,0.0017,1,1,cpu_stress,frontend
1791357373,frontend,89.1,171.36,90.11,0.0207,1,1,cpu_stress,frontend
1791357373,cart-service,2.07,95.29,13.61,0.0003,1,1,cpu_stress,frontend
1791357373,payment-service,1.28,48.4,7.63,0.0008,1,1,cpu_stress,frontend
1791357373,productcatalog-service,1.5,60.61,13.48,0.0014,1,1,cpu_stress,frontend
1791357373,redis-cart,1.16,28.4,2.73,0.0003,1,1,cpu_stress,frontend
1791357376,frontend,95.66,168.86,86.7,0.0201,1,1,cpu_stress,frontend
1791357376,cart-service,1.9,92.74,11.81,0.0014,1,1,cpu_stress,frontend
1791357376,payment-service,0.97,42.96,11.25,0.0012,1,1,cpu_stress,frontend
1791357376,productcatalog-service,1.98,63.32,11.83,0.0016,1,1,cpu_stress,frontend
1791357376,redis-cart,0.4,31.38,3.19,0.0013,1,1,cpu_stress,frontend
1791357379,frontend,92.43,166.02,88.7,0.0232,1,1,cpu_stress,frontend
1791357379,cart-service,0.45,93.5,14.56,0.0004,1,1,cpu_stress,frontend
1791357379,payment-service,1.04,43.38,10.07,0.0007,1,1,cpu_stress,frontend
1791357379,productcatalog-service,1.68,67.49,13.01,0.0009,1,1,cpu_stress,frontend
1791357379,redis-cart,0.9,30.87,4.3,0.0003,1,1,cpu_stress,frontend
1791357382,frontend,4.29,142.15,31.62,0.001,1,0,normal,none
1791357382,cart-service,1.73,92.13,15.17,0.0008,1,0,normal,none
1791357382,payment-service,0.84,44.46,8.9,0.0016,1,0,normal,none
1791357382,productcatalog-service,0.92,66.08,12.01,0.0007,1,0,normal,none
1791357382,redis-cart,1.1,32.45,4.09,0.0012,1,0,normal,none
1791357385,frontend,4.35,146.97,18.77,0.0004,1,0,normal,none
1791357385,cart-service,2.34,95.4,12.83,0.0012,1,0,normal,none
1791357385,payment-service,1.19,44.08,9.95,0.0011,1,0,normal,none
1791357385,productcatalog-service,1.79,59.56,12.16,0.001,1,0,normal,none
1791357385,redis-cart,0.66,30.46,3.08,0.0009,1,0,normal,none
1791357388,frontend,2.72,141.78,15.52,0.001,1,0,normal,none
1791357388,cart-service,1.48,101.85,12.39,0.0006,1,0,normal,none
1791357388,payment-service,1.42,41.86,9.89,0.0008,1,0,normal,none
1791357388,productcatalog-service,2.09,62.71,14.53,0.001,1,0,normal,none
1791357388,redis-cart,0.81,35.28,4.04,0.001,1,0,normal,none
1791357391,frontend,4.37,151.31,22.19,0.0003,1,0,normal,none
1791357391,cart-service,3.35,92.1,11.75,0.0014,1,0,normal,none
1791357391,payment-service,1.12,42.64,12.45,0.0011,1,0,normal,none
1791357391,productcatalog-service,1.93,61.05,14.2,0.0007,1,0,normal,none
1791357391,redis-cart,0.96,33.02,3.8,0.0011,1,0,normal,none
1791357394,frontend,2.52,138.82,18.82,0.0013,1,0,normal,none
1791357394,cart-service,1.81,92.45,15.15,0.0005,1,0,normal,none
1791357394,payment-service,1.37,43.29,15.62,0.0008,1,0,normal,none
1791357394,productcatalog-service,1.93,61.16,13.7,0.0009,1,0,normal,none
1791357394,redis-cart,1.03,30.01,1.66,0.0021,1,0,normal,none
1791357397,frontend,4.73,145.4,22.7,0.001,1,0,normal,none
1791357397,cart-service,2.28,91.28,15.24,0.0002,1,0,normal,none
1791357397,payment-service,0.81,43.48,10.51,0.0014,1,0,normal,none
1791357397,productcatalog-service,0.82,63.74,12.67,0.0012,1,0,normal,none
1791357397,redis-cart,0.7,31.78,2.6,0.0002,1,0,normal,none
1791357400,frontend,1.81,153.16,25.23,0.0007,1,0,normal,none
1791357400,cart-service,1.9,99.66,16.37,0.0016,1,0,normal,none
1791357400,payment-service,1.67,46.98,10.01,0.0004,1,0,normal,none
1791357400,productcatalog-service,1.8,64.93,14.05,0.0006,1,0,normal,none
1791357400,redis-cart,0.9,34.86,3.78,0.0008,1,0,normal,none
1791357403,frontend,4.17,140.83,23.34,0.0006,1,0,normal,none
1791357403,cart-service,1.14,85.98,17.79,0.0014,1,0,normal,none
1791357403,payment-service,0.92,41.57,12.45,0.0007,1,0,normal,none
1791357403,productcatalog-service,0.94,60.81,12.37,0.0007,1,0,normal,none
1791357403,redis-cart,0.75,30.37,3.08,0.0004,1,0,normal,none
1791357406,frontend,4.09,140.79,21.73,0.001,1,0,normal,none
1791357406,cart-service,2.74,97.39,18.71,0.0007,1,0,normal,none
1791357406,payment-service,0.97,45.28,10.54,0.0015,1,0,normal,none
1791357406,productcatalog-service,0.87,64.22,14.43,0.0009,1,0,normal,none
1791357406,redis-cart,1.09,36.11,3.37,0.0006,1,0,normal,none
1791357409,frontend,2.59,148.46,26.34,0.0013,1,0,normal,none
1791357409,cart-service,1.92,86.58,12.6,0.0009,1,0,normal,none
1791357409,payment-service,1.22,42.73,8.87,0.0009,1,0,normal,none
1791357409,productcatalog-service,1.32,59.7,15.67,0.0018,1,0,normal,none
1791357409,redis-cart,0.43,30.93,3.42,0.0013,1,0,normal,none
1791357412,frontend,3.78,151.45,22.75,0.0009,1,0,normal,none
1791357412,cart-service,1.56,90.83,19.53,0.001,1,0,normal,none
1791357412,payment-service,0.4,46.05,10.44,0.0003,1,0,normal,none
1791357412,productcatalog-service,1.03,59.83,14.07,0.0011,1,0,normal,none
1791357412,redis-cart,0.95,29.94,3.63,0.001,1,0,normal,none
1791357415,frontend,2.85,142.25,22.86,0.0014,1,0,normal,none
1791357415,cart-service,2.13,94.33,17.98,0.0012,1,0,normal,none
1791357415,payment-service,1.73,42.53,10.4,0.0005,1,0,normal,none
1791357415,productcatalog-service,1.94,63.21,11.43,0.0008,1,0,normal,none
1791357415,redis-cart,0.88,31.8,3.52,0.001,1,0,normal,none
1791357418,frontend,3.96,142.11,28.36,0.0012,1,0,normal,none
1791357418,cart-service,2.68,90.02,17.01,0.001,1,0,normal,none
1791357418,payment-service,1.54,43.92,5.28,0.001,1,0,normal,none
1791357418,productcatalog-service,1.46,59.28,10.63,0.0017,1,0,normal,none
1791357418,redis-cart,1.11,32.55,3.21,0.0015,1,0,normal,none
1791357421,frontend,2.01,143.39,23.29,0.0008,1,0,normal,none
1791357421,cart-service,1.86,88.9,15.49,0.0002,1,0,normal,none
1791357421,payment-service,1.32,46.74,11.03,0.0008,1,0,normal,none
1791357421,productcatalog-service,1.26,66.91,12.94,0.001,1,0,normal,none
1791357421,redis-cart,0.77,33.83,3.2,0.0012,1,0,normal,none
1791357424,frontend,5.02,145.17,377.23,0.0224,1,1,network_latency,cart-service
1791357424,cart-service,2.06,97.27,967.15,0.0167,1,1,network_latency,cart-service
1791357424,payment-service,1.2,45.83,10.17,0.0014,1,1,network_latency,cart-service
1791357424,productcatalog-service,1.46,63.06,14.78,0.0013,1,1,network_latency,cart-service
1791357424,redis-cart,0.92,32.85,4.62,0.001,1,1,network_latency,cart-service
1791357427,frontend,2.68,134.65,331.44,0.0448,1,1,network_latency,cart-service
1791357427,cart-service,1.21,96.51,885.54,0.0276,1,1,network_latency,cart-service
1791357427,payment-service,0.44,43.98,9.18,0.0017,1,1,network_latency,cart-service
1791357427,productcatalog-service,1.92,62.1,16.97,0.0008,1,1,network_latency,cart-service
1791357427,redis-cart,0.52,32.24,3.27,0.0008,1,1,network_latency,cart-service
1791357430,frontend,6.26,140.88,342.76,0.0418,1,1,network_latency,cart-service
1791357430,cart-service,2.98,87.36,868.69,0.0181,1,1,network_latency,cart-service
1791357430,payment-service,1.37,38.57,10.28,0.0015,1,1,network_latency,cart-service
1791357430,productcatalog-service,1.3,62.05,11.14,0.0013,1,1,network_latency,cart-service
1791357430,redis-cart,0.9,32.83,1.43,0.0008,1,1,network_latency,cart-service
1791357433,frontend,2.92,153.73,359.83,0.0237,1,1,network_latency,cart-service
1791357433,cart-service,2.92,95.89,982.53,0.0242,1,1,network_latency,cart-service
1791357433,payment-service,1.76,44.5,10.58,0.0005,1,1,network_latency,cart-service
1791357433,productcatalog-service,1.84,58.2,17.42,0.0012,1,1,network_latency,cart-service
1791357433,redis-cart,0.69,34.15,4.03,0.0013,1,1,network_latency,cart-service
1791357436,frontend,2.88,146.88,369.07,0.0468,1,1,network_latency,cart-service
1791357436,cart-service,2.6,98.05,970.82,0.0179,1,1,network_latency,cart-service
1791357436,payment-service,1.31,46.1,6.78,0.0018,1,1,network_latency,cart-service
1791357436,productcatalog-service,1.81,58.74,14.3,0.0009,1,1,network_latency,cart-service
1791357436,redis-cart,0.86,34.03,3.97,0.0008,1,1,network_latency,cart-service
1791357439,frontend,5.6,138.15,393.59,0.0287,1,1,network_latency,cart-service
1791357439,cart-service,1.59,85.23,1039.05,0.0224,1,1,network_latency,cart-service
1791357439,payment-service,1.1,45.16,9.31,0.001,1,1,network_latency,cart-service
1791357439,productcatalog-service,1.91,61.3,13.85,0.0011,1,1,network_latency,cart-service
1791357439,redis-cart,0.95,31.32,3.45,0.0012,1,1,network_latency,cart-service
1791357442,frontend,3.47,156.17,327.0,0.0389,1,1,network_latency,cart-service
1791357442,cart-service,2.28,91.46,904.56,0.0217,1,1,network_latency,cart-service
1791357442,payment-service,1.08,42.7,10.94,0.0003,1,1,network_latency,cart-service
1791357442,productcatalog-service,1.2,63.01,14.05,0.0011,1,1,network_latency,cart-service
1791357442,redis-cart,0.4,34.39,2.55,0.0009,1,1,network_latency,cart-service
1791357445,frontend,3.11,147.63,427.76,0.0322,1,1,network_latency,cart-service
1791357445,cart-service,1.68,96.48,944.33,0.0154,1,1,network_latency,cart-service
1791357445,payment-service,0.63,40.89,10.04,0.0012,1,1,network_latency,cart-service
1791357445,productcatalog-service,1.41,66.01,13.39,0.0009,1,1,network_latency,cart-service
1791357445,redis-cart,0.91,28.26,3.77,0.0011,1,1,network_latency,cart-service
1791357448,frontend,2.36,144.17,331.77,0.0562,1,1,network_latency,cart-service
1791357448,cart-service,1.98,98.9,904.23,0.0213,1,1,network_latency,cart-service
1791357448,payment-service,1.28,44.02,10.52,0.0014,1,1,network_latency,cart-service
1791357448,productcatalog-service,1.92,68.08,8.66,0.0009,1,1,network_latency,cart-service
1791357448,redis-cart,1.11,31.9,1.42,0.0007,1,1,network_latency,cart-service
1791357451,frontend,3.89,142.8,330.69,0.0261,1,1,network_latency,cart-service
1791357451,cart-service,2.59,93.71,874.69,0.0224,1,1,network_latency,cart-service
1791357451,payment-service,1.27,45.75,8.68,0.001,1,1,network_latency,cart-service
1791357451,productcatalog-service,2.23,54.4,17.13,0.0012,1,1,network_latency,cart-service
1791357451,redis-cart,0.49,31.48,3.08,0.0007,1,1,network_latency,cart-service
1791357454,frontend,4.68,144.57,22.43,0.0009,1,0,normal,none
1791357454,cart-service,1.25,98.55,9.08,0.0014,1,0,normal,none
1791357454,payment-service,1.87,41.52,9.7,0.0013,1,0,normal,none
1791357454,productcatalog-service,1.24,63.39,15.01,0.0007,1,0,normal,none
1791357454,redis-cart,1.1,30.94,3.7,0.0011,1,0,normal,none
1791357457,frontend,2.1,142.14,23.29,0.0012,1,0,normal,none
1791357457,cart-service,2.7,92.58,13.63,0.0001,1,0,normal,none
1791357457,payment-service,1.5,42.27,8.12,0.0004,1,0,normal,none
1791357457,productcatalog-service,1.33,64.75,15.19,0.0016,1,0,normal,none
1791357457,redis-cart,0.87,32.43,3.2,0.0006,1,0,normal,none
1791357460,frontend,3.65,149.36,20.43,0.0008,1,0,normal,none
1791357460,cart-service,2.05,93.44,12.62,0.0013,1,0,normal,none
1791357460,payment-service,1.0,39.51,9.26,0.0009,1,0,normal,none
1791357460,productcatalog-service,1.81,64.55,15.33,0.0014,1,0,normal,none
1791357460,redis-cart,0.74,31.68,4.95,0.0008,1,0,normal,none
1791357463,frontend,4.43,155.89,25.19,0.001,1,0,normal,none
1791357463,cart-service,2.24,98.19,17.5,0.0012,1,0,normal,none
1791357463,payment-service,1.46,45.03,9.87,0.0013,1,0,normal,none
1791357463,productcatalog-service,1.22,67.88,10.99,0.0014,1,0,normal,none
1791357463,redis-cart,0.5,30.11,2.77,0.0011,1,0,normal,none
1791357466,frontend,3.42,141.73,24.02,0.0015,1,0,normal,none
1791357466,cart-service,2.43,90.53,13.82,0.001,1,0,normal,none
1791357466,payment-service,1.01,44.43,7.71,0.0002,1,0,normal,none
1791357466,productcatalog-service,1.91,67.51,14.56,0.0019,1,0,normal,none
1791357466,redis-cart,0.78,34.29,2.65,0.0015,1,0,normal,none
1791357469,frontend,3.32,128.45,21.94,0.0013,1,0,normal,none
1791357469,cart-service,1.6,88.87,14.4,0.0009,1,0,normal,none
1791357469,payment-service,1.54,41.62,10.29,0.001,1,0,normal,none
1791357469,productcatalog-service,1.8,55.91,12.68,0.001,1,0,normal,none
1791357469,redis-cart,0.69,32.18,2.44,0.0006,1,0,normal,none
1791357472,frontend,2.23,149.25,23.73,0.0012,1,0,normal,none
1791357472,cart-service,1.45,88.97,14.13,0.0008,1,0,normal,none
1791357472,payment-service,0.97,44.42,11.51,0.0017,1,0,normal,none
1791357472,productcatalog-service,1.19,58.58,13.93,0.0004,1,0,normal,none
1791357472,redis-cart,0.88,33.17,2.64,0.0004,1,0,normal,none
1791357475,frontend,4.4,139.17,19.47,0.0007,1,0,normal,none
1791357475,cart-service,1.26,94.47,12.2,0.0008,1,0,normal,none
1791357475,payment-service,2.2,47.27,10.98,0.0014,1,0,normal,none
1791357475,productcatalog-service,2.37,66.43,14.22,0.0017,1,0,normal,none
1791357475,redis-cart,0.48,28.98,4.21,0.0011,1,0,normal,none
1791357478,frontend,3.97,148.55,30.36,0.0002,1,0,normal,none
1791357478,cart-service,1.7,89.23,17.36,0.0012,1,0,normal,none
1791357478,payment-service,1.14,42.27,7.84,0.0009,1,0,normal,none
1791357478,productcatalog-service,1.52,66.81,14.88,0.0009,1,0,normal,none
1791357478,redis-cart,0.6,27.7,4.93,0.001,1,0,normal,none
1791357481,frontend,2.9,150.37,22.11,0.0015,1,0,normal,none
1791357481,cart-service,2.68,85.27,10.72,0.0005,1,0,normal,none
1791357481,payment-service,1.4,44.84,15.35,0.0009,1,0,normal,none
1791357481,productcatalog-service,2.0,55.15,14.62,0.0018,1,0,normal,none
1791357481,redis-cart,0.7,34.37,4.88,0.0009,1,0,normal,none
1791357484,frontend,4.8,143.92,27.68,0.0009,1,0,normal,none
1791357484,cart-service,1.95,87.48,13.11,0.0011,1,0,normal,none
1791357484,payment-service,1.8,42.81,8.8,0.0012,1,0,normal,none
1791357484,productcatalog-service,1.2,61.4,16.52,0.0006,1,0,normal,none
1791357484,redis-cart,0.68,32.68,2.5,0.0014,1,0,normal,none
1791357487,frontend,3.99,135.12,24.09,0.0014,1,0,normal,none
1791357487,cart-service,1.41,96.66,16.34,0.0008,1,0,normal,none
1791357487,payment-service,1.08,44.1,12.81,0.0007,1,0,normal,none
1791357487,productcatalog-service,1.82,61.12,12.15,0.0006,1,0,normal,none
1791357487,redis-cart,1.14,27.04,3.56,0.0012,1,0,normal,none
1791357490,frontend,2.37,140.65,25.01,0.0005,1,0,normal,none
1791357490,cart-service,3.3,94.06,14.94,0.001,1,0,normal,none
1791357490,payment-service,1.85,47.27,8.54,0.0009,1,0,normal,none
1791357490,productcatalog-service,2.07,64.99,12.03,0.0009,1,0,normal,none
1791357490,redis-cart,0.81,33.27,3.1,0.0013,1,0,normal,none
1791357493,frontend,3.23,144.74,26.95,0.0013,1,0,normal,none
1791357493,cart-service,1.68,88.66,10.92,0.0014,1,0,normal,none
1791357493,payment-service,1.01,46.35,6.89,0.001,1,0,normal,none
1791357493,productcatalog-service,1.59,61.96,14.06,0.0014,1,0,normal,none
1791357493,redis-cart,0.41,31.43,3.42,0.0005,1,0,normal,none
1791357496,frontend,2.83,137.99,25.41,0.0005,1,1,memory_leak,payment-service
1791357496,cart-service,2.81,94.34,14.49,0.0012,1,1,memory_leak,payment-service
1791357496,payment-service,4.33,195.29,20.22,0.0157,1,1,memory_leak,payment-service
1791357496,productcatalog-service,1.9,65.89,14.2,0.0008,1,1,memory_leak,payment-service
1791357496,redis-cart,0.95,30.35,4.08,0.0006,1,1,memory_leak,payment-service
1791357499,frontend,2.86,138.38,21.61,0.0009,1,1,memory_leak,payment-service
1791357499,cart-service,1.92,87.08,15.35,0.0006,1,1,memory_leak,payment-service
1791357499,payment-service,4.77,225.3,19.92,0.0157,1,1,memory_leak,payment-service
1791357499,productcatalog-service,2.35,59.49,9.9,0.0013,1,1,memory_leak,payment-service
1791357499,redis-cart,0.88,32.47,5.09,0.0016,1,1,memory_leak,payment-service
1791357502,frontend,3.28,142.12,21.86,0.0004,1,1,memory_leak,payment-service
1791357502,cart-service,2.93,93.0,18.4,0.0014,1,1,memory_leak,payment-service
1791357502,payment-service,3.2,234.45,16.66,0.0174,1,1,memory_leak,payment-service
1791357502,productcatalog-service,2.07,57.66,12.76,0.0,1,1,memory_leak,payment-service
1791357502,redis-cart,1.08,33.53,3.86,0.0003,1,1,memory_leak,payment-service
1791357505,frontend,4.72,136.41,23.22,0.0012,1,1,memory_leak,payment-service
1791357505,cart-service,2.92,101.74,17.79,0.0013,1,1,memory_leak,payment-service
1791357505,payment-service,4.72,255.4,20.01,0.0137,1,1,memory_leak,payment-service
1791357505,productcatalog-service,1.34,61.46,14.21,0.0004,1,1,memory_leak,payment-service
1791357505,redis-cart,0.94,32.69,3.91,0.0009,1,1,memory_leak,payment-service
1791357508,frontend,2.84,135.58,21.7,0.0012,1,1,memory_leak,payment-service
1791357508,cart-service,3.04,92.54,13.69,0.0015,1,1,memory_leak,payment-service
1791357508,payment-service,4.62,272.14,22.06,0.0158,1,1,memory_leak,payment-service
1791357508,productcatalog-service,2.4,64.98,12.91,0.0012,1,1,memory_leak,payment-service
1791357508,redis-cart,0.79,32.23,3.96,0.0009,1,1,memory_leak,payment-service
1791357511,frontend,3.65,140.47,29.2,0.0003,1,1,memory_leak,payment-service
1791357511,cart-service,2.81,104.09,17.19,0.0006,1,1,memory_leak,payment-service
1791357511,payment-service,3.03,301.76,16.24,0.0155,1,1,memory_leak,payment-service
1791357511,productcatalog-service,1.62,66.58,14.97,0.0012,1,1,memory_leak,payment-service
1791357511,redis-cart,1.33,35.66,3.63,0.0014,1,1,memory_leak,payment-service
1791357514,frontend,4.18,142.23,27.94,0.0009,1,1,memory_leak,payment-service
1791357514,cart-service,1.95,96.05,11.71,0.0012,1,1,memory_leak,payment-service
1791357514,payment-service,4.32,312.78,19.69,0.0062,1,1,memory_leak,payment-service
1791357514,productcatalog-service,1.42,62.81,15.43,0.0011,1,1,memory_leak,payment-service
1791357514,redis-cart,1.29,32.99,2.97,0.001,1,1,memory_leak,payment-service
1791357517,frontend,2.94,144.8,19.52,0.0019,1,1,memory_leak,payment-service
1791357517,cart-service,1.44,97.81,16.19,0.0003,1,1,memory_leak,payment-service
1791357517,payment-service,4.65,341.99,20.63,0.0072,1,1,memory_leak,payment-service
1791357517,productcatalog-service,1.86,61.4,14.15,0.0011,1,1,memory_leak,payment-service
1791357517,redis-cart,1.03,33.0,3.77,0.0014,1,1,memory_leak,payment-service
1791357520,frontend,3.7,138.58,24.65,0.0009,1,1,memory_leak,payment-service
1791357520,cart-service,2.51,106.62,22.28,0.0011,1,1,memory_leak,payment-service
1791357520,payment-service,4.79,351.08,26.86,0.0105,1,1,memory_leak,payment-service
1791357520,productcatalog-service,1.72,62.62,14.78,0.0012,1,1,memory_leak,payment-service
1791357520,redis-cart,0.72,31.98,3.4,0.0017,1,1,memory_leak,payment-service
1791357523,frontend,5.63,142.18,20.65,0.001,1,1,memory_leak,payment-service
1791357523,cart-service,2.81,95.19,18.38,0.0008,1,1,memory_leak,payment-service
1791357523,payment-service,3.47,373.09,24.14,0.0105,1,1,memory_leak,payment-service
1791357523,productcatalog-service,1.94,64.9,14.14,0.0017,1,1,memory_leak,payment-service
1791357523,redis-cart,1.04,31.11,4.53,0.0005,1,1,memory_leak,payment-service
1791357526,frontend,5.46,144.73,23.59,0.0011,1,0,normal,none
1791357526,cart-service,2.16,87.74,18.15,0.0011,1,0,normal,none
1791357526,payment-service,0.65,40.06,12.29,0.0018,1,0,normal,none
1791357526,productcatalog-service,2.51,66.77,13.88,0.0009,1,0,normal,none
1791357526,redis-cart,0.69,26.65,4.42,0.0009,1,0,normal,none
1791357529,frontend,3.43,143.05,21.89,0.0012,1,0,normal,none
1791357529,cart-service,1.68,96.88,19.19,0.0008,1,0,normal,none
1791357529,payment-service,1.75,40.25,13.49,0.0007,1,0,normal,none
1791357529,productcatalog-service,1.92,66.69,14.73,0.001,1,0,normal,none
1791357529,redis-cart,0.75,35.29,5.53,0.0017,1,0,normal,none
1791357532,frontend,2.72,153.18,29.81,0.0012,1,0,normal,none
1791357532,cart-service,2.5,89.82,16.68,0.0016,1,0,normal,none
1791357532,payment-service,1.43,46.37,13.13,0.0006,1,0,normal,none
1791357532,productcatalog-service,2.79,63.83,14.75,0.0013,1,0,normal,none
1791357532,redis-cart,0.96,29.59,2.78,0.0015,1,0,normal,none
1791357535,frontend,3.24,138.87,28.71,0.0015,1,0,normal,none
1791357535,cart-service,1.85,88.84,13.64,0.0011,1,0,normal,none
1791357535,payment-service,1.29,44.76,14.21,0.0007,1,0,normal,none
1791357535,productcatalog-service,1.31,58.75,15.64,0.0014,1,0,normal,none
1791357535,redis-cart,1.08,32.93,3.59,0.0013,1,0,normal,none
1791357538,frontend,2.94,146.58,26.87,0.0011,1,0,normal,none
1791357538,cart-service,2.67,93.0,21.46,0.0001,1,0,normal,none
1791357538,payment-service,1.32,44.14,13.66,0.001,1,0,normal,none
1791357538,productcatalog-service,2.12,60.2,17.99,0.0011,1,0,normal,none
1791357538,redis-cart,1.13,32.02,3.07,0.0013,1,0,normal,none
1791357541,frontend,3.8,143.75,30.79,0.0014,1,0,normal,none
1791357541,cart-service,2.58,88.02,16.21,0.0011,1,0,normal,none
1791357541,payment-service,1.53,42.39,13.26,0.0008,1,0,normal,none
1791357541,productcatalog-service,2.05,58.79,10.65,0.0007,1,0,normal,none
1791357541,redis-cart,0.4,31.29,5.38,0.0008,1,0,normal,none
1791357544,frontend,3.93,149.92,22.23,0.0008,1,0,normal,none
1791357544,cart-service,1.99,89.11,21.56,0.0007,1,0,normal,none
1791357544,payment-service,1.62,46.94,11.26,0.001,1,0,normal,none
1791357544,productcatalog-service,2.11,61.85,15.72,0.0008,1,0,normal,none
1791357544,redis-cart,0.74,33.14,3.5,0.0005,1,0,normal,none
1791357547,frontend,4.17,138.82,25.6,0.0012,1,0,normal,none
1791357547,cart-service,1.16,94.05,15.06,0.0013,1,0,normal,none
1791357547,payment-service,1.33,42.57,13.33,0.0016,1,0,normal,none
1791357547,productcatalog-service,1.97,59.85,13.38,0.0007,1,0,normal,none
1791357547,redis-cart,0.69,35.34,3.9,0.0006,1,0,normal,none
1791357550,frontend,4.58,136.83,26.2,0.0014,1,0,normal,none
1791357550,cart-service,3.26,83.51,18.89,0.001,1,0,normal,none
1791357550,payment-service,0.83,45.48,11.3,0.0014,1,0,normal,none
1791357550,productcatalog-service,2.67,55.46,13.53,0.0004,1,0,normal,none
1791357550,redis-cart,0.89,33.2,3.85,0.0006,1,0,normal,none
1791357553,frontend,3.92,142.28,28.13,0.0008,1,0,normal,none
1791357553,cart-service,1.86,93.78,17.61,0.0013,1,0,normal,none
1791357553,payment-service,1.54,49.62,11.41,0.001,1,0,normal,none
1791357553,productcatalog-service,1.47,69.82,15.44,0.0015,1,0,normal,none
1791357553,redis-cart,0.84,32.68,4.36,0.0006,1,0,normal,none
1791357556,frontend,3.88,154.9,30.04,0.0013,1,0,normal,none
1791357556,cart-service,1.48,97.64,16.77,0.0011,1,0,normal,none
1791357556,payment-service,1.49,41.66,12.26,0.001,1,0,normal,none
1791357556,productcatalog-service,1.35,63.78,10.47,0.0015,1,0,normal,none
1791357556,redis-cart,1.1,33.47,5.91,0.001,1,0,normal,none
1791357559,frontend,3.91,146.86,28.73,0.0007,1,0,normal,none
1791357559,cart-service,3.16,96.57,19.12,0.0009,1,0,normal,none
1791357559,payment-service,1.16,45.86,9.81,0.0011,1,0,normal,none
1791357559,productcatalog-service,1.98,64.61,14.42,0.001,1,0,normal,none
1791357559,redis-cart,1.16,34.43,4.74,0.0007,1,0,normal,none
1791357562,frontend,5.15,149.89,29.72,0.0018,1,0,normal,none
1791357562,cart-service,2.43,92.12,17.02,0.0008,1,0,normal,none
1791357562,payment-service,0.97,44.73,12.41,0.001,1,0,normal,none
1791357562,productcatalog-service,1.68,67.43,16.49,0.0018,1,0,normal,none
1791357562,redis-cart,0.81,32.61,5.18,0.0003,1,0,normal,none
1791357565,frontend,3.92,145.95,26.89,0.0011,1,0,normal,none
1791357565,cart-service,2.91,96.2,14.45,0.0015,1,0,normal,none
1791357565,payment-service,1.44,45.58,11.64,0.001,1,0,normal,none
1791357565,productcatalog-service,1.37,64.68,14.95,0.0009,1,0,normal,none
1791357565,redis-cart,0.79,29.4,4.16,0.0009,1,0,normal,none
1791357568,frontend,4.65,145.85,193.47,0.2571,1,1,packet_loss,productcatalog-service
1791357568,cart-service,1.47,95.38,24.51,0.0006,1,1,packet_loss,productcatalog-service
1791357568,payment-service,1.38,41.07,14.17,0.0013,1,1,packet_loss,productcatalog-service
1791357568,productcatalog-service,2.55,61.86,199.04,0.5072,1,1,packet_loss,productcatalog-service
1791357568,redis-cart,0.76,31.55,3.62,0.0008,1,1,packet_loss,productcatalog-service
1791357571,frontend,4.57,149.06,188.05,0.2919,1,1,packet_loss,productcatalog-service
1791357571,cart-service,1.48,96.51,15.44,0.0014,1,1,packet_loss,productcatalog-service
1791357571,payment-service,1.72,47.0,12.42,0.0009,1,1,packet_loss,productcatalog-service
1791357571,productcatalog-service,1.99,64.02,186.66,0.7089,1,1,packet_loss,productcatalog-service
1791357571,redis-cart,1.06,32.9,3.35,0.0006,1,1,packet_loss,productcatalog-service
1791357574,frontend,3.36,140.93,208.57,0.2566,1,1,packet_loss,productcatalog-service
1791357574,cart-service,2.79,94.43,18.68,0.0005,1,1,packet_loss,productcatalog-service
1791357574,payment-service,1.18,45.39,15.94,0.0014,1,1,packet_loss,productcatalog-service
1791357574,productcatalog-service,1.63,65.47,171.0,0.6119,1,1,packet_loss,productcatalog-service
1791357574,redis-cart,0.55,32.14,3.97,0.0011,1,1,packet_loss,productcatalog-service
1791357577,frontend,4.56,148.18,151.8,0.3102,1,1,packet_loss,productcatalog-service
1791357577,cart-service,3.02,92.93,17.75,0.0011,1,1,packet_loss,productcatalog-service
1791357577,payment-service,1.1,45.1,14.54,0.0007,1,1,packet_loss,productcatalog-service
1791357577,productcatalog-service,2.8,69.16,173.56,0.78,1,1,packet_loss,productcatalog-service
1791357577,redis-cart,0.95,31.21,5.01,0.0011,1,1,packet_loss,productcatalog-service
1791357580,frontend,3.72,148.35,176.25,0.2682,1,1,packet_loss,productcatalog-service
1791357580,cart-service,3.16,91.91,19.17,0.0019,1,1,packet_loss,productcatalog-service
1791357580,payment-service,1.63,39.77,14.86,0.0019,1,1,packet_loss,productcatalog-service
1791357580,productcatalog-service,1.91,59.91,187.64,0.5215,1,1,packet_loss,productcatalog-service
1791357580,redis-cart,0.7,31.96,4.81,0.0009,1,1,packet_loss,productcatalog-service
1791357583,frontend,3.87,140.51,201.8,0.1942,1,1,packet_loss,productcatalog-service
1791357583,cart-service,1.8,97.38,18.27,0.0008,1,1,packet_loss,productcatalog-service
1791357583,payment-service,2.85,41.31,8.75,0.0009,1,1,packet_loss,productcatalog-service
1791357583,productcatalog-service,2.44,58.0,197.53,0.5676,1,1,packet_loss,productcatalog-service
1791357583,redis-cart,0.71,32.35,4.63,0.0007,1,1,packet_loss,productcatalog-service
1791357586,frontend,4.49,148.55,208.46,0.3431,1,1,packet_loss,productcatalog-service
1791357586,cart-service,3.06,92.1,20.14,0.0009,1,1,packet_loss,productcatalog-service
1791357586,payment-service,1.23,44.26,14.05,0.0011,1,1,packet_loss,productcatalog-service
1791357586,productcatalog-service,1.41,65.21,203.93,0.6237,1,1,packet_loss,productcatalog-service
1791357586,redis-cart,0.65,34.17,5.2,0.0017,1,1,packet_loss,productcatalog-service
1791357589,frontend,5.17,141.6,186.97,0.266,1,1,packet_loss,productcatalog-service
1791357589,cart-service,2.5,93.14,16.32,0.0006,1,1,packet_loss,productcatalog-service
1791357589,payment-service,1.83,46.96,11.65,0.0005,1,1,packet_loss,productcatalog-service
1791357589,productcatalog-service,2.1,61.16,162.12,0.5347,1,1,packet_loss,productcatalog-service
1791357589,redis-cart,0.93,31.32,4.56,0.0011,1,1,packet_loss,productcatalog-service
1791357592,frontend,6.61,148.97,201.98,0.2966,1,1,packet_loss,productcatalog-service
1791357592,cart-service,2.4,85.85,17.33,0.0002,1,1,packet_loss,productcatalog-service
1791357592,payment-service,1.57,41.69,13.35,0.0014,1,1,packet_loss,productcatalog-service
1791357592,productcatalog-service,2.32,62.97,164.51,0.602,1,1,packet_loss,productcatalog-service
1791357592,redis-cart,1.12,31.56,3.8,0.0015,1,1,packet_loss,productcatalog-service
1791357595,frontend,5.1,154.0,150.41,0.2752,1,1,packet_loss,productcatalog-service
1791357595,cart-service,3.39,88.93,15.55,0.0013,1,1,packet_loss,productcatalog-service
1791357595,payment-service,1.14,44.53,11.78,0.0012,1,1,packet_loss,productcatalog-service
1791357595,productcatalog-service,3.07,60.5,157.05,0.6514,1,1,packet_loss,productcatalog-service
1791357595,redis-cart,0.99,30.2,5.48,0.001,1,1,packet_loss,productcatalog-service
1791357598,frontend,5.26,146.15,29.9,0.0008,1,0,normal,none
1791357598,cart-service,2.19,93.81,16.91,0.0012,1,0,normal,none
1791357598,payment-service,1.73,45.04,12.26,0.0012,1,0,normal,none
1791357598,productcatalog-service,1.75,60.34,16.54,0.0014,1,0,normal,none
1791357598,redis-cart,0.99,34.12,4.51,0.0008,1,0,normal,none
1791357601,frontend,4.25,153.64,25.88,0.0005,1,0,normal,none
1791357601,cart-service,1.49,98.85,18.28,0.0009,1,0,normal,none
1791357601,payment-service,1.31,37.04,12.43,0.0012,1,0,normal,none
1791357601,productcatalog-service,2.23,59.12,18.12,0.0009,1,0,normal,none
1791357601,redis-cart,0.55,34.98,4.01,0.0008,1,0,normal,none
1791357604,frontend,3.71,151.31,23.23,0.0012,1,0,normal,none
1791357604,cart-service,2.49,89.47,20.6,0.0009,1,0,normal,none
1791357604,payment-service,1.91,43.07,10.22,0.0004,1,0,normal,none
1791357604,productcatalog-service,1.46,65.09,18.32,0.0003,1,0,normal,none
1791357604,redis-cart,0.7,30.59,3.37,0.0007,1,0,normal,none
1791357607,frontend,4.9,146.87,28.53,0.0009,1,0,normal,none
1791357607,cart-service,2.36,97.84,17.71,0.0019,1,0,normal,none
1791357607,payment-service,2.57,43.79,12.5,0.0011,1,0,normal,none
1791357607,productcatalog-service,2.08,66.74,16.23,0.0008,1,0,normal,none
1791357607,redis-cart,0.89,34.43,2.72,0.0003,1,0,normal,none
1791357610,frontend,4.24,133.8,20.78,0.0009,1,0,normal,none
1791357610,cart-service,2.29,92.69,17.32,0.0012,1,0,normal,none
1791357610,payment-service,1.7,43.45,10.91,0.001,1,0,normal,none
1791357610,productcatalog-service,1.76,65.04,12.2,0.0011,1,0,normal,none
1791357610,redis-cart,1.07,29.02,5.36,0.0013,1,0,normal,none
1791357613,frontend,5.43,140.29,27.49,0.0009,1,0,normal,none
1791357613,cart-service,2.44,90.77,17.07,0.0011,1,0,normal,none
1791357613,payment-service,1.09,43.27,15.41,0.0008,1,0,normal,none
1791357613,productcatalog-service,1.99,60.62,17.69,0.0011,1,0,normal,none
1791357613,redis-cart,0.91,32.2,5.12,0.0012,1,0,normal,none
1791357616,frontend,3.74,160.01,24.46,0.0009,1,0,normal,none
1791357616,cart-service,2.36,102.63,20.71,0.0012,1,0,normal,none
1791357616,payment-service,1.73,39.64,8.99,0.0009,1,0,normal,none
1791357616,productcatalog-service,2.15,62.93,17.68,0.0009,1,0,normal,none
1791357616,redis-cart,1.12,31.58,4.48,0.0015,1,0,normal,none
1791357619,frontend,5.21,141.18,22.42,0.0019,1,0,normal,none
1791357619,cart-service,3.56,96.11,17.99,0.0008,1,0,normal,none
1791357619,payment-service,0.53,44.09,12.08,0.0012,1,0,normal,none
1791357619,productcatalog-service,2.07,54.77,12.49,0.0019,1,0,normal,none
1791357619,redis-cart,1.16,34.41,3.69,0.0015,1,0,normal,none
1791357622,frontend,4.32,147.71,29.4,0.0012,1,0,normal,none
1791357622,cart-service,3.43,100.1,16.26,0.0012,1,0,normal,none
1791357622,payment-service,1.41,44.96,13.5,0.0011,1,0,normal,none
1791357622,productcatalog-service,3.04,59.03,16.64,0.001,1,0,normal,none
1791357622,redis-cart,1.32,35.3,3.31,0.0009,1,0,normal,none
1791357625,frontend,3.83,154.17,25.14,0.001,1,0,normal,none
1791357625,cart-service,3.07,99.71,17.67,0.0014,1,0,normal,none
1791357625,payment-service,2.03,45.49,13.66,0.0013,1,0,normal,none
1791357625,productcatalog-service,2.11,64.06,18.59,0.001,1,0,normal,none
1791357625,redis-cart,0.66,30.54,4.87,0.0016,1,0,normal,none
1791357628,frontend,2.92,144.6,38.88,0.0011,1,0,normal,none
1791357628,cart-service,1.53,99.96,18.91,0.0012,1,0,normal,none
1791357628,payment-service,1.4,42.94,13.22,0.0007,1,0,normal,none
1791357628,productcatalog-service,1.71,68.98,14.01,0.0009,1,0,normal,none
1791357628,redis-cart,1.28,34.96,4.55,0.0011,1,0,normal,none
1791357631,frontend,4.45,148.08,26.07,0.0006,1,0,normal,none
1791357631,cart-service,2.32,94.05,24.17,0.0015,1,0,normal,none
1791357631,payment-service,1.83,45.29,11.35,0.0015,1,0,normal,none
1791357631,productcatalog-service,2.12,61.68,16.45,0.0012,1,0,normal,none
1791357631,redis-cart,0.74,26.78,2.22,0.0011,1,0,normal,none
1791357634,frontend,3.01,151.94,25.63,0.0008,1,0,normal,none
1791357634,cart-service,2.26,98.0,20.73,0.0009,1,0,normal,none
1791357634,payment-service,1.45,47.46,12.36,0.0008,1,0,normal,none
1791357634,productcatalog-service,1.86,60.61,15.87,0.0011,1,0,normal,none
1791357634,redis-cart,0.89,31.02,5.4,0.0005,1,0,normal,none
1791357637,frontend,3.42,154.12,26.57,0.0007,1,0,normal,none
1791357637,cart-service,1.93,86.01,17.96,0.0012,1,0,normal,none
1791357637,payment-service,1.42,42.48,12.0,0.0013,1,0,normal,none
1791357637,productcatalog-service,2.34,62.71,16.5,0.0013,1,0,normal,none
1791357637,redis-cart,0.71,30.34,4.14,0.0013,1,0,normal,none
1791357640,frontend,5.89,151.6,237.57,0.3462,1,1,cascade_redis_drop,redis-cart
1791357640,cart-service,4.05,105.3,366.76,0.7944,1,1,cascade_redis_drop,redis-cart
1791357640,payment-service,1.41,48.8,7.82,0.0006,1,1,cascade_redis_drop,redis-cart
1791357640,productcatalog-service,2.29,63.97,16.28,0.0013,1,1,cascade_redis_drop,redis-cart
1791357640,redis-cart,0.0,0.0,0.0,1.0,0,1,cascade_redis_drop,redis-cart
1791357643,frontend,6.34,156.58,220.4,0.4626,1,1,cascade_redis_drop,redis-cart
1791357643,cart-service,4.78,102.81,341.29,0.8088,1,1,cascade_redis_drop,redis-cart
1791357643,payment-service,1.56,43.41,10.28,0.001,1,1,cascade_redis_drop,redis-cart
1791357643,productcatalog-service,2.1,65.43,13.3,0.0009,1,1,cascade_redis_drop,redis-cart
1791357643,redis-cart,0.0,0.0,0.0,1.0,0,1,cascade_redis_drop,redis-cart
1791357646,frontend,7.4,152.77,272.51,0.4101,1,1,cascade_redis_drop,redis-cart
1791357646,cart-service,3.92,103.81,296.39,0.7747,1,1,cascade_redis_drop,redis-cart
1791357646,payment-service,1.46,42.66,10.58,0.001,1,1,cascade_redis_drop,redis-cart
1791357646,productcatalog-service,2.32,67.88,16.67,0.0013,1,1,cascade_redis_drop,redis-cart
1791357646,redis-cart,0.0,0.0,0.0,1.0,0,1,cascade_redis_drop,redis-cart
1791357649,frontend,5.11,160.88,229.24,0.3861,1,1,cascade_redis_drop,redis-cart
1791357649,cart-service,4.93,99.54,398.32,0.7598,1,1,cascade_redis_drop,redis-cart
1791357649,payment-service,1.34,40.87,12.72,0.0013,1,1,cascade_redis_drop,redis-cart
1791357649,productcatalog-service,1.31,61.6,13.68,0.0009,1,1,cascade_redis_drop,redis-cart
1791357649,redis-cart,0.0,0.0,0.0,1.0,0,1,cascade_redis_drop,redis-cart
1791357652,frontend,6.66,158.64,228.52,0.4439,1,1,cascade_redis_drop,redis-cart
1791357652,cart-service,4.27,104.89,382.19,0.8009,1,1,cascade_redis_drop,redis-cart
1791357652,payment-service,1.57,46.7,13.57,0.0007,1,1,cascade_redis_drop,redis-cart
1791357652,productcatalog-service,2.12,66.9,14.57,0.0012,1,1,cascade_redis_drop,redis-cart
1791357652,redis-cart,0.0,0.0,0.0,1.0,0,1,cascade_redis_drop,redis-cart
1791357655,frontend,6.5,153.99,238.48,0.3844,1,1,cascade_redis_drop,redis-cart
1791357655,cart-service,3.68,109.0,342.03,0.7519,1,1,cascade_redis_drop,redis-cart
1791357655,payment-service,1.24,46.89,10.4,0.0009,1,1,cascade_redis_drop,redis-cart
1791357655,productcatalog-service,2.07,66.3,14.7,0.0018,1,1,cascade_redis_drop,redis-cart
1791357655,redis-cart,0.0,0.0,0.0,1.0,0,1,cascade_redis_drop,redis-cart
1791357658,frontend,6.72,157.93,274.73,0.4072,1,1,cascade_redis_drop,redis-cart
1791357658,cart-service,4.55,109.27,350.39,0.8184,1,1,cascade_redis_drop,redis-cart
1791357658,payment-service,1.18,43.46,13.14,0.0008,1,1,cascade_redis_drop,redis-cart
1791357658,productcatalog-service,2.35,62.69,16.35,0.0005,1,1,cascade_redis_drop,redis-cart
1791357658,redis-cart,0.0,0.0,0.0,1.0,0,1,cascade_redis_drop,redis-cart
1791357661,frontend,6.99,166.23,240.99,0.4513,1,1,cascade_redis_drop,redis-cart
1791357661,cart-service,3.43,103.32,289.86,0.7864,1,1,cascade_redis_drop,redis-cart
1791357661,payment-service,1.46,43.81,12.17,0.0007,1,1,cascade_redis_drop,redis-cart
1791357661,productcatalog-service,1.72,66.83,16.01,0.0012,1,1,cascade_redis_drop,redis-cart
1791357661,redis-cart,0.0,0.0,0.0,1.0,0,1,cascade_redis_drop,redis-cart
1791357664,frontend,7.03,154.5,274.63,0.4491,1,1,cascade_redis_drop,redis-cart
1791357664,cart-service,5.41,103.89,254.59,0.7736,1,1,cascade_redis_drop,redis-cart
1791357664,payment-service,1.42,42.81,11.05,0.0003,1,1,cascade_redis_drop,redis-cart
1791357664,productcatalog-service,1.07,57.65,16.32,0.0015,1,1,cascade_redis_drop,redis-cart
1791357664,redis-cart,0.0,0.0,0.0,1.0,0,1,cascade_redis_drop,redis-cart
1791357667,frontend,6.75,159.64,172.56,0.4341,1,1,cascade_redis_drop,redis-cart
1791357667,cart-service,4.59,103.81,298.3,0.8093,1,1,cascade_redis_drop,redis-cart
1791357667,payment-service,1.35,46.6,12.16,0.0,1,1,cascade_redis_drop,redis-cart
1791357667,productcatalog-service,2.56,63.86,16.07,0.0009,1,1,cascade_redis_drop,redis-cart
1791357667,redis-cart,0.0,0.0,0.0,1.0,0,1,cascade_redis_drop,redis-cart
1791357670,frontend,3.28,150.82,28.47,0.0007,1,0,normal,none
1791357670,cart-service,1.12,100.98,13.1,0.0013,1,0,normal,none
1791357670,payment-service,1.72,46.85,9.59,0.0014,1,0,normal,none
1791357670,productcatalog-service,2.33,66.23,15.96,0.0009,1,0,normal,none
1791357670,redis-cart,0.92,33.11,5.25,0.0013,1,0,normal,none
1791357673,frontend,4.76,153.05,22.63,0.0014,1,0,normal,none
1791357673,cart-service,1.63,103.12,18.64,0.0012,1,0,normal,none
1791357673,payment-service,1.8,47.41,15.29,0.0004,1,0,normal,none
1791357673,productcatalog-service,1.07,66.03,11.69,0.0006,1,0,normal,none
1791357673,redis-cart,1.2,31.67,4.04,0.0012,1,0,normal,none
1791357676,frontend,2.98,154.71,25.97,0.0007,1,0,normal,none
1791357676,cart-service,2.82,109.21,16.41,0.0009,1,0,normal,none
1791357676,payment-service,1.89,45.39,12.15,0.0005,1,0,normal,none
1791357676,productcatalog-service,1.66,63.39,16.46,0.0006,1,0,normal,none
1791357676,redis-cart,0.98,34.07,4.69,0.0009,1,0,normal,none
1791357679,frontend,3.5,157.51,20.0,0.0002,1,0,normal,none
1791357679,cart-service,2.99,100.44,15.51,0.0015,1,0,normal,none
1791357679,payment-service,1.56,47.09,16.21,0.0013,1,0,normal,none
1791357679,productcatalog-service,2.11,61.8,14.76,0.0012,1,0,normal,none
1791357679,redis-cart,0.8,30.54,4.74,0.0015,1,0,normal,none
1791357682,frontend,3.82,153.73,19.77,0.0009,1,0,normal,none
1791357682,cart-service,2.16,102.08,17.19,0.0015,1,0,normal,none
1791357682,payment-service,1.46,45.21,10.49,0.0011,1,0,normal,none
1791357682,productcatalog-service,1.72,57.8,15.15,0.0007,1,0,normal,none
1791357682,redis-cart,0.86,35.55,3.07,0.0012,1,0,normal,none
1791357685,frontend,4.58,151.76,22.62,0.0009,1,0,normal,none
1791357685,cart-service,3.14,96.79,18.99,0.0004,1,0,normal,none
1791357685,payment-service,1.68,42.34,13.13,0.0015,1,0,normal,none
1791357685,productcatalog-service,2.0,67.15,9.18,0.0003,1,0,normal,none
1791357685,redis-cart,0.96,35.01,4.5,0.001,1,0,normal,none
1791357688,frontend,3.59,147.11,25.07,0.0011,1,0,normal,none
1791357688,cart-service,1.8,101.57,18.75,0.001,1,0,normal,none
1791357688,payment-service,1.53,44.7,12.2,0.0008,1,0,normal,none
1791357688,productcatalog-service,2.18,67.06,13.45,0.0003,1,0,normal,none
1791357688,redis-cart,0.89,33.32,4.21,0.0012,1,0,normal,none
1791357691,frontend,3.75,141.04,22.35,0.0014,1,0,normal,none
1791357691,cart-service,1.76,93.59,15.93,0.001,1,0,normal,none
1791357691,payment-service,1.8,44.7,12.07,0.0014,1,0,normal,none
1791357691,productcatalog-service,1.55,68.12,12.63,0.0006,1,0,normal,none
1791357691,redis-cart,1.04,31.68,2.59,0.0009,1,0,normal,none
1791357694,frontend,4.96,147.58,23.23,0.0013,1,0,normal,none
1791357694,cart-service,1.34,100.76,18.71,0.0007,1,0,normal,none
1791357694,payment-service,0.4,49.19,9.05,0.0009,1,0,normal,none
1791357694,productcatalog-service,1.8,61.6,17.88,0.0004,1,0,normal,none
1791357694,redis-cart,1.12,30.55,5.1,0.0014,1,0,normal,none
1791357697,frontend,1.62,157.95,27.46,0.0007,1,0,normal,none
1791357697,cart-service,1.58,99.51,16.48,0.0009,1,0,normal,none
1791357697,payment-service,1.09,42.36,11.46,0.0019,1,0,normal,none
1791357697,productcatalog-service,1.76,57.7,12.83,0.0011,1,0,normal,none
1791357697,redis-cart,1.15,30.41,5.42,0.0008,1,0,normal,none
1791357700,frontend,3.25,147.78,24.79,0.0003,1,0,normal,none
1791357700,cart-service,1.43,97.0,11.97,0.0011,1,0,normal,none
1791357700,payment-service,1.05,50.41,13.95,0.0011,1,0,normal,none
1791357700,productcatalog-service,1.93,67.46,21.06,0.0008,1,0,normal,none
1791357700,redis-cart,1.2,30.61,4.91,0.0007,1,0,normal,none
1791357703,frontend,2.76,158.23,22.57,0.0008,1,0,normal,none
1791357703,cart-service,2.77,98.63,16.74,0.0012,1,0,normal,none
1791357703,payment-service,1.22,44.11,13.42,0.0016,1,0,normal,none
1791357703,productcatalog-service,1.53,68.56,10.83,0.0013,1,0,normal,none
1791357703,redis-cart,1.12,32.85,4.67,0.0008,1,0,normal,none
1791357706,frontend,3.0,148.63,20.68,0.0006,1,0,normal,none
1791357706,cart-service,2.06,93.84,18.4,0.001,1,0,normal,none
1791357706,payment-service,1.21,49.12,13.39,0.0005,1,0,normal,none
1791357706,productcatalog-service,1.94,65.38,11.82,0.0013,1,0,normal,none
1791357706,redis-cart,0.76,34.75,2.44,0.0012,1,0,normal,none
1791357709,frontend,4.33,153.26,23.56,0.0014,1,0,normal,none
1791357709,cart-service,3.09,98.38,13.18,0.0011,1,0,normal,none
1791357709,payment-service,1.96,48.44,11.82,0.0007,1,0,normal,none
1791357709,productcatalog-service,1.77,61.3,11.38,0.0004,1,0,normal,none
1791357709,redis-cart,1.06,34.13,3.48,0.0007,1,0,normal,none
1791357712,frontend,4.9,149.89,143.41,0.4807,1,1,pod_failure,cart-service
1791357712,cart-service,0.0,0.0,0.0,1.0,0,1,pod_failure,cart-service
1791357712,payment-service,0.7,46.28,11.43,0.0001,1,1,pod_failure,cart-service
1791357712,productcatalog-service,1.35,65.24,13.56,0.0007,1,1,pod_failure,cart-service
1791357712,redis-cart,0.65,36.53,3.84,0.0006,1,1,pod_failure,cart-service
1791357715,frontend,4.24,152.73,149.76,0.4192,1,1,pod_failure,cart-service
1791357715,cart-service,0.0,0.0,0.0,1.0,0,1,pod_failure,cart-service
1791357715,payment-service,1.58,49.9,10.31,0.001,1,1,pod_failure,cart-service
1791357715,productcatalog-service,1.82,59.69,15.54,0.0008,1,1,pod_failure,cart-service
1791357715,redis-cart,1.06,30.34,3.11,0.001,1,1,pod_failure,cart-service
1791357718,frontend,3.97,146.82,135.34,0.5064,1,1,pod_failure,cart-service
1791357718,cart-service,0.0,0.0,0.0,1.0,0,1,pod_failure,cart-service
1791357718,payment-service,0.83,49.28,10.8,0.0006,1,1,pod_failure,cart-service
1791357718,productcatalog-service,1.76,67.82,14.31,0.0005,1,1,pod_failure,cart-service
1791357718,redis-cart,0.96,31.06,2.8,0.0006,1,1,pod_failure,cart-service
1791357721,frontend,2.51,145.36,149.8,0.4002,1,1,pod_failure,cart-service
1791357721,cart-service,0.0,0.0,0.0,1.0,0,1,pod_failure,cart-service
1791357721,payment-service,1.32,41.66,8.24,0.0007,1,1,pod_failure,cart-service
1791357721,productcatalog-service,0.99,62.94,12.7,0.0007,1,1,pod_failure,cart-service
1791357721,redis-cart,0.89,31.7,2.16,0.0014,1,1,pod_failure,cart-service
1791357724,frontend,4.45,153.19,139.72,0.4807,1,1,pod_failure,cart-service
1791357724,cart-service,0.0,0.0,0.0,1.0,0,1,pod_failure,cart-service
1791357724,payment-service,0.66,42.07,9.97,0.0011,1,1,pod_failure,cart-service
1791357724,productcatalog-service,1.24,70.18,16.5,0.0012,1,1,pod_failure,cart-service
1791357724,redis-cart,0.84,32.05,3.91,0.001,1,1,pod_failure,cart-service
1791357727,frontend,3.55,154.22,162.5,0.3768,1,1,pod_failure,cart-service
1791357727,cart-service,0.0,0.0,0.0,1.0,0,1,pod_failure,cart-service
1791357727,payment-service,1.54,49.05,11.24,0.0005,1,1,pod_failure,cart-service
1791357727,productcatalog-service,2.23,62.81,9.63,0.0006,1,1,pod_failure,cart-service
1791357727,redis-cart,1.16,37.7,3.23,0.0003,1,1,pod_failure,cart-service
1791357730,frontend,3.45,145.71,139.56,0.4549,1,1,pod_failure,cart-service
1791357730,cart-service,0.0,0.0,0.0,1.0,0,1,pod_failure,cart-service
1791357730,payment-service,0.94,48.38,11.89,0.0014,1,1,pod_failure,cart-service
1791357730,productcatalog-service,1.17,64.26,12.61,0.0008,1,1,pod_failure,cart-service
1791357730,redis-cart,0.98,34.91,4.64,0.0011,1,1,pod_failure,cart-service
1791357733,frontend,4.12,147.96,192.36,0.4411,1,1,pod_failure,cart-service
1791357733,cart-service,0.0,0.0,0.0,1.0,0,1,pod_failure,cart-service
1791357733,payment-service,1.78,48.41,11.77,0.0009,1,1,pod_failure,cart-service
1791357733,productcatalog-service,2.04,61.74,12.18,0.0011,1,1,pod_failure,cart-service
1791357733,redis-cart,1.01,34.95,3.69,0.0004,1,1,pod_failure,cart-service
1791357736,frontend,3.87,151.6,132.18,0.5106,1,1,pod_failure,cart-service
1791357736,cart-service,0.0,0.0,0.0,1.0,0,1,pod_failure,cart-service
1791357736,payment-service,0.66,38.08,11.36,0.0012,1,1,pod_failure,cart-service
1791357736,productcatalog-service,1.73,68.1,12.16,0.0006,1,1,pod_failure,cart-service
1791357736,redis-cart,0.64,31.11,2.4,0.0012,1,1,pod_failure,cart-service
1791357739,frontend,4.03,161.35,133.44,0.5561,1,1,pod_failure,cart-service
1791357739,cart-service,0.0,0.0,0.0,1.0,0,1,pod_failure,cart-service
1791357739,payment-service,1.34,47.2,11.89,0.0011,1,1,pod_failure,cart-service
1791357739,productcatalog-service,2.58,61.75,14.92,0.0015,1,1,pod_failure,cart-service
1791357739,redis-cart,0.87,32.26,4.02,0.0006,1,1,pod_failure,cart-service
1791357742,frontend,6.13,157.54,17.72,0.0008,1,0,normal,none
1791357742,cart-service,1.75,109.3,12.16,0.0009,1,0,normal,none
1791357742,payment-service,1.86,43.91,10.26,0.0012,1,0,normal,none
1791357742,productcatalog-service,1.6,66.94,18.33,0.0012,1,0,normal,none
1791357742,redis-cart,0.48,33.73,2.1,0.0009,1,0,normal,none
1791357745,frontend,2.05,154.31,19.29,0.0013,1,0,normal,none
1791357745,cart-service,1.6,92.43,12.51,0.0009,1,0,normal,none
1791357745,payment-service,1.62,49.06,13.72,0.0009,1,0,normal,none
1791357745,productcatalog-service,1.83,67.67,9.76,0.0016,1,0,normal,none
1791357745,redis-cart,0.69,36.45,3.74,0.0007,1,0,normal,none
1791357748,frontend,4.1,143.0,23.93,0.0006,1,0,normal,none
1791357748,cart-service,0.75,101.1,15.34,0.0009,1,0,normal,none
1791357748,payment-service,1.23,46.61,9.06,0.0013,1,0,normal,none
1791357748,productcatalog-service,1.33,64.25,14.68,0.001,1,0,normal,none
1791357748,redis-cart,0.92,30.24,3.83,0.0008,1,0,normal,none
1791357751,frontend,3.21,161.86,30.36,0.0006,1,0,normal,none
1791357751,cart-service,2.33,99.63,10.57,0.0011,1,0,normal,none
1791357751,payment-service,1.31,48.23,7.89,0.0014,1,0,normal,none
1791357751,productcatalog-service,1.87,67.2,14.16,0.0009,1,0,normal,none
1791357751,redis-cart,0.96,34.74,4.12,0.0009,1,0,normal,none
1791357754,frontend,3.63,153.24,21.73,0.0004,1,0,normal,none
1791357754,cart-service,1.81,102.51,15.57,0.0005,1,0,normal,none
1791357754,payment-service,1.03,47.3,11.94,0.0009,1,0,normal,none
1791357754,productcatalog-service,1.72,74.68,14.99,0.0011,1,0,normal,none
1791357754,redis-cart,0.44,34.17,4.84,0.001,1,0,normal,none
1791357757,frontend,2.44,165.24,20.04,0.0008,1,0,normal,none
1791357757,cart-service,2.65,100.96,15.66,0.0008,1,0,normal,none
1791357757,payment-service,1.93,44.35,10.53,0.001,1,0,normal,none
1791357757,productcatalog-service,2.09,58.27,11.66,0.001,1,0,normal,none
1791357757,redis-cart,0.88,32.65,3.23,0.0011,1,0,normal,none
1791357760,frontend,3.89,150.1,18.86,0.0008,1,0,normal,none
1791357760,cart-service,1.59,106.74,15.59,0.0016,1,0,normal,none
1791357760,payment-service,0.83,46.58,10.34,0.001,1,0,normal,none
1791357760,productcatalog-service,1.96,65.29,11.68,0.0013,1,0,normal,none
1791357760,redis-cart,0.48,33.64,2.53,0.0004,1,0,normal,none
1791357763,frontend,3.09,148.76,26.05,0.0011,1,0,normal,none
1791357763,cart-service,1.68,105.25,12.66,0.0017,1,0,normal,none
1791357763,payment-service,0.84,44.93,11.92,0.0011,1,0,normal,none
1791357763,productcatalog-service,1.55,66.16,13.63,0.0011,1,0,normal,none
1791357763,redis-cart,0.9,34.33,2.74,0.0007,1,0,normal,none
1791357766,frontend,3.92,145.97,21.67,0.0014,1,0,normal,none
1791357766,cart-service,1.29,99.7,8.54,0.0012,1,0,normal,none
1791357766,payment-service,1.73,44.91,9.65,0.0012,1,0,normal,none
1791357766,productcatalog-service,1.79,68.41,11.33,0.0018,1,0,normal,none
1791357766,redis-cart,0.92,35.97,4.65,0.0013,1,0,normal,none
1791357769,frontend,3.19,143.31,22.22,0.0008,1,0,normal,none
1791357769,cart-service,2.8,100.96,17.35,0.0,1,0,normal,none
1791357769,payment-service,0.9,49.29,10.34,0.0011,1,0,normal,none
1791357769,productcatalog-service,1.58,67.74,14.72,0.0008,1,0,normal,none
1791357769,redis-cart,0.89,31.36,3.39,0.0007,1,0,normal,none
1791357772,frontend,1.39,151.53,23.41,0.0015,1,0,normal,none
1791357772,cart-service,2.03,104.87,13.61,0.0004,1,0,normal,none
1791357772,payment-service,1.96,45.95,8.59,0.001,1,0,normal,none
1791357772,productcatalog-service,1.11,67.26,13.75,0.0011,1,0,normal,none
1791357772,redis-cart,0.64,33.7,3.89,0.0012,1,0,normal,none
1791357775,frontend,4.1,156.43,22.98,0.001,1,0,normal,none
1791357775,cart-service,1.7,98.64,15.12,0.0012,1,0,normal,none
1791357775,payment-service,1.04,39.79,8.86,0.0006,1,0,normal,none
1791357775,productcatalog-service,1.3,66.85,9.76,0.0015,1,0,normal,none
1791357775,redis-cart,0.66,33.96,2.6,0.0013,1,0,normal,none
1791357778,frontend,2.46,150.96,20.11,0.0008,1,0,normal,none
1791357778,cart-service,1.24,97.84,13.28,0.0016,1,0,normal,none
1791357778,payment-service,1.26,44.42,11.6,0.0011,1,0,normal,none
1791357778,productcatalog-service,0.72,69.51,13.52,0.0009,1,0,normal,none
1791357778,redis-cart,0.47,33.94,4.88,0.0009,1,0,normal,none
1791357781,frontend,3.12,155.63,21.76,0.0004,1,0,normal,none
1791357781,cart-service,1.95,92.11,13.36,0.0009,1,0,normal,none
1791357781,payment-service,1.08,42.88,9.48,0.0011,1,0,normal,none
1791357781,productcatalog-service,2.04,66.62,11.6,0.001,1,0,normal,none
1791357781,redis-cart,0.41,36.53,3.86,0.001,1,0,normal,none
1791357784,frontend,2.69,166.0,23.94,0.0,1,1,cpu_stress,payment-service
1791357784,cart-service,2.42,91.74,12.64,0.0007,1,1,cpu_stress,payment-service
1791357784,payment-service,93.09,63.26,43.01,0.0364,1,1,cpu_stress,payment-service
1791357784,productcatalog-service,1.26,64.17,11.3,0.0018,1,1,cpu_stress,payment-service
1791357784,redis-cart,0.86,32.71,2.64,0.0016,1,1,cpu_stress,payment-service
1791357787,frontend,3.58,145.01,27.21,0.0007,1,1,cpu_stress,payment-service
1791357787,cart-service,2.83,98.66,13.9,0.0005,1,1,cpu_stress,payment-service
1791357787,payment-service,95.34,70.9,38.24,0.0338,1,1,cpu_stress,payment-service
1791357787,productcatalog-service,1.72,70.52,13.12,0.0021,1,1,cpu_stress,payment-service
1791357787,redis-cart,0.54,31.07,2.9,0.0019,1,1,cpu_stress,payment-service
1791357790,frontend,1.87,149.54,18.22,0.0001,1,1,cpu_stress,payment-service
1791357790,cart-service,1.58,100.73,14.4,0.001,1,1,cpu_stress,payment-service
1791357790,payment-service,92.82,75.54,38.79,0.0308,1,1,cpu_stress,payment-service
1791357790,productcatalog-service,2.13,67.29,11.89,0.0003,1,1,cpu_stress,payment-service
1791357790,redis-cart,0.58,32.98,3.44,0.0006,1,1,cpu_stress,payment-service
1791357793,frontend,1.96,157.86,21.26,0.0015,1,1,cpu_stress,payment-service
1791357793,cart-service,1.83,101.47,18.59,0.0007,1,1,cpu_stress,payment-service
1791357793,payment-service,90.87,70.53,36.5,0.0281,1,1,cpu_stress,payment-service
1791357793,productcatalog-service,1.41,73.86,11.94,0.0001,1,1,cpu_stress,payment-service
1791357793,redis-cart,0.65,34.98,3.05,0.001,1,1,cpu_stress,payment-service
1791357796,frontend,3.67,153.14,18.87,0.0004,1,1,cpu_stress,payment-service
1791357796,cart-service,2.28,100.7,16.33,0.0005,1,1,cpu_stress,payment-service
1791357796,payment-service,93.05,70.58,43.92,0.0401,1,1,cpu_stress,payment-service
1791357796,productcatalog-service,1.74,65.01,8.05,0.001,1,1,cpu_stress,payment-service
1791357796,redis-cart,0.43,33.36,3.73,0.0009,1,1,cpu_stress,payment-service
1791357799,frontend,4.29,152.74,26.69,0.0006,1,1,cpu_stress,payment-service
1791357799,cart-service,1.25,96.87,14.68,0.0012,1,1,cpu_stress,payment-service
1791357799,payment-service,92.86,69.12,31.89,0.0276,1,1,cpu_stress,payment-service
1791357799,productcatalog-service,1.54,64.55,13.74,0.0015,1,1,cpu_stress,payment-service
1791357799,redis-cart,0.7,34.34,4.16,0.0014,1,1,cpu_stress,payment-service
1791357802,frontend,3.36,145.32,23.32,0.0007,1,1,cpu_stress,payment-service
1791357802,cart-service,1.24,101.87,14.74,0.0009,1,1,cpu_stress,payment-service
1791357802,payment-service,93.32,72.08,38.7,0.0336,1,1,cpu_stress,payment-service
1791357802,productcatalog-service,1.99,62.11,12.13,0.0011,1,1,cpu_stress,payment-service
1791357802,redis-cart,0.91,34.28,4.22,0.0017,1,1,cpu_stress,payment-service
1791357805,frontend,3.44,158.86,18.6,0.0014,1,1,cpu_stress,payment-service
1791357805,cart-service,0.96,97.86,13.79,0.0012,1,1,cpu_stress,payment-service
1791357805,payment-service,91.57,70.99,30.5,0.0463,1,1,cpu_stress,payment-service
1791357805,productcatalog-service,1.56,68.58,11.36,0.0008,1,1,cpu_stress,payment-service
1791357805,redis-cart,0.94,35.81,3.66,0.001,1,1,cpu_stress,payment-service
1791357808,frontend,5.05,143.5,25.45,0.0007,1,1,cpu_stress,payment-service
1791357808,cart-service,0.76,99.24,13.71,0.0006,1,1,cpu_stress,payment-service
1791357808,payment-service,90.56,72.05,30.6,0.0291,1,1,cpu_stress,payment-service
1791357808,productcatalog-service,2.08,60.99,8.01,0.001,1,1,cpu_stress,payment-service
1791357808,redis-cart,0.72,32.17,1.7,0.0003,1,1,cpu_stress,payment-service
1791357811,frontend,3.8,153.01,21.51,0.001,1,1,cpu_stress,payment-service
1791357811,cart-service,0.93,95.98,13.0,0.0011,1,1,cpu_stress,payment-service
1791357811,payment-service,92.52,77.78,39.83,0.0157,1,1,cpu_stress,payment-service
1791357811,productcatalog-service,1.96,67.82,12.39,0.0009,1,1,cpu_stress,payment-service
1791357811,redis-cart,0.81,35.28,3.65,0.0002,1,1,cpu_stress,payment-service
1791357814,frontend,3.34,154.73,21.12,0.0011,1,0,normal,none
1791357814,cart-service,2.91,101.47,14.63,0.0013,1,0,normal,none
1791357814,payment-service,1.48,44.75,11.13,0.001,1,0,normal,none
1791357814,productcatalog-service,2.49,68.76,10.94,0.0008,1,0,normal,none
1791357814,redis-cart,0.91,32.31,3.25,0.0005,1,0,normal,none
1791357817,frontend,2.81,149.37,19.69,0.0014,1,0,normal,none
1791357817,cart-service,1.14,92.45,14.31,0.0012,1,0,normal,none
1791357817,payment-service,1.03,45.19,8.11,0.0011,1,0,normal,none
1791357817,productcatalog-service,2.13,66.51,14.91,0.0014,1,0,normal,none
1791357817,redis-cart,0.85,33.93,4.04,0.0009,1,0,normal,none
1791357820,frontend,4.07,154.88,17.22,0.0008,1,0,normal,none
1791357820,cart-service,1.46,99.34,13.67,0.0002,1,0,normal,none
1791357820,payment-service,1.53,46.24,11.0,0.0013,1,0,normal,none
1791357820,productcatalog-service,2.13,65.58,11.42,0.0008,1,0,normal,none
1791357820,redis-cart,0.81,32.61,4.53,0.0012,1,0,normal,none
1791357823,frontend,1.07,158.47,27.14,0.0006,1,0,normal,none
1791357823,cart-service,1.72,98.45,17.39,0.0013,1,0,normal,none
1791357823,payment-service,0.68,48.1,9.91,0.0011,1,0,normal,none
1791357823,productcatalog-service,1.77,63.13,16.3,0.0012,1,0,normal,none
1791357823,redis-cart,0.61,35.54,2.53,0.0005,1,0,normal,none
1791357826,frontend,3.51,155.22,16.16,0.0005,1,0,normal,none
1791357826,cart-service,0.61,96.25,16.88,0.0013,1,0,normal,none
1791357826,payment-service,1.02,45.68,7.67,0.0013,1,0,normal,none
1791357826,productcatalog-service,1.33,69.06,9.95,0.0009,1,0,normal,none
1791357826,redis-cart,0.4,35.89,4.73,0.0011,1,0,normal,none
1791357829,frontend,3.05,151.79,24.92,0.0016,1,0,normal,none
1791357829,cart-service,1.73,100.91,13.08,0.0011,1,0,normal,none
1791357829,payment-service,1.59,46.11,10.88,0.0006,1,0,normal,none
1791357829,productcatalog-service,2.25,62.61,13.92,0.0005,1,0,normal,none
1791357829,redis-cart,0.6,37.95,3.04,0.001,1,0,normal,none
1791357832,frontend,4.19,159.7,23.37,0.0009,1,0,normal,none
1791357832,cart-service,1.35,91.58,15.05,0.0009,1,0,normal,none
1791357832,payment-service,1.38,48.3,10.8,0.0009,1,0,normal,none
1791357832,productcatalog-service,2.29,71.02,9.09,0.0009,1,0,normal,none
1791357832,redis-cart,0.77,31.6,2.9,0.0015,1,0,normal,none
1791357835,frontend,2.83,152.1,18.47,0.0009,1,0,normal,none
1791357835,cart-service,2.18,103.13,14.21,0.0014,1,0,normal,none
1791357835,payment-service,0.94,45.29,10.72,0.001,1,0,normal,none
1791357835,productcatalog-service,1.46,68.79,14.88,0.001,1,0,normal,none
1791357835,redis-cart,0.75,34.46,4.16,0.0005,1,0,normal,none
1791357838,frontend,4.94,150.59,24.2,0.0002,1,0,normal,none
1791357838,cart-service,1.63,106.95,17.6,0.0008,1,0,normal,none
1791357838,payment-service,2.2,43.01,10.19,0.0003,1,0,normal,none
1791357838,productcatalog-service,2.07,66.27,14.02,0.0011,1,0,normal,none
1791357838,redis-cart,0.73,31.9,4.5,0.0009,1,0,normal,none
1791357841,frontend,4.16,142.91,24.31,0.0008,1,0,normal,none
1791357841,cart-service,1.54,97.38,18.07,0.0006,1,0,normal,none
1791357841,payment-service,1.62,44.97,10.32,0.001,1,0,normal,none
1791357841,productcatalog-service,1.53,61.1,13.03,0.0013,1,0,normal,none
1791357841,redis-cart,0.75,34.11,3.23,0.0009,1,0,normal,none
1791357844,frontend,5.31,147.76,22.31,0.0006,1,0,normal,none
1791357844,cart-service,0.53,94.14,16.26,0.001,1,0,normal,none
1791357844,payment-service,1.14,45.07,8.44,0.0011,1,0,normal,none
1791357844,productcatalog-service,1.7,63.81,12.61,0.0013,1,0,normal,none
1791357844,redis-cart,0.76,31.95,3.09,0.0015,1,0,normal,none
1791357847,frontend,2.82,151.11,20.71,0.001,1,0,normal,none
1791357847,cart-service,2.92,98.53,15.8,0.0015,1,0,normal,none
1791357847,payment-service,0.51,45.76,10.23,0.0009,1,0,normal,none
1791357847,productcatalog-service,1.97,69.28,16.49,0.0021,1,0,normal,none
1791357847,redis-cart,0.94,34.84,2.37,0.0012,1,0,normal,none
1791357850,frontend,3.31,159.15,26.76,0.0013,1,0,normal,none
1791357850,cart-service,1.86,101.52,9.99,0.0007,1,0,normal,none
1791357850,payment-service,1.38,46.51,9.39,0.0012,1,0,normal,none
1791357850,productcatalog-service,2.35,63.85,11.23,0.0013,1,0,normal,none
1791357850,redis-cart,0.87,33.39,5.13,0.0006,1,0,normal,none
1791357853,frontend,4.67,150.92,21.5,0.0015,1,0,normal,none
1791357853,cart-service,1.39,97.06,14.71,0.0011,1,0,normal,none
1791357853,payment-service,1.06,45.3,10.86,0.0008,1,0,normal,none
1791357853,productcatalog-service,1.66,73.41,12.95,0.0014,1,0,normal,none
1791357853,redis-cart,1.01,34.33,4.15,0.0008,1,0,normal,none
1791357856,frontend,4.01,152.78,384.91,0.0335,1,1,network_latency,productcatalog-service
1791357856,cart-service,2.11,99.73,16.88,0.0011,1,1,network_latency,productcatalog-service
1791357856,payment-service,1.15,45.72,9.44,0.0009,1,1,network_latency,productcatalog-service
1791357856,productcatalog-service,1.75,61.39,891.28,0.0202,1,1,network_latency,productcatalog-service
1791357856,redis-cart,0.95,32.69,3.47,0.0009,1,1,network_latency,productcatalog-service
1791357859,frontend,3.54,153.97,340.67,0.0324,1,1,network_latency,productcatalog-service
1791357859,cart-service,1.82,102.48,13.86,0.0012,1,1,network_latency,productcatalog-service
1791357859,payment-service,1.38,45.68,12.48,0.0003,1,1,network_latency,productcatalog-service
1791357859,productcatalog-service,1.2,65.65,806.27,0.0258,1,1,network_latency,productcatalog-service
1791357859,redis-cart,0.76,34.58,4.37,0.0007,1,1,network_latency,productcatalog-service
1791357862,frontend,4.07,145.07,355.13,0.0264,1,1,network_latency,productcatalog-service
1791357862,cart-service,1.99,101.41,17.55,0.0014,1,1,network_latency,productcatalog-service
1791357862,payment-service,1.49,47.11,15.39,0.0013,1,1,network_latency,productcatalog-service
1791357862,productcatalog-service,2.17,69.75,925.01,0.0258,1,1,network_latency,productcatalog-service
1791357862,redis-cart,0.87,36.54,4.6,0.0012,1,1,network_latency,productcatalog-service
1791357865,frontend,3.23,151.0,307.77,0.054,1,1,network_latency,productcatalog-service
1791357865,cart-service,2.03,101.09,15.3,0.0011,1,1,network_latency,productcatalog-service
1791357865,payment-service,1.52,45.23,11.68,0.001,1,1,network_latency,productcatalog-service
1791357865,productcatalog-service,1.97,60.69,1089.91,0.016,1,1,network_latency,productcatalog-service
1791357865,redis-cart,0.98,35.1,2.92,0.0007,1,1,network_latency,productcatalog-service
1791357868,frontend,3.66,158.83,346.27,0.038,1,1,network_latency,productcatalog-service
1791357868,cart-service,1.87,93.14,9.56,0.0014,1,1,network_latency,productcatalog-service
1791357868,payment-service,1.44,46.34,10.86,0.0005,1,1,network_latency,productcatalog-service
1791357868,productcatalog-service,1.15,64.68,988.5,0.0237,1,1,network_latency,productcatalog-service
1791357868,redis-cart,0.97,33.49,3.27,0.0001,1,1,network_latency,productcatalog-service
1791357871,frontend,4.43,144.68,296.59,0.0293,1,1,network_latency,productcatalog-service
1791357871,cart-service,1.74,97.99,14.43,0.0015,1,1,network_latency,productcatalog-service
1791357871,payment-service,2.07,42.71,9.37,0.0005,1,1,network_latency,productcatalog-service
1791357871,productcatalog-service,2.04,63.13,821.9,0.0174,1,1,network_latency,productcatalog-service
1791357871,redis-cart,1.11,36.68,3.46,0.0007,1,1,network_latency,productcatalog-service
1791357874,frontend,4.04,162.18,354.86,0.0362,1,1,network_latency,productcatalog-service
1791357874,cart-service,1.9,98.01,13.97,0.0007,1,1,network_latency,productcatalog-service
1791357874,payment-service,1.77,44.4,12.15,0.0011,1,1,network_latency,productcatalog-service
1791357874,productcatalog-service,1.98,64.46,969.52,0.0087,1,1,network_latency,productcatalog-service
1791357874,redis-cart,1.03,34.56,2.48,0.0011,1,1,network_latency,productcatalog-service
1791357877,frontend,3.39,149.94,336.55,0.0331,1,1,network_latency,productcatalog-service
1791357877,cart-service,1.86,94.68,13.45,0.0008,1,1,network_latency,productcatalog-service
1791357877,payment-service,1.47,48.29,12.04,0.0,1,1,network_latency,productcatalog-service
1791357877,productcatalog-service,1.99,68.64,880.6,0.0216,1,1,network_latency,productcatalog-service
1791357877,redis-cart,0.96,33.1,3.83,0.0002,1,1,network_latency,productcatalog-service
1791357880,frontend,3.54,151.95,320.0,0.0401,1,1,network_latency,productcatalog-service
1791357880,cart-service,2.29,94.61,14.29,0.001,1,1,network_latency,productcatalog-service
1791357880,payment-service,1.43,44.96,11.3,0.0009,1,1,network_latency,productcatalog-service
1791357880,productcatalog-service,2.99,66.88,864.03,0.0112,1,1,network_latency,productcatalog-service
1791357880,redis-cart,0.79,31.3,4.61,0.0002,1,1,network_latency,productcatalog-service
1791357883,frontend,4.71,138.04,348.23,0.0286,1,1,network_latency,productcatalog-service
1791357883,cart-service,2.29,97.67,16.72,0.0017,1,1,network_latency,productcatalog-service
1791357883,payment-service,2.01,46.64,13.64,0.0014,1,1,network_latency,productcatalog-service
1791357883,productcatalog-service,1.84,60.69,888.49,0.0251,1,1,network_latency,productcatalog-service
1791357883,redis-cart,0.96,31.99,3.92,0.0013,1,1,network_latency,productcatalog-service
1791357886,frontend,3.68,153.57,26.62,0.0008,1,0,normal,none
1791357886,cart-service,2.31,95.74,11.59,0.001,1,0,normal,none
1791357886,payment-service,1.44,48.83,13.7,0.0011,1,0,normal,none
1791357886,productcatalog-service,2.21,69.37,10.87,0.0013,1,0,normal,none
1791357886,redis-cart,1.11,32.53,3.62,0.0013,1,0,normal,none
1791357889,frontend,4.24,139.31,18.85,0.0011,1,0,normal,none
1791357889,cart-service,1.85,92.43,14.94,0.001,1,0,normal,none
1791357889,payment-service,1.9,45.7,14.6,0.0006,1,0,normal,none
1791357889,productcatalog-service,1.63,68.04,15.6,0.0012,1,0,normal,none
1791357889,redis-cart,0.84,33.32,4.44,0.0013,1,0,normal,none
1791357892,frontend,4.47,149.54,22.72,0.0007,1,0,normal,none
1791357892,cart-service,2.6,100.5,16.28,0.0009,1,0,normal,none
1791357892,payment-service,1.11,44.07,10.0,0.0018,1,0,normal,none
1791357892,productcatalog-service,1.26,65.76,16.39,0.0015,1,0,normal,none
1791357892,redis-cart,0.6,32.14,3.64,0.0008,1,0,normal,none
1791357895,frontend,3.09,149.42,28.37,0.0014,1,0,normal,none
1791357895,cart-service,2.36,96.72,16.67,0.0009,1,0,normal,none
1791357895,payment-service,1.69,37.92,11.6,0.0014,1,0,normal,none
1791357895,productcatalog-service,2.22,59.25,13.11,0.0016,1,0,normal,none
1791357895,redis-cart,0.62,30.4,3.61,0.0015,1,0,normal,none
1791357898,frontend,4.36,160.13,26.32,0.0007,1,0,normal,none
1791357898,cart-service,2.39,97.45,20.16,0.0011,1,0,normal,none
1791357898,payment-service,1.68,46.48,14.66,0.0001,1,0,normal,none
1791357898,productcatalog-service,1.57,65.66,14.68,0.0007,1,0,normal,none
1791357898,redis-cart,0.7,33.31,3.99,0.0007,1,0,normal,none
1791357901,frontend,3.37,138.53,24.9,0.001,1,0,normal,none
1791357901,cart-service,1.84,98.01,20.62,0.0006,1,0,normal,none
1791357901,payment-service,1.06,42.24,11.64,0.0016,1,0,normal,none
1791357901,productcatalog-service,2.16,69.86,17.99,0.0007,1,0,normal,none
1791357901,redis-cart,1.01,32.75,3.44,0.0005,1,0,normal,none
1791357904,frontend,5.05,142.55,25.51,0.0013,1,0,normal,none
1791357904,cart-service,2.4,98.07,15.63,0.0012,1,0,normal,none
1791357904,payment-service,1.63,45.76,14.91,0.0019,1,0,normal,none
1791357904,productcatalog-service,2.37,63.45,15.58,0.0012,1,0,normal,none
1791357904,redis-cart,0.77,33.66,4.69,0.0015,1,0,normal,none
1791357907,frontend,4.19,157.33,30.35,0.0011,1,0,normal,none
1791357907,cart-service,1.58,93.56,18.36,0.0007,1,0,normal,none
1791357907,payment-service,1.24,45.35,15.06,0.0008,1,0,normal,none
1791357907,productcatalog-service,1.94,67.46,13.04,0.001,1,0,normal,none
1791357907,redis-cart,0.84,33.21,5.06,0.0,1,0,normal,none
1791357910,frontend,2.84,148.03,24.44,0.0012,1,0,normal,none
1791357910,cart-service,2.39,95.39,19.44,0.001,1,0,normal,none
1791357910,payment-service,1.89,46.51,11.18,0.0009,1,0,normal,none
1791357910,productcatalog-service,2.13,61.21,13.85,0.0007,1,0,normal,none
1791357910,redis-cart,1.06,35.48,3.85,0.0013,1,0,normal,none
1791357913,frontend,5.64,144.47,30.39,0.0005,1,0,normal,none
1791357913,cart-service,4.63,97.71,13.0,0.0006,1,0,normal,none
1791357913,payment-service,1.23,42.66,14.15,0.0012,1,0,normal,none
1791357913,productcatalog-service,2.11,60.42,17.63,0.0016,1,0,normal,none
1791357913,redis-cart,0.84,30.23,3.22,0.0008,1,0,normal,none
1791357916,frontend,3.58,139.74,23.51,0.0013,1,0,normal,none
1791357916,cart-service,3.05,97.74,17.59,0.001,1,0,normal,none
1791357916,payment-service,2.01,41.6,13.9,0.0014,1,0,normal,none
1791357916,productcatalog-service,1.34,62.15,18.39,0.0009,1,0,normal,none
1791357916,redis-cart,0.79,30.86,3.58,0.0008,1,0,normal,none
1791357919,frontend,4.29,153.95,24.52,0.0011,1,0,normal,none
1791357919,cart-service,2.58,101.01,15.26,0.0009,1,0,normal,none
1791357919,payment-service,1.27,42.19,9.21,0.001,1,0,normal,none
1791357919,productcatalog-service,1.73,67.2,10.41,0.0012,1,0,normal,none
1791357919,redis-cart,0.79,34.31,3.79,0.0013,1,0,normal,none
1791357922,frontend,5.19,145.31,25.18,0.0011,1,0,normal,none
1791357922,cart-service,1.85,97.71,17.13,0.0006,1,0,normal,none
1791357922,payment-service,0.76,39.94,13.68,0.0007,1,0,normal,none
1791357922,productcatalog-service,2.23,59.7,11.97,0.0016,1,0,normal,none
1791357922,redis-cart,1.04,30.71,4.91,0.0007,1,0,normal,none
1791357925,frontend,3.93,152.98,23.55,0.0011,1,0,normal,none
1791357925,cart-service,1.82,97.52,19.01,0.0007,1,0,normal,none
1791357925,payment-service,1.75,39.31,13.97,0.001,1,0,normal,none
1791357925,productcatalog-service,2.34,67.22,17.21,0.0011,1,0,normal,none
1791357925,redis-cart,1.04,32.78,3.53,0.0006,1,0,normal,none
1791357928,frontend,3.56,147.05,29.9,0.0012,1,1,memory_leak,redis-cart
1791357928,cart-service,2.24,100.14,20.26,0.0019,1,1,memory_leak,redis-cart
1791357928,payment-service,1.88,41.49,11.06,0.001,1,1,memory_leak,redis-cart
1791357928,productcatalog-service,2.26,62.35,12.37,0.0011,1,1,memory_leak,redis-cart
1791357928,redis-cart,4.48,191.95,9.33,0.017,1,1,memory_leak,redis-cart
1791357931,frontend,5.1,149.61,33.14,0.0007,1,1,memory_leak,redis-cart
1791357931,cart-service,1.71,95.84,13.31,0.001,1,1,memory_leak,redis-cart
1791357931,payment-service,1.41,48.29,15.03,0.0012,1,1,memory_leak,redis-cart
1791357931,productcatalog-service,2.29,63.03,12.6,0.0007,1,1,memory_leak,redis-cart
1791357931,redis-cart,4.65,219.55,7.92,0.0143,1,1,memory_leak,redis-cart
1791357934,frontend,4.7,146.85,24.96,0.0011,1,1,memory_leak,redis-cart
1791357934,cart-service,1.97,92.33,21.49,0.0013,1,1,memory_leak,redis-cart
1791357934,payment-service,1.61,47.56,9.63,0.0011,1,1,memory_leak,redis-cart
1791357934,productcatalog-service,1.38,62.41,13.56,0.0008,1,1,memory_leak,redis-cart
1791357934,redis-cart,3.67,232.19,5.39,0.01,1,1,memory_leak,redis-cart
1791357937,frontend,3.97,141.61,25.16,0.0006,1,1,memory_leak,redis-cart
1791357937,cart-service,2.64,94.31,18.71,0.0009,1,1,memory_leak,redis-cart
1791357937,payment-service,0.92,39.66,13.99,0.0012,1,1,memory_leak,redis-cart
1791357937,productcatalog-service,1.22,64.76,14.65,0.0017,1,1,memory_leak,redis-cart
1791357937,redis-cart,4.37,243.17,8.43,0.02,1,1,memory_leak,redis-cart
1791357940,frontend,4.79,153.02,21.28,0.0009,1,1,memory_leak,redis-cart
1791357940,cart-service,2.56,104.89,22.79,0.001,1,1,memory_leak,redis-cart
1791357940,payment-service,1.4,42.26,14.56,0.0013,1,1,memory_leak,redis-cart
1791357940,productcatalog-service,2.03,64.93,14.62,0.0011,1,1,memory_leak,redis-cart
1791357940,redis-cart,3.37,267.69,8.74,0.0091,1,1,memory_leak,redis-cart
1791357943,frontend,4.76,150.83,27.05,0.0009,1,1,memory_leak,redis-cart
1791357943,cart-service,2.17,87.5,19.06,0.0007,1,1,memory_leak,redis-cart
1791357943,payment-service,1.12,43.83,13.0,0.0014,1,1,memory_leak,redis-cart
1791357943,productcatalog-service,2.89,63.79,16.32,0.001,1,1,memory_leak,redis-cart
1791357943,redis-cart,3.65,289.66,5.44,0.0062,1,1,memory_leak,redis-cart
1791357946,frontend,4.77,151.12,27.3,0.0011,1,1,memory_leak,redis-cart
1791357946,cart-service,1.81,96.82,17.58,0.0007,1,1,memory_leak,redis-cart
1791357946,payment-service,1.75,49.28,11.56,0.0006,1,1,memory_leak,redis-cart
1791357946,productcatalog-service,2.12,63.92,17.16,0.0011,1,1,memory_leak,redis-cart
1791357946,redis-cart,3.41,294.57,8.55,0.0076,1,1,memory_leak,redis-cart
1791357949,frontend,3.47,156.75,32.66,0.0009,1,1,memory_leak,redis-cart
1791357949,cart-service,2.47,100.3,16.27,0.0017,1,1,memory_leak,redis-cart
1791357949,payment-service,1.18,45.15,13.19,0.0009,1,1,memory_leak,redis-cart
1791357949,productcatalog-service,1.83,62.38,19.38,0.0009,1,1,memory_leak,redis-cart
1791357949,redis-cart,2.81,324.27,7.82,0.0186,1,1,memory_leak,redis-cart
1791357952,frontend,3.0,146.4,21.4,0.0006,1,1,memory_leak,redis-cart
1791357952,cart-service,1.59,91.8,18.78,0.001,1,1,memory_leak,redis-cart
1791357952,payment-service,2.1,45.62,11.16,0.0011,1,1,memory_leak,redis-cart
1791357952,productcatalog-service,2.18,67.75,16.46,0.001,1,1,memory_leak,redis-cart
1791357952,redis-cart,4.61,344.16,10.14,0.011,1,1,memory_leak,redis-cart
1791357955,frontend,6.28,152.6,30.63,0.0012,1,1,memory_leak,redis-cart
1791357955,cart-service,2.36,94.37,19.68,0.001,1,1,memory_leak,redis-cart
1791357955,payment-service,1.11,43.91,13.7,0.0014,1,1,memory_leak,redis-cart
1791357955,productcatalog-service,2.0,66.92,16.87,0.0013,1,1,memory_leak,redis-cart
1791357955,redis-cart,2.85,368.78,12.98,0.0147,1,1,memory_leak,redis-cart
1791357958,frontend,2.54,156.7,26.04,0.0013,1,0,normal,none
1791357958,cart-service,2.96,94.15,17.81,0.0014,1,0,normal,none
1791357958,payment-service,1.95,42.98,12.79,0.0004,1,0,normal,none
1791357958,productcatalog-service,0.78,69.22,19.7,0.0,1,0,normal,none
1791357958,redis-cart,1.12,35.73,3.51,0.0014,1,0,normal,none
1791357961,frontend,3.78,138.56,23.47,0.0009,1,0,normal,none
1791357961,cart-service,2.73,91.69,18.21,0.0017,1,0,normal,none
1791357961,payment-service,1.54,44.54,12.77,0.0006,1,0,normal,none
1791357961,productcatalog-service,1.89,65.46,15.22,0.0004,1,0,normal,none
1791357961,redis-cart,1.03,32.11,3.75,0.0011,1,0,normal,none
1791357964,frontend,4.84,148.27,23.97,0.0012,1,0,normal,none
1791357964,cart-service,2.95,94.27,19.55,0.0012,1,0,normal,none
1791357964,payment-service,1.17,37.71,10.56,0.0006,1,0,normal,none
1791357964,productcatalog-service,2.39,58.7,18.64,0.0013,1,0,normal,none
1791357964,redis-cart,1.04,32.08,5.37,0.0011,1,0,normal,none
1791357967,frontend,3.24,150.54,31.45,0.0013,1,0,normal,none
1791357967,cart-service,1.84,95.32,16.67,0.0013,1,0,normal,none
1791357967,payment-service,1.69,41.42,14.57,0.001,1,0,normal,none
1791357967,productcatalog-service,0.93,67.42,15.58,0.0012,1,0,normal,none
1791357967,redis-cart,1.63,33.1,4.29,0.0012,1,0,normal,none
1791357970,frontend,5.83,145.1,20.2,0.0006,1,0,normal,none
1791357970,cart-service,2.74,93.79,17.65,0.0008,1,0,normal,none
1791357970,payment-service,2.06,41.6,14.43,0.0008,1,0,normal,none
1791357970,productcatalog-service,2.41,58.1,16.9,0.0012,1,0,normal,none
1791357970,redis-cart,0.74,32.22,4.06,0.0007,1,0,normal,none
1791357973,frontend,4.22,148.25,33.05,0.0002,1,0,normal,none
1791357973,cart-service,1.77,100.13,16.91,0.0014,1,0,normal,none
1791357973,payment-service,1.99,49.01,13.35,0.0011,1,0,normal,none
1791357973,productcatalog-service,1.86,58.97,13.82,0.0011,1,0,normal,none
1791357973,redis-cart,1.4,32.13,2.83,0.0009,1,0,normal,none
1791357976,frontend,3.89,153.71,29.24,0.0014,1,0,normal,none
1791357976,cart-service,3.29,92.01,16.65,0.0011,1,0,normal,none
1791357976,payment-service,1.65,45.9,14.37,0.001,1,0,normal,none
1791357976,productcatalog-service,2.31,59.83,14.61,0.0005,1,0,normal,none
1791357976,redis-cart,0.94,32.63,4.81,0.0009,1,0,normal,none
1791357979,frontend,2.59,147.01,32.16,0.0004,1,0,normal,none
1791357979,cart-service,1.9,107.47,19.65,0.001,1,0,normal,none
1791357979,payment-service,2.1,44.02,14.35,0.0009,1,0,normal,none
1791357979,productcatalog-service,2.53,61.67,14.95,0.0008,1,0,normal,none
1791357979,redis-cart,1.0,29.45,3.84,0.0009,1,0,normal,none
1791357982,frontend,5.03,144.81,24.2,0.0008,1,0,normal,none
1791357982,cart-service,2.25,94.08,15.33,0.001,1,0,normal,none
1791357982,payment-service,2.08,38.71,11.35,0.0,1,0,normal,none
1791357982,productcatalog-service,1.64,70.04,17.79,0.0011,1,0,normal,none
1791357982,redis-cart,0.63,32.6,3.66,0.0007,1,0,normal,none
1791357985,frontend,5.55,147.06,33.28,0.0012,1,0,normal,none
1791357985,cart-service,2.7,93.45,15.22,0.001,1,0,normal,none
1791357985,payment-service,0.99,43.76,10.43,0.0011,1,0,normal,none
1791357985,productcatalog-service,2.63,66.45,13.97,0.0005,1,0,normal,none
1791357985,redis-cart,1.12,34.05,5.75,0.0016,1,0,normal,none
1791357988,frontend,5.35,145.58,31.57,0.001,1,0,normal,none
1791357988,cart-service,3.29,96.98,19.58,0.0013,1,0,normal,none
1791357988,payment-service,1.82,43.85,10.29,0.0002,1,0,normal,none
1791357988,productcatalog-service,2.14,63.89,18.45,0.0006,1,0,normal,none
1791357988,redis-cart,0.91,31.76,5.79,0.0011,1,0,normal,none
1791357991,frontend,3.03,149.39,22.37,0.0007,1,0,normal,none
1791357991,cart-service,2.29,97.89,17.89,0.0007,1,0,normal,none
1791357991,payment-service,1.36,38.5,15.0,0.0015,1,0,normal,none
1791357991,productcatalog-service,2.16,64.0,16.87,0.0011,1,0,normal,none
1791357991,redis-cart,1.08,34.02,2.51,0.0013,1,0,normal,none
1791357994,frontend,4.57,142.23,22.11,0.0019,1,0,normal,none
1791357994,cart-service,1.81,95.86,18.38,0.0007,1,0,normal,none
1791357994,payment-service,0.65,50.62,11.54,0.0005,1,0,normal,none
1791357994,productcatalog-service,1.78,63.79,14.12,0.0015,1,0,normal,none
1791357994,redis-cart,0.9,31.9,4.3,0.0008,1,0,normal,none
1791357997,frontend,5.42,145.74,29.32,0.0002,1,0,normal,none
1791357997,cart-service,1.47,92.69,20.28,0.0012,1,0,normal,none
1791357997,payment-service,1.74,37.91,12.99,0.0,1,0,normal,none
1791357997,productcatalog-service,2.01,57.1,14.04,0.0005,1,0,normal,none
1791357997,redis-cart,1.23,31.39,4.52,0.0006,1,0,normal,none
1791358000,frontend,4.19,135.58,168.76,0.6469,1,1,packet_loss,frontend
1791358000,cart-service,2.21,97.06,18.62,0.0009,1,1,packet_loss,frontend
1791358000,payment-service,1.71,45.15,14.83,0.0007,1,1,packet_loss,frontend
1791358000,productcatalog-service,1.92,62.38,15.04,0.0009,1,1,packet_loss,frontend
1791358000,redis-cart,1.09,32.54,3.44,0.0013,1,1,packet_loss,frontend
1791358003,frontend,2.31,133.07,190.41,0.5767,1,1,packet_loss,frontend
1791358003,cart-service,3.58,92.06,19.32,0.001,1,1,packet_loss,frontend
1791358003,payment-service,1.27,45.08,8.79,0.0012,1,1,packet_loss,frontend
1791358003,productcatalog-service,1.47,61.98,14.77,0.0008,1,1,packet_loss,frontend
1791358003,redis-cart,1.2,33.53,4.24,0.0006,1,1,packet_loss,frontend
1791358006,frontend,2.96,147.08,178.56,0.6305,1,1,packet_loss,frontend
1791358006,cart-service,2.56,97.81,14.48,0.001,1,1,packet_loss,frontend
1791358006,payment-service,2.41,42.44,13.95,0.0009,1,1,packet_loss,frontend
1791358006,productcatalog-service,2.19,62.63,15.47,0.0003,1,1,packet_loss,frontend
1791358006,redis-cart,0.68,32.63,4.79,0.001,1,1,packet_loss,frontend
1791358009,frontend,3.57,143.5,146.3,0.5981,1,1,packet_loss,frontend
1791358009,cart-service,2.46,95.24,11.35,0.001,1,1,packet_loss,frontend
1791358009,payment-service,2.36,43.11,14.7,0.0009,1,1,packet_loss,frontend
1791358009,productcatalog-service,1.86,62.08,12.96,0.0009,1,1,packet_loss,frontend
1791358009,redis-cart,0.81,32.48,4.4,0.0008,1,1,packet_loss,frontend
1791358012,frontend,3.78,142.44,178.07,0.532,1,1,packet_loss,frontend
1791358012,cart-service,1.65,92.11,16.0,0.001,1,1,packet_loss,frontend
1791358012,payment-service,1.26,43.71,12.14,0.0012,1,1,packet_loss,frontend
1791358012,productcatalog-service,1.55,69.09,13.39,0.0011,1,1,packet_loss,frontend
1791358012,redis-cart,1.24,31.68,4.43,0.0013,1,1,packet_loss,frontend
1791358015,frontend,2.84,150.78,177.08,0.6074,1,1,packet_loss,frontend
1791358015,cart-service,2.1,102.34,18.15,0.0007,1,1,packet_loss,frontend
1791358015,payment-service,1.22,46.77,13.11,0.0008,1,1,packet_loss,frontend
1791358015,productcatalog-service,1.22,64.26,13.84,0.0006,1,1,packet_loss,frontend
1791358015,redis-cart,0.93,30.61,3.37,0.0014,1,1,packet_loss,frontend
1791358018,frontend,3.59,139.1,205.35,0.5522,1,1,packet_loss,frontend
1791358018,cart-service,2.78,88.68,17.01,0.0014,1,1,packet_loss,frontend
1791358018,payment-service,1.35,42.68,10.4,0.0002,1,1,packet_loss,frontend
1791358018,productcatalog-service,2.01,65.26,17.19,0.0008,1,1,packet_loss,frontend
1791358018,redis-cart,1.06,35.48,3.12,0.0011,1,1,packet_loss,frontend
1791358021,frontend,4.5,137.26,214.18,0.6418,1,1,packet_loss,frontend
1791358021,cart-service,2.89,88.95,13.81,0.0006,1,1,packet_loss,frontend
1791358021,payment-service,1.05,41.0,13.06,0.001,1,1,packet_loss,frontend
1791358021,productcatalog-service,2.15,59.0,12.9,0.0007,1,1,packet_loss,frontend
1791358021,redis-cart,0.8,33.48,4.01,0.0011,1,1,packet_loss,frontend
1791358024,frontend,3.53,151.69,135.95,0.6071,1,1,packet_loss,frontend
1791358024,cart-service,2.82,101.21,13.97,0.0008,1,1,packet_loss,frontend
1791358024,payment-service,1.4,38.26,13.76,0.0011,1,1,packet_loss,frontend
1791358024,productcatalog-service,1.98,69.22,16.15,0.001,1,1,packet_loss,frontend
1791358024,redis-cart,0.87,32.14,4.48,0.0014,1,1,packet_loss,frontend
1791358027,frontend,2.99,147.96,131.7,0.5867,1,1,packet_loss,frontend
1791358027,cart-service,2.42,93.57,15.85,0.0013,1,1,packet_loss,frontend
1791358027,payment-service,1.82,44.31,10.14,0.0002,1,1,packet_loss,frontend
1791358027,productcatalog-service,1.62,60.13,13.81,0.0006,1,1,packet_loss,frontend
1791358027,redis-cart,0.72,27.2,4.83,0.002,1,1,packet_loss,frontend
1791358030,frontend,3.85,136.35,25.41,0.0008,1,0,normal,none
1791358030,cart-service,2.66,89.26,14.73,0.001,1,0,normal,none
1791358030,payment-service,1.24,42.65,10.37,0.0004,1,0,normal,none
1791358030,productcatalog-service,2.41,64.67,13.93,0.0002,1,0,normal,none
1791358030,redis-cart,0.67,34.54,4.47,0.001,1,0,normal,none
1791358033,frontend,4.14,142.64,33.44,0.001,1,0,normal,none
1791358033,cart-service,2.06,90.54,14.78,0.0012,1,0,normal,none
1791358033,payment-service,1.18,44.71,13.31,0.0008,1,0,normal,none
1791358033,productcatalog-service,2.15,64.32,13.31,0.0013,1,0,normal,none
1791358033,redis-cart,1.16,31.41,4.86,0.0015,1,0,normal,none
1791358036,frontend,5.2,143.98,25.88,0.002,1,0,normal,none
1791358036,cart-service,1.34,92.76,17.48,0.0012,1,0,normal,none
1791358036,payment-service,1.39,42.09,14.25,0.0015,1,0,normal,none
1791358036,productcatalog-service,1.29,60.78,15.72,0.0017,1,0,normal,none
1791358036,redis-cart,1.06,32.07,3.04,0.0012,1,0,normal,none
1791358039,frontend,4.02,126.07,17.4,0.0011,1,0,normal,none
1791358039,cart-service,2.24,96.25,17.86,0.0006,1,0,normal,none
1791358039,payment-service,0.91,47.93,10.19,0.0013,1,0,normal,none
1791358039,productcatalog-service,1.94,66.01,12.57,0.0019,1,0,normal,none
1791358039,redis-cart,0.71,27.17,4.57,0.0007,1,0,normal,none
1791358042,frontend,2.18,140.54,20.29,0.0003,1,0,normal,none
1791358042,cart-service,2.32,101.05,16.94,0.0005,1,0,normal,none
1791358042,payment-service,1.0,44.08,11.19,0.0015,1,0,normal,none
1791358042,productcatalog-service,1.71,60.66,16.85,0.0007,1,0,normal,none
1791358042,redis-cart,0.4,36.4,4.28,0.0005,1,0,normal,none
1791358045,frontend,2.27,141.41,21.23,0.0012,1,0,normal,none
1791358045,cart-service,2.63,89.41,15.84,0.0008,1,0,normal,none
1791358045,payment-service,1.7,41.17,13.95,0.0013,1,0,normal,none
1791358045,productcatalog-service,2.87,62.04,13.96,0.0005,1,0,normal,none
1791358045,redis-cart,1.4,35.01,5.11,0.0016,1,0,normal,none
1791358048,frontend,4.55,143.23,25.67,0.0013,1,0,normal,none
1791358048,cart-service,1.83,96.88,20.27,0.0013,1,0,normal,none
1791358048,payment-service,1.02,41.28,14.67,0.0018,1,0,normal,none
1791358048,productcatalog-service,2.3,58.3,15.9,0.001,1,0,normal,none
1791358048,redis-cart,0.4,31.36,3.75,0.0008,1,0,normal,none
1791358051,frontend,3.91,142.83,26.56,0.001,1,0,normal,none
1791358051,cart-service,2.9,93.06,14.89,0.0015,1,0,normal,none
1791358051,payment-service,0.4,43.8,10.87,0.0011,1,0,normal,none
1791358051,productcatalog-service,1.69,60.25,14.91,0.0008,1,0,normal,none
1791358051,redis-cart,0.54,30.59,3.36,0.001,1,0,normal,none
1791358054,frontend,4.24,136.24,23.01,0.0014,1,0,normal,none
1791358054,cart-service,2.36,91.66,20.47,0.0007,1,0,normal,none
1791358054,payment-service,2.26,42.64,10.33,0.0006,1,0,normal,none
1791358054,productcatalog-service,2.49,62.34,16.73,0.0007,1,0,normal,none
1791358054,redis-cart,0.68,32.39,4.4,0.0017,1,0,normal,none
1791358057,frontend,3.55,140.98,21.12,0.0009,1,0,normal,none
1791358057,cart-service,2.2,97.49,15.26,0.0015,1,0,normal,none
1791358057,payment-service,1.49,36.76,10.68,0.001,1,0,normal,none
1791358057,productcatalog-service,1.2,64.74,16.48,0.0015,1,0,normal,none
1791358057,redis-cart,0.43,29.82,4.22,0.0011,1,0,normal,none
1791358060,frontend,3.05,145.18,23.98,0.0016,1,0,normal,none
1791358060,cart-service,2.29,97.56,16.43,0.0009,1,0,normal,none
1791358060,payment-service,1.94,37.34,8.79,0.0008,1,0,normal,none
1791358060,productcatalog-service,1.91,60.7,15.53,0.0009,1,0,normal,none
1791358060,redis-cart,0.87,34.91,3.85,0.0012,1,0,normal,none
1791358063,frontend,4.36,129.2,26.34,0.0014,1,0,normal,none
1791358063,cart-service,2.25,92.65,19.75,0.0008,1,0,normal,none
1791358063,payment-service,1.38,41.83,11.78,0.0018,1,0,normal,none
1791358063,productcatalog-service,2.32,57.82,14.97,0.0013,1,0,normal,none
1791358063,redis-cart,1.2,38.22,4.56,0.0011,1,0,normal,none
1791358066,frontend,2.83,146.79,26.35,0.0009,1,0,normal,none
1791358066,cart-service,2.41,90.74,17.39,0.0008,1,0,normal,none
1791358066,payment-service,1.64,39.6,12.31,0.0011,1,0,normal,none
1791358066,productcatalog-service,2.01,69.11,16.95,0.0006,1,0,normal,none
1791358066,redis-cart,0.87,31.97,4.0,0.0004,1,0,normal,none
1791358069,frontend,3.66,148.1,21.24,0.0008,1,0,normal,none
1791358069,cart-service,1.73,98.18,18.72,0.0009,1,0,normal,none
1791358069,payment-service,1.58,45.06,13.73,0.0011,1,0,normal,none
1791358069,productcatalog-service,1.78,56.25,18.25,0.0013,1,0,normal,none
1791358069,redis-cart,1.13,27.39,4.52,0.001,1,0,normal,none
1791358072,frontend,6.08,156.62,236.28,0.4158,1,1,cascade_redis_drop,redis-cart
1791358072,cart-service,5.63,98.49,244.95,0.792,1,1,cascade_redis_drop,redis-cart
1791358072,payment-service,1.74,42.2,12.59,0.0014,1,1,cascade_redis_drop,redis-cart
1791358072,productcatalog-service,1.47,63.71,12.31,0.0014,1,1,cascade_redis_drop,redis-cart
1791358072,redis-cart,0.0,0.0,0.0,1.0,0,1,cascade_redis_drop,redis-cart
1791358075,frontend,5.48,160.01,231.05,0.3697,1,1,cascade_redis_drop,redis-cart
1791358075,cart-service,4.29,105.63,378.69,0.774,1,1,cascade_redis_drop,redis-cart
1791358075,payment-service,1.89,43.24,9.56,0.0009,1,1,cascade_redis_drop,redis-cart
1791358075,productcatalog-service,1.37,60.5,17.08,0.0013,1,1,cascade_redis_drop,redis-cart
1791358075,redis-cart,0.0,0.0,0.0,1.0,0,1,cascade_redis_drop,redis-cart
1791358078,frontend,6.29,152.54,230.73,0.3991,1,1,cascade_redis_drop,redis-cart
1791358078,cart-service,4.38,98.42,351.1,0.7186,1,1,cascade_redis_drop,redis-cart
1791358078,payment-service,1.38,43.88,9.85,0.0008,1,1,cascade_redis_drop,redis-cart
1791358078,productcatalog-service,2.26,62.35,12.79,0.0011,1,1,cascade_redis_drop,redis-cart
1791358078,redis-cart,0.0,0.0,0.0,1.0,0,1,cascade_redis_drop,redis-cart
1791358081,frontend,6.86,154.74,234.87,0.4679,1,1,cascade_redis_drop,redis-cart
1791358081,cart-service,4.79,103.89,314.38,0.7521,1,1,cascade_redis_drop,redis-cart
1791358081,payment-service,1.37,44.23,10.54,0.0002,1,1,cascade_redis_drop,redis-cart
1791358081,productcatalog-service,1.7,61.82,13.54,0.0008,1,1,cascade_redis_drop,redis-cart
1791358081,redis-cart,0.0,0.0,0.0,1.0,0,1,cascade_redis_drop,redis-cart
1791358084,frontend,5.31,162.15,220.4,0.418,1,1,cascade_redis_drop,redis-cart
1791358084,cart-service,3.42,98.54,379.22,0.8007,1,1,cascade_redis_drop,redis-cart
1791358084,payment-service,1.21,41.71,13.04,0.0007,1,1,cascade_redis_drop,redis-cart
1791358084,productcatalog-service,1.88,60.66,14.89,0.0008,1,1,cascade_redis_drop,redis-cart
1791358084,redis-cart,0.0,0.0,0.0,1.0,0,1,cascade_redis_drop,redis-cart
1791358087,frontend,5.52,153.2,207.23,0.4214,1,1,cascade_redis_drop,redis-cart
1791358087,cart-service,3.21,98.9,286.37,0.7739,1,1,cascade_redis_drop,redis-cart
1791358087,payment-service,1.24,43.66,12.03,0.001,1,1,cascade_redis_drop,redis-cart
1791358087,productcatalog-service,1.86,62.87,12.23,0.0007,1,1,cascade_redis_drop,redis-cart
1791358087,redis-cart,0.0,0.0,0.0,1.0,0,1,cascade_redis_drop,redis-cart
1791358090,frontend,6.45,150.3,172.75,0.4999,1,1,cascade_redis_drop,redis-cart
1791358090,cart-service,4.4,94.77,323.79,0.8228,1,1,cascade_redis_drop,redis-cart
1791358090,payment-service,2.13,41.54,11.27,0.0011,1,1,cascade_redis_drop,redis-cart
1791358090,productcatalog-service,1.7,65.17,18.35,0.0007,1,1,cascade_redis_drop,redis-cart
1791358090,redis-cart,0.0,0.0,0.0,1.0,0,1,cascade_redis_drop,redis-cart
1791358093,frontend,5.54,153.52,230.79,0.3868,1,1,cascade_redis_drop,redis-cart
1791358093,cart-service,4.44,95.68,355.58,0.8766,1,1,cascade_redis_drop,redis-cart
1791358093,payment-service,0.99,44.49,9.6,0.0006,1,1,cascade_redis_drop,redis-cart
1791358093,productcatalog-service,1.32,53.5,17.03,0.0009,1,1,cascade_redis_drop,redis-cart
1791358093,redis-cart,0.0,0.0,0.0,1.0,0,1,cascade_redis_drop,redis-cart
1791358096,frontend,4.61,151.04,225.36,0.4236,1,1,cascade_redis_drop,redis-cart
1791358096,cart-service,4.44,94.38,391.69,0.757,1,1,cascade_redis_drop,redis-cart
1791358096,payment-service,1.18,45.59,13.96,0.0013,1,1,cascade_redis_drop,redis-cart
1791358096,productcatalog-service,1.77,56.44,15.61,0.0016,1,1,cascade_redis_drop,redis-cart
1791358096,redis-cart,0.0,0.0,0.0,1.0,0,1,cascade_redis_drop,redis-cart
1791358099,frontend,5.37,145.4,237.4,0.4295,1,1,cascade_redis_drop,redis-cart
1791358099,cart-service,4.95,93.12,295.22,0.8678,1,1,cascade_redis_drop,redis-cart
1791358099,payment-service,1.09,45.13,8.28,0.0,1,1,cascade_redis_drop,redis-cart
1791358099,productcatalog-service,2.35,59.34,13.87,0.0012,1,1,cascade_redis_drop,redis-cart
1791358099,redis-cart,0.0,0.0,0.0,1.0,0,1,cascade_redis_drop,redis-cart
1791358102,frontend,3.3,141.32,23.67,0.0016,1,0,normal,none
1791358102,cart-service,2.34,97.75,14.62,0.0009,1,0,normal,none
1791358102,payment-service,1.87,43.99,4.13,0.0012,1,0,normal,none
1791358102,productcatalog-service,1.87,63.68,14.0,0.0002,1,0,normal,none
1791358102,redis-cart,0.77,30.04,4.57,0.0009,1,0,normal,none
1791358105,frontend,1.66,149.91,23.05,0.0017,1,0,normal,none
1791358105,cart-service,1.63,92.34,14.5,0.0008,1,0,normal,none
1791358105,payment-service,1.86,43.79,10.32,0.001,1,0,normal,none
1791358105,productcatalog-service,1.77,57.25,14.46,0.0011,1,0,normal,none
1791358105,redis-cart,0.63,31.68,3.72,0.0008,1,0,normal,none
1791358108,frontend,3.12,135.84,23.35,0.0003,1,0,normal,none
1791358108,cart-service,2.25,96.92,11.82,0.0016,1,0,normal,none
1791358108,payment-service,1.03,36.75,11.88,0.0,1,0,normal,none
1791358108,productcatalog-service,0.69,65.63,12.72,0.0011,1,0,normal,none
1791358108,redis-cart,1.08,32.25,2.91,0.0011,1,0,normal,none
1791358111,frontend,4.15,134.96,18.12,0.0007,1,0,normal,none
1791358111,cart-service,1.72,100.96,12.35,0.0011,1,0,normal,none
1791358111,payment-service,1.77,42.86,9.59,0.0012,1,0,normal,none
1791358111,productcatalog-service,0.69,60.36,14.3,0.0006,1,0,normal,none
1791358111,redis-cart,0.8,33.46,3.53,0.0001,1,0,normal,none
1791358114,frontend,4.36,148.67,15.54,0.0003,1,0,normal,none
1791358114,cart-service,1.45,91.62,14.0,0.0009,1,0,normal,none
1791358114,payment-service,1.03,39.18,10.3,0.0009,1,0,normal,none
1791358114,productcatalog-service,2.08,60.75,13.51,0.0,1,0,normal,none
1791358114,redis-cart,0.45,27.84,3.92,0.0008,1,0,normal,none
1791358117,frontend,4.82,149.59,24.95,0.0011,1,0,normal,none
1791358117,cart-service,1.72,93.55,12.27,0.0008,1,0,normal,none
1791358117,payment-service,1.19,45.64,9.27,0.001,1,0,normal,none
1791358117,productcatalog-service,2.0,61.59,18.2,0.0014,1,0,normal,none
1791358117,redis-cart,1.13,34.1,4.27,0.0008,1,0,normal,none
1791358120,frontend,3.64,135.8,23.85,0.0013,1,0,normal,none
1791358120,cart-service,2.35,88.66,9.06,0.0013,1,0,normal,none
1791358120,payment-service,1.27,44.43,10.23,0.0006,1,0,normal,none
1791358120,productcatalog-service,1.04,57.68,13.51,0.0007,1,0,normal,none
1791358120,redis-cart,0.49,30.41,4.41,0.0006,1,0,normal,none
1791358123,frontend,3.16,125.75,18.23,0.0015,1,0,normal,none
1791358123,cart-service,1.88,99.05,18.5,0.0008,1,0,normal,none
1791358123,payment-service,0.91,39.26,9.51,0.0008,1,0,normal,none
1791358123,productcatalog-service,2.53,61.06,16.22,0.0009,1,0,normal,none
1791358123,redis-cart,0.56,30.56,4.96,0.0012,1,0,normal,none
1791358126,frontend,3.7,149.12,17.12,0.0008,1,0,normal,none
1791358126,cart-service,0.96,92.68,17.18,0.0007,1,0,normal,none
1791358126,payment-service,0.63,40.13,12.99,0.0009,1,0,normal,none
1791358126,productcatalog-service,1.82,58.86,10.06,0.0013,1,0,normal,none
1791358126,redis-cart,0.7,30.47,4.48,0.0005,1,0,normal,none
1791358129,frontend,3.82,143.67,22.67,0.0012,1,0,normal,none
1791358129,cart-service,1.49,94.39,9.9,0.0017,1,0,normal,none
1791358129,payment-service,1.32,42.18,14.76,0.0008,1,0,normal,none
1791358129,productcatalog-service,1.72,62.21,18.41,0.0009,1,0,normal,none
1791358129,redis-cart,0.74,32.89,2.26,0.0008,1,0,normal,none
1791358132,frontend,3.65,149.04,17.97,0.001,1,0,normal,none
1791358132,cart-service,1.49,83.51,17.71,0.001,1,0,normal,none
1791358132,payment-service,0.93,44.89,12.38,0.001,1,0,normal,none
1791358132,productcatalog-service,2.23,64.03,11.95,0.0012,1,0,normal,none
1791358132,redis-cart,0.76,28.71,3.18,0.001,1,0,normal,none
1791358135,frontend,5.09,151.26,23.82,0.0006,1,0,normal,none
1791358135,cart-service,2.33,96.32,16.52,0.0004,1,0,normal,none
1791358135,payment-service,1.67,44.06,11.31,0.0013,1,0,normal,none
1791358135,productcatalog-service,2.2,58.02,8.14,0.0017,1,0,normal,none
1791358135,redis-cart,1.01,31.83,3.8,0.0008,1,0,normal,none
1791358138,frontend,4.65,149.13,23.91,0.0018,1,0,normal,none
1791358138,cart-service,1.42,92.08,15.78,0.0012,1,0,normal,none
1791358138,payment-service,1.37,43.83,8.93,0.0011,1,0,normal,none
1791358138,productcatalog-service,1.78,61.1,13.57,0.0005,1,0,normal,none
1791358138,redis-cart,0.7,29.38,2.51,0.0007,1,0,normal,none
1791358141,frontend,3.34,135.79,26.96,0.0009,1,0,normal,none
1791358141,cart-service,2.29,97.36,16.15,0.0007,1,0,normal,none
1791358141,payment-service,0.98,42.21,9.95,0.0005,1,0,normal,none
1791358141,productcatalog-service,2.03,60.21,12.56,0.0004,1,0,normal,none
1791358141,redis-cart,0.88,31.01,3.63,0.0008,1,0,normal,none
1791358144,frontend,3.67,145.8,128.2,0.3359,1,1,pod_failure,productcatalog-service
1791358144,cart-service,1.95,99.39,14.07,0.0015,1,1,pod_failure,productcatalog-service
1791358144,payment-service,1.42,44.42,6.79,0.0018,1,1,pod_failure,productcatalog-service
1791358144,productcatalog-service,0.0,0.0,0.0,1.0,0,1,pod_failure,productcatalog-service
1791358144,redis-cart,0.76,27.05,2.45,0.0004,1,1,pod_failure,productcatalog-service
1791358147,frontend,3.31,145.71,135.13,0.4192,1,1,pod_failure,productcatalog-service
1791358147,cart-service,2.66,92.61,12.41,0.0012,1,1,pod_failure,productcatalog-service
1791358147,payment-service,1.04,38.98,9.09,0.0013,1,1,pod_failure,productcatalog-service
1791358147,productcatalog-service,0.0,0.0,0.0,1.0,0,1,pod_failure,productcatalog-service
1791358147,redis-cart,0.86,31.69,3.46,0.0014,1,1,pod_failure,productcatalog-service
1791358150,frontend,2.86,141.31,147.32,0.3966,1,1,pod_failure,productcatalog-service
1791358150,cart-service,1.96,94.9,14.48,0.0009,1,1,pod_failure,productcatalog-service
1791358150,payment-service,1.35,36.71,10.75,0.0018,1,1,pod_failure,productcatalog-service
1791358150,productcatalog-service,0.0,0.0,0.0,1.0,0,1,pod_failure,productcatalog-service
1791358150,redis-cart,1.12,32.18,2.62,0.0008,1,1,pod_failure,productcatalog-service
1791358153,frontend,3.38,138.51,128.9,0.4412,1,1,pod_failure,productcatalog-service
1791358153,cart-service,2.3,90.87,12.59,0.0011,1,1,pod_failure,productcatalog-service
1791358153,payment-service,0.87,46.93,10.0,0.0004,1,1,pod_failure,productcatalog-service
1791358153,productcatalog-service,0.0,0.0,0.0,1.0,0,1,pod_failure,productcatalog-service
1791358153,redis-cart,0.85,31.53,2.02,0.0009,1,1,pod_failure,productcatalog-service
1791358156,frontend,3.11,152.63,121.89,0.469,1,1,pod_failure,productcatalog-service
1791358156,cart-service,2.42,94.19,15.04,0.0015,1,1,pod_failure,productcatalog-service
1791358156,payment-service,1.99,47.59,9.93,0.0011,1,1,pod_failure,productcatalog-service
1791358156,productcatalog-service,0.0,0.0,0.0,1.0,0,1,pod_failure,productcatalog-service
1791358156,redis-cart,0.86,30.69,2.91,0.0013,1,1,pod_failure,productcatalog-service
1791358159,frontend,2.41,148.02,139.64,0.3927,1,1,pod_failure,productcatalog-service
1791358159,cart-service,1.53,86.66,12.64,0.0011,1,1,pod_failure,productcatalog-service
1791358159,payment-service,1.18,46.45,8.38,0.0013,1,1,pod_failure,productcatalog-service
1791358159,productcatalog-service,0.0,0.0,0.0,1.0,0,1,pod_failure,productcatalog-service
1791358159,redis-cart,0.68,34.23,3.76,0.0009,1,1,pod_failure,productcatalog-service
1791358162,frontend,4.04,146.36,154.77,0.5593,1,1,pod_failure,productcatalog-service
1791358162,cart-service,2.16,93.72,18.81,0.0013,1,1,pod_failure,productcatalog-service
1791358162,payment-service,1.69,44.83,8.38,0.0008,1,1,pod_failure,productcatalog-service
1791358162,productcatalog-service,0.0,0.0,0.0,1.0,0,1,pod_failure,productcatalog-service
1791358162,redis-cart,0.84,34.56,4.51,0.0008,1,1,pod_failure,productcatalog-service
1791358165,frontend,4.64,149.95,115.01,0.3839,1,1,pod_failure,productcatalog-service
1791358165,cart-service,1.95,87.47,14.94,0.0006,1,1,pod_failure,productcatalog-service
1791358165,payment-service,1.78,43.8,10.21,0.0012,1,1,pod_failure,productcatalog-service
1791358165,productcatalog-service,0.0,0.0,0.0,1.0,0,1,pod_failure,productcatalog-service
1791358165,redis-cart,0.73,32.52,4.31,0.0005,1,1,pod_failure,productcatalog-service
1791358168,frontend,4.25,141.61,126.01,0.4723,1,1,pod_failure,productcatalog-service
1791358168,cart-service,2.08,87.25,14.77,0.001,1,1,pod_failure,productcatalog-service
1791358168,payment-service,1.34,45.72,6.79,0.0012,1,1,pod_failure,productcatalog-service
1791358168,productcatalog-service,0.0,0.0,0.0,1.0,0,1,pod_failure,productcatalog-service
1791358168,redis-cart,0.4,30.15,3.07,0.0009,1,1,pod_failure,productcatalog-service
1791358171,frontend,3.18,150.46,142.64,0.4231,1,1,pod_failure,productcatalog-service
1791358171,cart-service,2.39,88.07,10.44,0.0016,1,1,pod_failure,productcatalog-service
1791358171,payment-service,1.82,44.38,10.09,0.0019,1,1,pod_failure,productcatalog-service
1791358171,productcatalog-service,0.0,0.0,0.0,1.0,0,1,pod_failure,productcatalog-service
1791358171,redis-cart,0.7,29.95,4.18,0.0006,1,1,pod_failure,productcatalog-service
1791358174,frontend,4.15,134.77,24.06,0.0005,1,0,normal,none
1791358174,cart-service,1.98,96.01,16.5,0.0003,1,0,normal,none
1791358174,payment-service,1.05,41.94,10.47,0.0008,1,0,normal,none
1791358174,productcatalog-service,1.3,60.48,13.51,0.0007,1,0,normal,none
1791358174,redis-cart,0.83,27.25,4.15,0.0011,1,0,normal,none
1791358177,frontend,3.28,144.14,22.34,0.0013,1,0,normal,none
1791358177,cart-service,1.1,100.01,13.99,0.0012,1,0,normal,none
1791358177,payment-service,1.37,45.6,10.12,0.0003,1,0,normal,none
1791358177,productcatalog-service,1.4,64.26,11.66,0.0012,1,0,normal,none
1791358177,redis-cart,0.52,32.7,3.94,0.0005,1,0,normal,none
1791358180,frontend,3.55,145.01,24.82,0.0009,1,0,normal,none
1791358180,cart-service,1.09,96.54,6.84,0.0007,1,0,normal,none
1791358180,payment-service,1.52,45.84,8.04,0.0008,1,0,normal,none
1791358180,productcatalog-service,1.86,63.25,18.89,0.0006,1,0,normal,none
1791358180,redis-cart,0.6,30.52,2.81,0.0011,1,0,normal,none
1791358183,frontend,3.67,152.21,22.29,0.0009,1,0,normal,none
1791358183,cart-service,1.28,90.1,16.06,0.0016,1,0,normal,none
1791358183,payment-service,1.38,42.73,7.82,0.0006,1,0,normal,none
1791358183,productcatalog-service,1.51,59.9,11.14,0.0009,1,0,normal,none
1791358183,redis-cart,1.06,31.21,2.8,0.0009,1,0,normal,none
1791358186,frontend,3.15,153.56,19.56,0.0018,1,0,normal,none
1791358186,cart-service,1.67,94.76,13.53,0.0011,1,0,normal,none
1791358186,payment-service,1.47,38.29,9.35,0.0019,1,0,normal,none
1791358186,productcatalog-service,1.33,61.45,13.6,0.0008,1,0,normal,none
1791358186,redis-cart,0.62,36.24,3.07,0.0012,1,0,normal,none
1791358189,frontend,2.84,145.23,18.49,0.0006,1,0,normal,none
1791358189,cart-service,2.12,91.37,15.13,0.001,1,0,normal,none
1791358189,payment-service,1.04,44.93,11.48,0.0015,1,0,normal,none
1791358189,productcatalog-service,1.93,66.13,12.34,0.0016,1,0,normal,none
1791358189,redis-cart,0.56,32.44,3.12,0.0012,1,0,normal,none
1791358192,frontend,2.37,145.4,22.48,0.0013,1,0,normal,none
1791358192,cart-service,1.75,86.86,15.49,0.0019,1,0,normal,none
1791358192,payment-service,1.46,38.46,10.38,0.0012,1,0,normal,none
1791358192,productcatalog-service,1.87,65.39,9.55,0.0011,1,0,normal,none
1791358192,redis-cart,1.03,32.05,4.0,0.001,1,0,normal,none
1791358195,frontend,3.27,142.13,24.54,0.0008,1,0,normal,none
1791358195,cart-service,1.33,96.13,12.48,0.0002,1,0,normal,none
1791358195,payment-service,1.3,43.22,9.56,0.0012,1,0,normal,none
1791358195,productcatalog-service,2.58,63.18,14.09,0.0013,1,0,normal,none
1791358195,redis-cart,0.65,32.55,2.82,0.001,1,0,normal,none
1791358198,frontend,4.29,160.47,22.55,0.0018,1,0,normal,none
1791358198,cart-service,1.19,102.86,12.41,0.0015,1,0,normal,none
1791358198,payment-service,0.81,43.54,10.34,0.0007,1,0,normal,none
1791358198,productcatalog-service,2.23,61.31,12.47,0.0005,1,0,normal,none
1791358198,redis-cart,0.92,30.36,3.77,0.0012,1,0,normal,none
1791358201,frontend,2.19,156.47,19.94,0.0004,1,0,normal,none
1791358201,cart-service,1.84,88.86,15.97,0.0,1,0,normal,none
1791358201,payment-service,0.71,43.64,9.62,0.0014,1,0,normal,none
1791358201,productcatalog-service,1.82,65.3,10.79,0.0015,1,0,normal,none
1791358201,redis-cart,1.04,32.72,3.76,0.001,1,0,normal,none
1791358204,frontend,3.54,138.62,20.6,0.0011,1,0,normal,none
1791358204,cart-service,1.77,86.04,10.65,0.0015,1,0,normal,none
1791358204,payment-service,1.64,46.42,10.87,0.0008,1,0,normal,none
1791358204,productcatalog-service,2.37,66.51,8.97,0.0,1,0,normal,none
1791358204,redis-cart,0.85,33.51,3.53,0.0015,1,0,normal,none
1791358207,frontend,4.31,152.46,24.37,0.0004,1,0,normal,none
1791358207,cart-service,1.89,99.46,17.98,0.0012,1,0,normal,none
1791358207,payment-service,1.24,44.86,13.04,0.001,1,0,normal,none
1791358207,productcatalog-service,1.31,61.64,16.07,0.0011,1,0,normal,none
1791358207,redis-cart,0.74,31.03,3.61,0.0017,1,0,normal,none
1791358210,frontend,3.55,147.73,20.76,0.0016,1,0,normal,none
1791358210,cart-service,3.37,87.7,16.16,0.0013,1,0,normal,none
1791358210,payment-service,0.73,41.63,11.6,0.0003,1,0,normal,none
1791358210,productcatalog-service,1.4,61.96,12.72,0.0015,1,0,normal,none
1791358210,redis-cart,0.63,35.92,2.99,0.0003,1,0,normal,none
1791358213,frontend,3.47,158.08,17.5,0.0011,1,0,normal,none
1791358213,cart-service,1.65,102.91,19.15,0.001,1,0,normal,none
1791358213,payment-service,1.34,48.06,9.78,0.0013,1,0,normal,none
1791358213,productcatalog-service,1.41,67.62,14.49,0.001,1,0,normal,none
1791358213,redis-cart,0.69,30.48,3.68,0.001,1,0,normal,none
1791358216,frontend,3.33,158.49,21.97,0.0011,1,1,cpu_stress,redis-cart
1791358216,cart-service,2.41,99.15,17.6,0.0015,1,1,cpu_stress,redis-cart
1791358216,payment-service,1.79,43.46,7.49,0.0012,1,1,cpu_stress,redis-cart
1791358216,productcatalog-service,1.78,61.02,15.81,0.0011,1,1,cpu_stress,redis-cart
1791358216,redis-cart,96.42,59.0,24.71,0.0296,1,1,cpu_stress,redis-cart
1791358219,frontend,3.73,152.6,26.68,0.0013,1,1,cpu_stress,redis-cart
1791358219,cart-service,1.98,97.85,16.67,0.001,1,1,cpu_stress,redis-cart
1791358219,payment-service,1.4,45.74,13.32,0.0015,1,1,cpu_stress,redis-cart
1791358219,productcatalog-service,1.84,62.2,11.18,0.0014,1,1,cpu_stress,redis-cart
1791358219,redis-cart,96.43,58.27,10.65,0.0387,1,1,cpu_stress,redis-cart
1791358222,frontend,2.11,146.12,20.59,0.0011,1,1,cpu_stress,redis-cart
1791358222,cart-service,2.36,94.05,14.3,0.0014,1,1,cpu_stress,redis-cart
1791358222,payment-service,2.02,43.98,11.24,0.0007,1,1,cpu_stress,redis-cart
1791358222,productcatalog-service,1.62,61.3,14.1,0.0011,1,1,cpu_stress,redis-cart
1791358222,redis-cart,93.74,61.7,8.84,0.0328,1,1,cpu_stress,redis-cart
1791358225,frontend,5.0,146.54,23.15,0.0022,1,1,cpu_stress,redis-cart
1791358225,cart-service,2.51,96.85,12.72,0.001,1,1,cpu_stress,redis-cart
1791358225,payment-service,0.83,46.46,9.76,0.0002,1,1,cpu_stress,redis-cart
1791358225,productcatalog-service,0.94,61.99,11.9,0.001,1,1,cpu_stress,redis-cart
1791358225,redis-cart,90.64,59.81,14.84,0.0344,1,1,cpu_stress,redis-cart
1791358228,frontend,3.83,146.44,21.4,0.0013,1,1,cpu_stress,redis-cart
1791358228,cart-service,1.69,100.69,13.06,0.0014,1,1,cpu_stress,redis-cart
1791358228,payment-service,1.06,41.76,7.56,0.0007,1,1,cpu_stress,redis-cart
1791358228,productcatalog-service,1.96,63.91,10.19,0.0004,1,1,cpu_stress,redis-cart
1791358228,redis-cart,93.54,59.51,14.93,0.0268,1,1,cpu_stress,redis-cart
1791358231,frontend,4.24,142.84,19.3,0.0005,1,1,cpu_stress,redis-cart
1791358231,cart-service,2.43,96.1,17.11,0.0013,1,1,cpu_stress,redis-cart
1791358231,payment-service,1.37,41.41,9.66,0.0015,1,1,cpu_stress,redis-cart
1791358231,productcatalog-service,1.04,65.11,8.89,0.0012,1,1,cpu_stress,redis-cart
1791358231,redis-cart,93.97,56.31,15.74,0.033,1,1,cpu_stress,redis-cart
1791358234,frontend,4.89,146.64,23.32,0.0014,1,1,cpu_stress,redis-cart
1791358234,cart-service,2.02,89.52,15.72,0.0004,1,1,cpu_stress,redis-cart
1791358234,payment-service,0.88,41.65,8.2,0.001,1,1,cpu_stress,redis-cart
1791358234,productcatalog-service,1.38,61.04,12.19,0.0007,1,1,cpu_stress,redis-cart
1791358234,redis-cart,96.83,49.75,18.31,0.0344,1,1,cpu_stress,redis-cart
1791358237,frontend,3.27,138.58,22.18,0.0013,1,1,cpu_stress,redis-cart
1791358237,cart-service,1.83,86.09,14.07,0.0008,1,1,cpu_stress,redis-cart
1791358237,payment-service,1.05,46.66,10.79,0.0024,1,1,cpu_stress,redis-cart
1791358237,productcatalog-service,2.32,63.65,12.76,0.0008,1,1,cpu_stress,redis-cart
1791358237,redis-cart,91.49,52.43,9.09,0.0327,1,1,cpu_stress,redis-cart
1791358240,frontend,3.56,142.51,28.18,0.0019,1,1,cpu_stress,redis-cart
1791358240,cart-service,2.11,104.2,11.51,0.0007,1,1,cpu_stress,redis-cart
1791358240,payment-service,1.75,44.69,11.94,0.0012,1,1,cpu_stress,redis-cart
1791358240,productcatalog-service,1.97,61.15,14.92,0.0004,1,1,cpu_stress,redis-cart
1791358240,redis-cart,95.82,53.2,14.55,0.0322,1,1,cpu_stress,redis-cart
1791358243,frontend,4.13,139.46,21.27,0.0008,1,1,cpu_stress,redis-cart
1791358243,cart-service,2.2,101.22,17.81,0.0007,1,1,cpu_stress,redis-cart
1791358243,payment-service,0.79,46.17,12.01,0.0006,1,1,cpu_stress,redis-cart
1791358243,productcatalog-service,1.56,63.43,12.86,0.0007,1,1,cpu_stress,redis-cart
1791358243,redis-cart,92.48,59.46,14.15,0.0331,1,1,cpu_stress,redis-cart
1791358246,frontend,3.98,145.26,18.53,0.0007,1,0,normal,none
1791358246,cart-service,2.24,94.49,20.96,0.0009,1,0,normal,none
1791358246,payment-service,1.89,47.58,12.28,0.0012,1,0,normal,none
1791358246,productcatalog-service,1.7,63.95,10.37,0.0004,1,0,normal,none
1791358246,redis-cart,0.82,30.28,5.11,0.0016,1,0,normal,none
1791358249,frontend,3.1,146.83,19.04,0.0006,1,0,normal,none
1791358249,cart-service,2.5,88.54,19.08,0.0008,1,0,normal,none
1791358249,payment-service,2.23,42.57,11.89,0.0007,1,0,normal,none
1791358249,productcatalog-service,2.13,66.14,14.71,0.0018,1,0,normal,none
1791358249,redis-cart,0.51,34.81,3.1,0.0009,1,0,normal,none
1791358252,frontend,3.5,154.12,25.42,0.0007,1,0,normal,none
1791358252,cart-service,2.81,92.68,18.86,0.0013,1,0,normal,none
1791358252,payment-service,1.52,44.29,11.11,0.0011,1,0,normal,none
1791358252,productcatalog-service,1.62,57.03,13.29,0.0012,1,0,normal,none
1791358252,redis-cart,0.59,32.64,4.77,0.0013,1,0,normal,none
1791358255,frontend,3.37,152.84,21.83,0.0013,1,0,normal,none
1791358255,cart-service,1.93,92.3,16.48,0.0008,1,0,normal,none
1791358255,payment-service,1.34,48.1,15.41,0.0012,1,0,normal,none
1791358255,productcatalog-service,1.83,61.04,13.74,0.0011,1,0,normal,none
1791358255,redis-cart,0.95,31.84,3.36,0.001,1,0,normal,none
1791358258,frontend,3.57,150.1,27.26,0.0008,1,0,normal,none
1791358258,cart-service,2.89,92.28,16.39,0.001,1,0,normal,none
1791358258,payment-service,1.14,44.12,10.59,0.0008,1,0,normal,none
1791358258,productcatalog-service,1.48,65.18,12.61,0.0008,1,0,normal,none
1791358258,redis-cart,1.18,32.22,4.54,0.0013,1,0,normal,none
1791358261,frontend,4.38,153.7,17.08,0.0006,1,0,normal,none
1791358261,cart-service,1.12,92.69,15.18,0.0015,1,0,normal,none
1791358261,payment-service,1.29,42.38,9.4,0.0012,1,0,normal,none
1791358261,productcatalog-service,1.97,67.14,17.55,0.0015,1,0,normal,none
1791358261,redis-cart,1.29,29.82,3.19,0.0011,1,0,normal,none
1791358264,frontend,3.5,147.93,25.17,0.0016,1,0,normal,none
1791358264,cart-service,1.56,100.0,22.42,0.0005,1,0,normal,none
1791358264,payment-service,1.58,45.14,12.24,0.0004,1,0,normal,none
1791358264,productcatalog-service,2.69,65.48,16.37,0.001,1,0,normal,none
1791358264,redis-cart,0.88,32.84,2.78,0.0014,1,0,normal,none
1791358267,frontend,4.76,150.17,26.47,0.0014,1,0,normal,none
1791358267,cart-service,2.37,94.63,17.28,0.0006,1,0,normal,none
1791358267,payment-service,1.44,48.96,8.77,0.0008,1,0,normal,none
1791358267,productcatalog-service,2.02,67.57,15.97,0.0006,1,0,normal,none
1791358267,redis-cart,0.98,33.21,1.95,0.0007,1,0,normal,none
1791358270,frontend,2.45,141.48,19.29,0.0007,1,0,normal,none
1791358270,cart-service,3.03,94.05,15.21,0.0005,1,0,normal,none
1791358270,payment-service,1.83,44.91,10.8,0.0018,1,0,normal,none
1791358270,productcatalog-service,1.61,68.81,11.52,0.0005,1,0,normal,none
1791358270,redis-cart,0.85,34.1,4.3,0.0014,1,0,normal,none
1791358273,frontend,3.59,150.93,23.43,0.0015,1,0,normal,none
1791358273,cart-service,1.18,104.6,15.84,0.0019,1,0,normal,none
1791358273,payment-service,1.55,43.62,13.04,0.0012,1,0,normal,none
1791358273,productcatalog-service,1.69,61.74,15.26,0.0012,1,0,normal,none
1791358273,redis-cart,0.82,30.96,4.75,0.0013,1,0,normal,none
1791358276,frontend,4.19,146.72,29.12,0.0011,1,0,normal,none
1791358276,cart-service,2.76,94.4,16.57,0.001,1,0,normal,none
1791358276,payment-service,1.45,43.89,11.68,0.001,1,0,normal,none
1791358276,productcatalog-service,2.44,65.08,12.18,0.0018,1,0,normal,none
1791358276,redis-cart,0.71,33.68,5.98,0.0008,1,0,normal,none
1791358279,frontend,2.37,142.53,33.5,0.0014,1,0,normal,none
1791358279,cart-service,3.34,84.49,19.42,0.0009,1,0,normal,none
1791358279,payment-service,1.53,41.43,11.03,0.0005,1,0,normal,none
1791358279,productcatalog-service,1.3,61.06,11.24,0.0011,1,0,normal,none
1791358279,redis-cart,0.74,33.07,4.95,0.0004,1,0,normal,none
1791358282,frontend,2.94,149.96,24.95,0.0009,1,0,normal,none
1791358282,cart-service,2.3,101.56,16.69,0.0015,1,0,normal,none
1791358282,payment-service,1.48,45.1,12.64,0.0014,1,0,normal,none
1791358282,productcatalog-service,1.52,67.52,15.52,0.0013,1,0,normal,none
1791358282,redis-cart,0.75,30.01,5.15,0.001,1,0,normal,none
1791358285,frontend,3.29,151.59,15.57,0.0006,1,0,normal,none
1791358285,cart-service,1.38,97.15,16.56,0.0014,1,0,normal,none
1791358285,payment-service,1.53,51.56,15.59,0.0007,1,0,normal,none
1791358285,productcatalog-service,2.16,64.19,12.76,0.0011,1,0,normal,none
1791358285,redis-cart,1.32,29.94,3.26,0.0008,1,0,normal,none
1791358288,frontend,3.46,150.97,996.32,0.0204,1,1,network_latency,frontend
1791358288,cart-service,2.37,98.82,17.42,0.0012,1,1,network_latency,frontend
1791358288,payment-service,1.72,48.59,11.8,0.0012,1,1,network_latency,frontend
1791358288,productcatalog-service,1.73,61.99,12.67,0.0012,1,1,network_latency,frontend
1791358288,redis-cart,0.59,34.56,2.87,0.0014,1,1,network_latency,frontend
1791358291,frontend,3.57,140.0,923.41,0.0221,1,1,network_latency,frontend
1791358291,cart-service,2.79,101.45,13.66,0.0011,1,1,network_latency,frontend
1791358291,payment-service,2.18,46.71,10.15,0.0008,1,1,network_latency,frontend
1791358291,productcatalog-service,2.12,61.75,15.78,0.0013,1,1,network_latency,frontend
1791358291,redis-cart,0.79,30.27,5.3,0.0009,1,1,network_latency,frontend
1791358294,frontend,3.53,154.61,1014.08,0.0257,1,1,network_latency,frontend
1791358294,cart-service,3.01,105.08,18.72,0.0007,1,1,network_latency,frontend
1791358294,payment-service,1.19,47.33,11.02,0.0007,1,1,network_latency,frontend
1791358294,productcatalog-service,2.32,66.92,17.53,0.0016,1,1,network_latency,frontend
1791358294,redis-cart,0.69,34.13,3.42,0.0013,1,1,network_latency,frontend
1791358297,frontend,4.38,146.1,1029.63,0.0244,1,1,network_latency,frontend
1791358297,cart-service,2.01,102.98,17.82,0.001,1,1,network_latency,frontend
1791358297,payment-service,1.26,38.66,14.81,0.0006,1,1,network_latency,frontend
1791358297,productcatalog-service,2.04,65.6,14.62,0.0013,1,1,network_latency,frontend
1791358297,redis-cart,0.77,33.51,2.67,0.0006,1,1,network_latency,frontend
1791358300,frontend,3.7,139.55,928.69,0.0177,1,1,network_latency,frontend
1791358300,cart-service,2.62,98.22,17.22,0.0015,1,1,network_latency,frontend
1791358300,payment-service,1.63,45.06,11.5,0.0012,1,1,network_latency,frontend
1791358300,productcatalog-service,2.07,64.65,13.45,0.0004,1,1,network_latency,frontend
1791358300,redis-cart,1.09,32.22,6.2,0.0009,1,1,network_latency,frontend
1791358303,frontend,4.64,141.01,1021.66,0.0147,1,1,network_latency,frontend
1791358303,cart-service,2.42,94.92,16.95,0.0018,1,1,network_latency,frontend
1791358303,payment-service,1.06,46.68,13.78,0.0004,1,1,network_latency,frontend
1791358303,productcatalog-service,1.98,66.88,13.67,0.0007,1,1,network_latency,frontend
1791358303,redis-cart,1.28,30.73,3.68,0.0011,1,1,network_latency,frontend
1791358306,frontend,5.33,152.39,879.23,0.0243,1,1,network_latency,frontend
1791358306,cart-service,2.12,99.47,16.71,0.0009,1,1,network_latency,frontend
1791358306,payment-service,0.79,47.9,13.69,0.0011,1,1,network_latency,frontend
1791358306,productcatalog-service,1.6,61.8,13.72,0.0009,1,1,network_latency,frontend
1791358306,redis-cart,0.82,32.09,3.34,0.0009,1,1,network_latency,frontend
1791358309,frontend,4.74,148.38,1023.37,0.0087,1,1,network_latency,frontend
1791358309,cart-service,1.72,90.87,19.59,0.0009,1,1,network_latency,frontend
1791358309,payment-service,1.8,44.58,10.68,0.0007,1,1,network_latency,frontend
1791358309,productcatalog-service,2.42,64.26,17.2,0.001,1,1,network_latency,frontend
1791358309,redis-cart,0.73,31.87,3.1,0.0016,1,1,network_latency,frontend
1791358312,frontend,4.88,157.93,1027.47,0.0167,1,1,network_latency,frontend
1791358312,cart-service,2.94,89.62,14.71,0.0002,1,1,network_latency,frontend
1791358312,payment-service,1.64,42.08,12.59,0.0002,1,1,network_latency,frontend
1791358312,productcatalog-service,2.1,67.02,14.56,0.0006,1,1,network_latency,frontend
1791358312,redis-cart,1.13,31.87,3.4,0.0009,1,1,network_latency,frontend
1791358315,frontend,4.17,156.02,951.61,0.0166,1,1,network_latency,frontend
1791358315,cart-service,2.76,97.16,21.26,0.0015,1,1,network_latency,frontend
1791358315,payment-service,1.68,41.78,10.83,0.0007,1,1,network_latency,frontend
1791358315,productcatalog-service,1.9,67.65,13.6,0.001,1,1,network_latency,frontend
1791358315,redis-cart,0.73,35.33,2.72,0.0007,1,1,network_latency,frontend
1791358318,frontend,2.29,155.3,20.0,0.0008,1,0,normal,none
1791358318,cart-service,2.47,98.19,18.88,0.0016,1,0,normal,none
1791358318,payment-service,1.46,44.15,13.39,0.0007,1,0,normal,none
1791358318,productcatalog-service,2.02,69.36,15.44,0.0006,1,0,normal,none
1791358318,redis-cart,0.97,33.34,4.28,0.0011,1,0,normal,none
1791358321,frontend,4.22,147.81,34.97,0.0007,1,0,normal,none
1791358321,cart-service,2.75,96.62,21.46,0.0009,1,0,normal,none
1791358321,payment-service,2.26,45.3,12.99,0.0004,1,0,normal,none
1791358321,productcatalog-service,1.87,70.15,15.33,0.0019,1,0,normal,none
1791358321,redis-cart,0.66,32.78,3.04,0.001,1,0,normal,none
1791358324,frontend,4.55,146.26,22.35,0.0011,1,0,normal,none
1791358324,cart-service,2.9,98.5,17.62,0.0002,1,0,normal,none
1791358324,payment-service,1.55,42.22,11.2,0.0004,1,0,normal,none
1791358324,productcatalog-service,2.5,64.59,15.1,0.001,1,0,normal,none
1791358324,redis-cart,0.6,34.04,4.41,0.001,1,0,normal,none
1791358327,frontend,4.61,136.24,21.56,0.0011,1,0,normal,none
1791358327,cart-service,2.12,92.72,17.07,0.001,1,0,normal,none
1791358327,payment-service,1.53,46.42,11.01,0.0014,1,0,normal,none
1791358327,productcatalog-service,1.27,65.02,19.3,0.0007,1,0,normal,none
1791358327,redis-cart,1.03,35.48,4.24,0.0006,1,0,normal,none
1791358330,frontend,3.94,142.35,27.55,0.0012,1,0,normal,none
1791358330,cart-service,2.47,88.23,16.99,0.0011,1,0,normal,none
1791358330,payment-service,1.42,46.09,9.67,0.0004,1,0,normal,none
1791358330,productcatalog-service,2.39,65.39,13.6,0.0008,1,0,normal,none
1791358330,redis-cart,0.7,34.06,3.2,0.0011,1,0,normal,none
1791358333,frontend,4.81,151.81,27.94,0.0011,1,0,normal,none
1791358333,cart-service,2.64,103.16,21.28,0.001,1,0,normal,none
1791358333,payment-service,1.99,45.57,11.16,0.0014,1,0,normal,none
1791358333,productcatalog-service,1.91,63.43,14.51,0.0,1,0,normal,none
1791358333,redis-cart,0.92,28.8,5.14,0.0004,1,0,normal,none
1791358336,frontend,4.44,149.92,27.2,0.001,1,0,normal,none
1791358336,cart-service,1.12,96.75,19.44,0.0012,1,0,normal,none
1791358336,payment-service,2.22,46.13,14.87,0.0017,1,0,normal,none
1791358336,productcatalog-service,2.8,62.37,16.31,0.0012,1,0,normal,none
1791358336,redis-cart,1.21,35.47,3.09,0.0015,1,0,normal,none
1791358339,frontend,4.26,150.2,20.89,0.0005,1,0,normal,none
1791358339,cart-service,2.08,100.3,22.08,0.0004,1,0,normal,none
1791358339,payment-service,1.87,49.87,11.43,0.001,1,0,normal,none
1791358339,productcatalog-service,2.02,63.73,17.19,0.0014,1,0,normal,none
1791358339,redis-cart,0.83,35.98,3.99,0.0004,1,0,normal,none
1791358342,frontend,4.52,150.54,30.81,0.0012,1,0,normal,none
1791358342,cart-service,2.05,103.89,23.26,0.0007,1,0,normal,none
1791358342,payment-service,1.33,42.98,14.11,0.001,1,0,normal,none
1791358342,productcatalog-service,1.53,63.76,13.01,0.0008,1,0,normal,none
1791358342,redis-cart,1.13,35.03,3.71,0.001,1,0,normal,none
1791358345,frontend,3.01,154.73,24.7,0.0011,1,0,normal,none
1791358345,cart-service,2.67,90.64,14.52,0.001,1,0,normal,none
1791358345,payment-service,1.3,48.59,10.8,0.0007,1,0,normal,none
1791358345,productcatalog-service,2.03,64.16,11.99,0.0007,1,0,normal,none
1791358345,redis-cart,1.16,31.6,5.01,0.0004,1,0,normal,none
1791358348,frontend,3.41,153.58,27.65,0.001,1,0,normal,none
1791358348,cart-service,2.92,97.38,16.28,0.0014,1,0,normal,none
1791358348,payment-service,1.83,48.45,14.05,0.0009,1,0,normal,none
1791358348,productcatalog-service,2.02,68.61,11.75,0.0005,1,0,normal,none
1791358348,redis-cart,0.62,36.66,4.1,0.001,1,0,normal,none
1791358351,frontend,3.24,146.56,27.93,0.0012,1,0,normal,none
1791358351,cart-service,2.36,91.33,12.76,0.001,1,0,normal,none
1791358351,payment-service,0.85,44.99,10.95,0.001,1,0,normal,none
1791358351,productcatalog-service,2.08,63.56,17.8,0.0011,1,0,normal,none
1791358351,redis-cart,0.94,33.12,4.85,0.001,1,0,normal,none
1791358354,frontend,3.72,144.99,22.45,0.0007,1,0,normal,none
1791358354,cart-service,2.95,101.07,18.45,0.0006,1,0,normal,none
1791358354,payment-service,1.68,43.23,11.76,0.0009,1,0,normal,none
1791358354,productcatalog-service,2.04,74.06,14.09,0.0012,1,0,normal,none
1791358354,redis-cart,1.06,35.86,3.51,0.001,1,0,normal,none
1791358357,frontend,4.77,153.24,25.6,0.0011,1,0,normal,none
1791358357,cart-service,3.06,103.01,14.52,0.001,1,0,normal,none
1791358357,payment-service,1.94,48.69,12.09,0.0006,1,0,normal,none
1791358357,productcatalog-service,3.0,66.52,19.12,0.001,1,0,normal,none
1791358357,redis-cart,0.87,33.44,5.37,0.001,1,0,normal,none
1791358360,frontend,5.37,148.26,27.24,0.0,1,1,memory_leak,cart-service
1791358360,cart-service,5.57,251.49,32.53,0.0117,1,1,memory_leak,cart-service
1791358360,payment-service,0.81,47.83,11.13,0.0015,1,1,memory_leak,cart-service
1791358360,productcatalog-service,2.77,65.16,12.88,0.0013,1,1,memory_leak,cart-service
1791358360,redis-cart,0.94,33.83,3.81,0.0005,1,1,memory_leak,cart-service
1791358363,frontend,3.76,156.73,33.29,0.0015,1,1,memory_leak,cart-service
1791358363,cart-service,4.5,271.8,32.74,0.0142,1,1,memory_leak,cart-service
1791358363,payment-service,2.18,41.49,16.49,0.0005,1,1,memory_leak,cart-service
1791358363,productcatalog-service,2.72,66.21,16.71,0.0003,1,1,memory_leak,cart-service
1791358363,redis-cart,1.07,33.37,3.24,0.0006,1,1,memory_leak,cart-service
1791358366,frontend,4.35,146.91,30.5,0.0003,1,1,memory_leak,cart-service
1791358366,cart-service,5.5,288.58,23.53,0.0115,1,1,memory_leak,cart-service
1791358366,payment-service,1.43,48.84,14.1,0.0015,1,1,memory_leak,cart-service
1791358366,productcatalog-service,1.74,64.74,15.66,0.0009,1,1,memory_leak,cart-service
1791358366,redis-cart,0.84,31.26,4.26,0.0014,1,1,memory_leak,cart-service
1791358369,frontend,3.23,153.25,26.75,0.0008,1,1,memory_leak,cart-service
1791358369,cart-service,5.32,306.87,26.06,0.0124,1,1,memory_leak,cart-service
1791358369,payment-service,0.75,45.74,11.98,0.001,1,1,memory_leak,cart-service
1791358369,productcatalog-service,1.32,68.8,16.49,0.0014,1,1,memory_leak,cart-service
1791358369,redis-cart,0.69,30.95,4.64,0.0012,1,1,memory_leak,cart-service
1791358372,frontend,5.08,148.55,28.94,0.0015,1,1,memory_leak,cart-service
1791358372,cart-service,6.19,346.06,27.95,0.0067,1,1,memory_leak,cart-service
1791358372,payment-service,2.02,45.62,13.59,0.0014,1,1,memory_leak,cart-service
1791358372,productcatalog-service,2.12,69.62,13.49,0.0008,1,1,memory_leak,cart-service
1791358372,redis-cart,1.03,32.06,4.72,0.0001,1,1,memory_leak,cart-service
1791358375,frontend,3.61,154.37,29.52,0.0008,1,1,memory_leak,cart-service
1791358375,cart-service,5.18,348.53,29.94,0.0131,1,1,memory_leak,cart-service
1791358375,payment-service,1.64,46.76,10.99,0.001,1,1,memory_leak,cart-service
1791358375,productcatalog-service,1.59,68.35,17.74,0.001,1,1,memory_leak,cart-service
1791358375,redis-cart,1.0,35.86,4.81,0.0002,1,1,memory_leak,cart-service
1791358378,frontend,4.33,155.1,26.64,0.0015,1,1,memory_leak,cart-service
1791358378,cart-service,4.33,376.12,32.77,0.0149,1,1,memory_leak,cart-service
1791358378,payment-service,2.01,47.62,15.54,0.0007,1,1,memory_leak,cart-service
1791358378,productcatalog-service,1.95,70.24,12.36,0.0008,1,1,memory_leak,cart-service
1791358378,redis-cart,0.54,36.13,4.55,0.0007,1,1,memory_leak,cart-service
1791358381,frontend,3.33,155.11,32.77,0.0012,1,1,memory_leak,cart-service
1791358381,cart-service,5.76,389.42,30.01,0.0024,1,1,memory_leak,cart-service
1791358381,payment-service,1.72,44.7,11.65,0.001,1,1,memory_leak,cart-service
1791358381,productcatalog-service,2.2,65.84,13.79,0.0009,1,1,memory_leak,cart-service
1791358381,redis-cart,0.72,34.12,3.86,0.0002,1,1,memory_leak,cart-service
1791358384,frontend,2.2,157.01,25.45,0.0005,1,1,memory_leak,cart-service
1791358384,cart-service,5.34,412.99,29.8,0.0092,1,1,memory_leak,cart-service
1791358384,payment-service,1.76,44.97,14.81,0.0006,1,1,memory_leak,cart-service
1791358384,productcatalog-service,2.32,63.86,16.4,0.0009,1,1,memory_leak,cart-service
1791358384,redis-cart,0.72,32.84,4.21,0.0015,1,1,memory_leak,cart-service
1791358387,frontend,5.66,151.53,26.0,0.0005,1,1,memory_leak,cart-service
1791358387,cart-service,5.35,431.75,35.15,0.0118,1,1,memory_leak,cart-service
1791358387,payment-service,2.15,46.14,15.12,0.001,1,1,memory_leak,cart-service
1791358387,productcatalog-service,2.28,68.83,13.16,0.0005,1,1,memory_leak,cart-service
1791358387,redis-cart,1.03,32.68,4.74,0.0011,1,1,memory_leak,cart-service
1791358390,frontend,3.98,152.59,26.67,0.0017,1,0,normal,none
1791358390,cart-service,1.51,112.97,17.75,0.0012,1,0,normal,none
1791358390,payment-service,1.67,50.18,11.36,0.0005,1,0,normal,none
1791358390,productcatalog-service,1.41,66.92,13.95,0.0004,1,0,normal,none
1791358390,redis-cart,0.63,32.08,5.18,0.0006,1,0,normal,none
1791358393,frontend,5.84,159.16,37.67,0.0014,1,0,normal,none
1791358393,cart-service,2.99,99.07,19.23,0.0007,1,0,normal,none
1791358393,payment-service,1.43,44.88,11.68,0.0016,1,0,normal,none
1791358393,productcatalog-service,1.8,66.38,14.8,0.0006,1,0,normal,none
1791358393,redis-cart,0.5,36.24,5.08,0.0015,1,0,normal,none
1791358396,frontend,2.35,151.95,21.78,0.0002,1,0,normal,none
1791358396,cart-service,2.13,98.69,19.54,0.0004,1,0,normal,none
1791358396,payment-service,1.51,43.85,13.48,0.0012,1,0,normal,none
1791358396,productcatalog-service,2.72,59.81,18.81,0.0011,1,0,normal,none
1791358396,redis-cart,1.29,32.01,3.31,0.0009,1,0,normal,none
1791358399,frontend,5.04,154.1,27.36,0.0006,1,0,normal,none
1791358399,cart-service,2.61,93.26,17.35,0.0005,1,0,normal,none
1791358399,payment-service,2.0,44.29,12.18,0.0005,1,0,normal,none
1791358399,productcatalog-service,1.85,67.1,13.15,0.0012,1,0,normal,none
1791358399,redis-cart,1.04,35.02,3.44,0.0003,1,0,normal,none
1791358402,frontend,1.93,152.09,25.18,0.0004,1,0,normal,none
1791358402,cart-service,2.6,100.13,15.16,0.001,1,0,normal,none
1791358402,payment-service,1.89,47.07,16.19,0.0001,1,0,normal,none
1791358402,productcatalog-service,2.71,66.89,15.26,0.0002,1,0,normal,none
1791358402,redis-cart,0.64,34.09,3.99,0.0008,1,0,normal,none
1791358405,frontend,4.79,151.32,25.55,0.0017,1,0,normal,none
1791358405,cart-service,2.11,100.37,15.91,0.0,1,0,normal,none
1791358405,payment-service,1.62,46.8,13.55,0.002,1,0,normal,none
1791358405,productcatalog-service,2.1,60.91,15.55,0.0015,1,0,normal,none
1791358405,redis-cart,0.99,37.06,3.34,0.0007,1,0,normal,none
1791358408,frontend,4.45,153.84,26.78,0.0011,1,0,normal,none
1791358408,cart-service,2.33,96.72,17.47,0.0007,1,0,normal,none
1791358408,payment-service,1.02,49.59,13.59,0.0012,1,0,normal,none
1791358408,productcatalog-service,1.61,65.65,16.03,0.0007,1,0,normal,none
1791358408,redis-cart,1.06,31.13,4.12,0.001,1,0,normal,none
1791358411,frontend,5.43,152.13,19.55,0.0009,1,0,normal,none
1791358411,cart-service,2.86,99.7,19.93,0.0006,1,0,normal,none
1791358411,payment-service,1.79,48.49,14.04,0.0011,1,0,normal,none
1791358411,productcatalog-service,1.98,68.45,15.84,0.0014,1,0,normal,none
1791358411,redis-cart,1.02,30.42,3.59,0.0007,1,0,normal,none
1791358414,frontend,2.3,146.87,29.81,0.0007,1,0,normal,none
1791358414,cart-service,3.46,101.26,16.62,0.0012,1,0,normal,none
1791358414,payment-service,1.32,45.21,12.52,0.0002,1,0,normal,none
1791358414,productcatalog-service,2.38,65.75,18.63,0.0004,1,0,normal,none
1791358414,redis-cart,0.83,28.92,4.35,0.0005,1,0,normal,none
1791358417,frontend,3.98,148.63,23.3,0.0007,1,0,normal,none
1791358417,cart-service,1.54,96.52,17.99,0.0005,1,0,normal,none
1791358417,payment-service,0.92,44.81,12.67,0.0011,1,0,normal,none
1791358417,productcatalog-service,1.94,67.41,12.91,0.0007,1,0,normal,none
1791358417,redis-cart,1.16,33.11,3.9,0.0007,1,0,normal,none
1791358420,frontend,3.52,145.27,23.01,0.0015,1,0,normal,none
1791358420,cart-service,1.19,100.65,18.46,0.0011,1,0,normal,none
1791358420,payment-service,1.63,42.22,10.8,0.0021,1,0,normal,none
1791358420,productcatalog-service,2.1,61.46,16.15,0.0008,1,0,normal,none
1791358420,redis-cart,1.16,35.02,4.9,0.0013,1,0,normal,none
1791358423,frontend,2.93,164.22,16.32,0.0005,1,0,normal,none
1791358423,cart-service,3.02,103.17,18.47,0.0005,1,0,normal,none
1791358423,payment-service,2.09,45.64,11.35,0.0007,1,0,normal,none
1791358423,productcatalog-service,1.9,69.18,15.37,0.001,1,0,normal,none
1791358423,redis-cart,0.54,37.46,4.86,0.001,1,0,normal,none
1791358426,frontend,4.39,152.78,24.19,0.0012,1,0,normal,none
1791358426,cart-service,2.6,97.2,17.11,0.0008,1,0,normal,none
1791358426,payment-service,1.1,41.61,13.12,0.0012,1,0,normal,none
1791358426,productcatalog-service,2.39,64.21,14.81,0.0009,1,0,normal,none
1791358426,redis-cart,0.83,30.61,3.75,0.001,1,0,normal,none
1791358429,frontend,4.59,153.84,20.61,0.0004,1,0,normal,none
1791358429,cart-service,2.1,95.6,16.66,0.001,1,0,normal,none
1791358429,payment-service,1.43,46.68,13.94,0.0018,1,0,normal,none
1791358429,productcatalog-service,2.32,61.87,17.67,0.0015,1,0,normal,none
1791358429,redis-cart,0.8,35.54,4.45,0.0012,1,0,normal,none
1791358432,frontend,2.91,151.37,207.81,0.2774,1,1,packet_loss,payment-service
1791358432,cart-service,3.02,97.51,19.75,0.0014,1,1,packet_loss,payment-service
1791358432,payment-service,2.24,47.13,169.33,0.611,1,1,packet_loss,payment-service
1791358432,productcatalog-service,1.91,60.51,15.48,0.0013,1,1,packet_loss,payment-service
1791358432,redis-cart,0.5,34.24,3.89,0.0006,1,1,packet_loss,payment-service
1791358435,frontend,4.69,158.18,163.96,0.2197,1,1,packet_loss,payment-service
1791358435,cart-service,3.02,103.66,18.6,0.0004,1,1,packet_loss,payment-service
1791358435,payment-service,0.65,43.92,179.66,0.6074,1,1,packet_loss,payment-service
1791358435,productcatalog-service,1.64,56.56,13.31,0.0011,1,1,packet_loss,payment-service
1791358435,redis-cart,1.04,32.6,3.72,0.0007,1,1,packet_loss,payment-service
1791358438,frontend,4.5,155.91,167.88,0.3273,1,1,packet_loss,payment-service
1791358438,cart-service,2.64,97.95,17.76,0.0009,1,1,packet_loss,payment-service
1791358438,payment-service,1.74,44.95,210.11,0.4759,1,1,packet_loss,payment-service
1791358438,productcatalog-service,2.05,66.65,13.77,0.0008,1,1,packet_loss,payment-service
1791358438,redis-cart,1.01,31.24,4.48,0.0009,1,1,packet_loss,payment-service
1791358441,frontend,3.99,155.37,191.74,0.2497,1,1,packet_loss,payment-service
1791358441,cart-service,1.56,98.48,18.82,0.0008,1,1,packet_loss,payment-service
1791358441,payment-service,0.4,48.57,199.41,0.6492,1,1,packet_loss,payment-service
1791358441,productcatalog-service,2.44,56.74,16.08,0.001,1,1,packet_loss,payment-service
1791358441,redis-cart,0.82,34.42,3.38,0.0012,1,1,packet_loss,payment-service
1791358444,frontend,3.28,150.18,190.32,0.2698,1,1,packet_loss,payment-service
1791358444,cart-service,1.91,90.95,13.0,0.0006,1,1,packet_loss,payment-service
1791358444,payment-service,0.96,49.05,171.26,0.5975,1,1,packet_loss,payment-service
1791358444,productcatalog-service,1.65,67.47,12.07,0.001,1,1,packet_loss,payment-service
1791358444,redis-cart,0.51,37.16,3.46,0.0012,1,1,packet_loss,payment-service
1791358447,frontend,3.74,144.79,163.92,0.3134,1,1,packet_loss,payment-service
1791358447,cart-service,1.68,105.3,13.88,0.0015,1,1,packet_loss,payment-service
1791358447,payment-service,0.67,50.67,177.15,0.6762,1,1,packet_loss,payment-service
1791358447,productcatalog-service,1.98,66.73,15.1,0.0014,1,1,packet_loss,payment-service
1791358447,redis-cart,0.84,35.16,3.43,0.001,1,1,packet_loss,payment-service
1791358450,frontend,3.33,144.51,219.3,0.212,1,1,packet_loss,payment-service
1791358450,cart-service,2.74,96.64,12.61,0.0009,1,1,packet_loss,payment-service
1791358450,payment-service,1.6,43.23,199.27,0.6124,1,1,packet_loss,payment-service
1791358450,productcatalog-service,2.3,65.34,13.94,0.0005,1,1,packet_loss,payment-service
1791358450,redis-cart,0.57,34.22,4.88,0.0008,1,1,packet_loss,payment-service
1791358453,frontend,4.05,161.15,189.23,0.2068,1,1,packet_loss,payment-service
1791358453,cart-service,1.34,95.13,17.98,0.0008,1,1,packet_loss,payment-service
1791358453,payment-service,1.53,46.54,190.15,0.6239,1,1,packet_loss,payment-service
1791358453,productcatalog-service,2.16,71.0,12.29,0.0007,1,1,packet_loss,payment-service
1791358453,redis-cart,0.7,32.18,2.43,0.0008,1,1,packet_loss,payment-service
1791358456,frontend,4.17,156.71,200.62,0.2134,1,1,packet_loss,payment-service
1791358456,cart-service,3.23,99.35,11.96,0.0004,1,1,packet_loss,payment-service
1791358456,payment-service,0.87,44.42,215.87,0.6443,1,1,packet_loss,payment-service
1791358456,productcatalog-service,2.38,66.26,9.53,0.0021,1,1,packet_loss,payment-service
1791358456,redis-cart,1.0,35.84,4.18,0.0007,1,1,packet_loss,payment-service
1791358459,frontend,3.3,160.3,180.01,0.2602,1,1,packet_loss,payment-service
1791358459,cart-service,0.83,93.96,15.63,0.0008,1,1,packet_loss,payment-service
1791358459,payment-service,1.02,44.1,205.15,0.6534,1,1,packet_loss,payment-service
1791358459,productcatalog-service,1.89,61.7,13.97,0.0013,1,1,packet_loss,payment-service
1791358459,redis-cart,1.3,30.69,5.12,0.0013,1,1,packet_loss,payment-service
1791358462,frontend,3.32,155.02,25.05,0.0004,1,0,normal,none
1791358462,cart-service,2.81,96.38,21.74,0.0011,1,0,normal,none
1791358462,payment-service,1.3,42.28,9.77,0.0017,1,0,normal,none
1791358462,productcatalog-service,0.78,68.07,14.09,0.0013,1,0,normal,none
1791358462,redis-cart,0.82,34.74,4.25,0.0008,1,0,normal,none
1791358465,frontend,4.18,155.43,22.59,0.0011,1,0,normal,none
1791358465,cart-service,2.68,103.34,17.13,0.0006,1,0,normal,none
1791358465,payment-service,1.72,45.0,11.99,0.0003,1,0,normal,none
1791358465,productcatalog-service,1.79,64.96,14.41,0.0005,1,0,normal,none
1791358465,redis-cart,0.81,33.48,3.42,0.0009,1,0,normal,none
1791358468,frontend,3.66,154.17,17.46,0.0013,1,0,normal,none
1791358468,cart-service,3.0,93.97,14.62,0.0013,1,0,normal,none
1791358468,payment-service,1.41,45.66,12.4,0.0003,1,0,normal,none
1791358468,productcatalog-service,1.54,68.39,15.55,0.0009,1,0,normal,none
1791358468,redis-cart,0.49,32.69,3.59,0.0005,1,0,normal,none
1791358471,frontend,2.8,157.75,23.47,0.0006,1,0,normal,none
1791358471,cart-service,2.71,98.37,17.34,0.0012,1,0,normal,none
1791358471,payment-service,1.47,44.48,10.69,0.0007,1,0,normal,none
1791358471,productcatalog-service,1.78,64.56,14.89,0.001,1,0,normal,none
1791358471,redis-cart,0.88,33.88,3.36,0.001,1,0,normal,none
1791358474,frontend,2.73,152.46,22.86,0.0008,1,0,normal,none
1791358474,cart-service,2.2,93.87,16.37,0.0011,1,0,normal,none
1791358474,payment-service,1.38,47.32,10.46,0.0014,1,0,normal,none
1791358474,productcatalog-service,2.07,60.57,14.33,0.0005,1,0,normal,none
1791358474,redis-cart,0.85,37.53,5.16,0.0004,1,0,normal,none
1791358477,frontend,2.64,154.64,26.36,0.0004,1,0,normal,none
1791358477,cart-service,2.19,95.84,18.15,0.0008,1,0,normal,none
1791358477,payment-service,1.92,43.09,7.75,0.0012,1,0,normal,none
1791358477,productcatalog-service,1.71,67.67,11.4,0.0015,1,0,normal,none
1791358477,redis-cart,0.69,31.81,3.2,0.0002,1,0,normal,none
1791358480,frontend,3.68,158.32,15.07,0.0004,1,0,normal,none
1791358480,cart-service,1.83,98.07,15.71,0.0019,1,0,normal,none
1791358480,payment-service,1.38,48.28,9.71,0.0009,1,0,normal,none
1791358480,productcatalog-service,1.63,62.73,10.76,0.0008,1,0,normal,none
1791358480,redis-cart,0.7,34.34,4.32,0.0009,1,0,normal,none
1791358483,frontend,4.09,145.97,16.66,0.001,1,0,normal,none
1791358483,cart-service,2.66,96.37,14.36,0.0007,1,0,normal,none
1791358483,payment-service,1.37,44.28,10.19,0.0007,1,0,normal,none
1791358483,productcatalog-service,1.33,68.99,16.51,0.0,1,0,normal,none
1791358483,redis-cart,0.81,35.06,4.41,0.0013,1,0,normal,none
1791358486,frontend,3.28,150.1,21.85,0.0006,1,0,normal,none
1791358486,cart-service,1.35,100.83,15.58,0.0008,1,0,normal,none
1791358486,payment-service,1.44,44.93,8.61,0.0009,1,0,normal,none
1791358486,productcatalog-service,1.32,65.03,13.34,0.0006,1,0,normal,none
1791358486,redis-cart,0.63,31.51,3.66,0.0011,1,0,normal,none
1791358489,frontend,3.62,162.06,25.09,0.0021,1,0,normal,none
1791358489,cart-service,2.24,96.57,14.59,0.0005,1,0,normal,none
1791358489,payment-service,1.11,50.76,11.69,0.0015,1,0,normal,none
1791358489,productcatalog-service,0.96,68.13,16.71,0.0011,1,0,normal,none
1791358489,redis-cart,0.4,35.06,3.47,0.0006,1,0,normal,none
1791358492,frontend,4.47,149.92,19.68,0.0009,1,0,normal,none
1791358492,cart-service,1.77,97.99,15.19,0.0009,1,0,normal,none
1791358492,payment-service,0.98,48.56,12.17,0.0,1,0,normal,none
1791358492,productcatalog-service,1.84,64.1,13.62,0.0007,1,0,normal,none
1791358492,redis-cart,0.8,32.03,3.5,0.0006,1,0,normal,none
1791358495,frontend,3.69,145.87,22.59,0.001,1,0,normal,none
1791358495,cart-service,2.41,107.46,17.03,0.0007,1,0,normal,none
1791358495,payment-service,1.12,48.85,14.8,0.0015,1,0,normal,none
1791358495,productcatalog-service,1.99,62.29,14.23,0.0008,1,0,normal,none
1791358495,redis-cart,1.05,32.38,2.19,0.0019,1,0,normal,none
1791358498,frontend,3.68,147.31,13.92,0.0013,1,0,normal,none
1791358498,cart-service,1.73,98.85,14.1,0.0001,1,0,normal,none
1791358498,payment-service,0.98,46.24,12.34,0.0009,1,0,normal,none
1791358498,productcatalog-service,1.2,67.05,14.26,0.0017,1,0,normal,none
1791358498,redis-cart,0.82,35.24,3.03,0.0012,1,0,normal,none
1791358501,frontend,3.43,154.75,19.93,0.0009,1,0,normal,none
1791358501,cart-service,1.79,95.86,16.53,0.0014,1,0,normal,none
1791358501,payment-service,1.51,44.63,12.27,0.0016,1,0,normal,none
1791358501,productcatalog-service,1.52,65.26,10.96,0.0009,1,0,normal,none
1791358501,redis-cart,0.95,30.91,2.72,0.0014,1,0,normal,none
1791358504,frontend,5.5,164.24,236.72,0.4296,1,1,cascade_redis_drop,redis-cart
1791358504,cart-service,4.35,111.72,360.55,0.7927,1,1,cascade_redis_drop,redis-cart
1791358504,payment-service,1.46,48.82,9.39,0.001,1,1,cascade_redis_drop,redis-cart
1791358504,productcatalog-service,2.34,65.29,14.37,0.0008,1,1,cascade_redis_drop,redis-cart
1791358504,redis-cart,0.0,0.0,0.0,1.0,0,1,cascade_redis_drop,redis-cart
1791358507,frontend,6.05,163.77,267.42,0.4451,1,1,cascade_redis_drop,redis-cart
1791358507,cart-service,4.8,100.93,263.02,0.7346,1,1,cascade_redis_drop,redis-cart
1791358507,payment-service,1.16,47.55,8.61,0.0013,1,1,cascade_redis_drop,redis-cart
1791358507,productcatalog-service,1.14,65.13,15.55,0.0008,1,1,cascade_redis_drop,redis-cart
1791358507,redis-cart,0.0,0.0,0.0,1.0,0,1,cascade_redis_drop,redis-cart
1791358510,frontend,4.64,168.8,211.12,0.4161,1,1,cascade_redis_drop,redis-cart
1791358510,cart-service,2.94,105.78,357.8,0.7832,1,1,cascade_redis_drop,redis-cart
1791358510,payment-service,1.1,43.74,11.9,0.0014,1,1,cascade_redis_drop,redis-cart
1791358510,productcatalog-service,2.0,66.31,11.58,0.0011,1,1,cascade_redis_drop,redis-cart
1791358510,redis-cart,0.0,0.0,0.0,1.0,0,1,cascade_redis_drop,redis-cart
1791358513,frontend,5.61,167.94,274.18,0.4127,1,1,cascade_redis_drop,redis-cart
1791358513,cart-service,4.9,107.17,324.15,0.7874,1,1,cascade_redis_drop,redis-cart
1791358513,payment-service,1.04,42.18,9.83,0.0014,1,1,cascade_redis_drop,redis-cart
1791358513,productcatalog-service,1.64,64.9,14.56,0.0005,1,1,cascade_redis_drop,redis-cart
1791358513,redis-cart,0.0,0.0,0.0,1.0,0,1,cascade_redis_drop,redis-cart
1791358516,frontend,6.69,157.07,259.55,0.3923,1,1,cascade_redis_drop,redis-cart
1791358516,cart-service,3.77,101.1,366.71,0.7233,1,1,cascade_redis_drop,redis-cart
1791358516,payment-service,1.38,46.58,12.48,0.0005,1,1,cascade_redis_drop,redis-cart
1791358516,productcatalog-service,2.06,59.49,10.04,0.0012,1,1,cascade_redis_drop,redis-cart
1791358516,redis-cart,0.0,0.0,0.0,1.0,0,1,cascade_redis_drop,redis-cart
1791358519,frontend,6.05,159.2,238.09,0.4752,1,1,cascade_redis_drop,redis-cart
1791358519,cart-service,4.33,100.14,318.76,0.7576,1,1,cascade_redis_drop,redis-cart
1791358519,payment-service,1.46,49.1,10.8,0.0,1,1,cascade_redis_drop,redis-cart
1791358519,productcatalog-service,2.57,66.09,9.32,0.0014,1,1,cascade_redis_drop,redis-cart
1791358519,redis-cart,0.0,0.0,0.0,1.0,0,1,cascade_redis_drop,redis-cart
1791358522,frontend,4.9,156.35,187.54,0.4712,1,1,cascade_redis_drop,redis-cart
1791358522,cart-service,4.14,104.46,338.85,0.8209,1,1,cascade_redis_drop,redis-cart
1791358522,payment-service,0.93,43.88,10.78,0.0006,1,1,cascade_redis_drop,redis-cart
1791358522,productcatalog-service,1.69,65.68,10.71,0.0006,1,1,cascade_redis_drop,redis-cart
1791358522,redis-cart,0.0,0.0,0.0,1.0,0,1,cascade_redis_drop,redis-cart
1791358525,frontend,4.62,159.53,224.48,0.4327,1,1,cascade_redis_drop,redis-cart
1791358525,cart-service,4.37,103.73,390.86,0.8244,1,1,cascade_redis_drop,redis-cart
1791358525,payment-service,1.01,41.16,9.21,0.0012,1,1,cascade_redis_drop,redis-cart
1791358525,productcatalog-service,1.58,62.29,12.22,0.001,1,1,cascade_redis_drop,redis-cart
1791358525,redis-cart,0.0,0.0,0.0,1.0,0,1,cascade_redis_drop,redis-cart
1791358528,frontend,5.32,157.14,249.52,0.4481,1,1,cascade_redis_drop,redis-cart
1791358528,cart-service,3.5,108.69,287.05,0.7669,1,1,cascade_redis_drop,redis-cart
1791358528,payment-service,1.38,41.28,10.23,0.0015,1,1,cascade_redis_drop,redis-cart
1791358528,productcatalog-service,2.47,64.37,15.39,0.0005,1,1,cascade_redis_drop,redis-cart
1791358528,redis-cart,0.0,0.0,0.0,1.0,0,1,cascade_redis_drop,redis-cart
1791358531,frontend,6.12,156.91,278.48,0.4202,1,1,cascade_redis_drop,redis-cart
1791358531,cart-service,4.04,106.27,365.67,0.733,1,1,cascade_redis_drop,redis-cart
1791358531,payment-service,1.73,50.18,9.61,0.0018,1,1,cascade_redis_drop,redis-cart
1791358531,productcatalog-service,2.14,64.32,11.56,0.0007,1,1,cascade_redis_drop,redis-cart
1791358531,redis-cart,0.0,0.0,0.0,1.0,0,1,cascade_redis_drop,redis-cart
1791358534,frontend,3.31,148.92,24.78,0.0018,1,0,normal,none
1791358534,cart-service,2.4,98.46,17.88,0.0012,1,0,normal,none
1791358534,payment-service,1.02,43.89,10.84,0.0005,1,0,normal,none
1791358534,productcatalog-service,1.75,68.95,9.37,0.0018,1,0,normal,none
1791358534,redis-cart,0.94,36.92,3.21,0.0019,1,0,normal,none
1791358537,frontend,3.67,144.24,22.44,0.0005,1,0,normal,none
1791358537,cart-service,1.64,97.56,11.17,0.0009,1,0,normal,none
1791358537,payment-service,1.93,47.85,10.13,0.0009,1,0,normal,none
1791358537,productcatalog-service,1.57,70.13,13.24,0.001,1,0,normal,none
1791358537,redis-cart,0.74,34.6,2.82,0.0013,1,0,normal,none
1791358540,frontend,4.07,159.29,26.21,0.0006,1,0,normal,none
1791358540,cart-service,2.56,107.94,18.77,0.001,1,0,normal,none
1791358540,payment-service,1.11,45.95,11.54,0.0007,1,0,normal,none
1791358540,productcatalog-service,1.29,60.82,11.91,0.0011,1,0,normal,none
1791358540,redis-cart,0.86,33.31,3.4,0.0013,1,0,normal,none
1791358543,frontend,2.57,147.67,22.36,0.0013,1,0,normal,none
1791358543,cart-service,2.15,95.76,14.06,0.0012,1,0,normal,none
1791358543,payment-service,1.26,41.82,10.75,0.0003,1,0,normal,none
1791358543,productcatalog-service,1.96,69.32,9.68,0.0011,1,0,normal,none
1791358543,redis-cart,1.06,31.0,3.78,0.0008,1,0,normal,none
1791358546,frontend,2.71,146.2,28.06,0.0006,1,0,normal,none
1791358546,cart-service,2.43,98.72,18.74,0.0012,1,0,normal,none
1791358546,payment-service,1.64,40.06,8.66,0.0013,1,0,normal,none
1791358546,productcatalog-service,1.56,64.33,11.96,0.0006,1,0,normal,none
1791358546,redis-cart,0.4,31.94,3.63,0.0006,1,0,normal,none
1791358549,frontend,3.86,155.39,26.28,0.0013,1,0,normal,none
1791358549,cart-service,2.26,84.85,12.67,0.0009,1,0,normal,none
1791358549,payment-service,1.2,47.61,11.88,0.0012,1,0,normal,none
1791358549,productcatalog-service,1.33,66.74,13.17,0.0011,1,0,normal,none
1791358549,redis-cart,1.02,31.44,1.35,0.0007,1,0,normal,none
1791358552,frontend,4.74,146.6,18.49,0.0008,1,0,normal,none
1791358552,cart-service,1.54,100.07,12.77,0.0014,1,0,normal,none
1791358552,payment-service,1.11,44.46,12.65,0.0009,1,0,normal,none
1791358552,productcatalog-service,2.31,60.81,11.41,0.0001,1,0,normal,none
1791358552,redis-cart,0.49,30.46,3.44,0.0013,1,0,normal,none
1791358555,frontend,4.14,142.55,20.84,0.001,1,0,normal,none
1791358555,cart-service,2.98,91.01,14.83,0.0015,1,0,normal,none
1791358555,payment-service,1.56,43.38,7.56,0.0009,1,0,normal,none
1791358555,productcatalog-service,1.87,61.31,11.72,0.0009,1,0,normal,none
1791358555,redis-cart,0.62,31.56,4.75,0.001,1,0,normal,none
1791358558,frontend,2.66,143.19,22.72,0.0008,1,0,normal,none
1791358558,cart-service,1.84,98.74,12.71,0.0008,1,0,normal,none
1791358558,payment-service,1.05,45.34,10.33,0.002,1,0,normal,none
1791358558,productcatalog-service,1.63,63.3,11.41,0.0006,1,0,normal,none
1791358558,redis-cart,1.0,30.45,3.8,0.0011,1,0,normal,none
1791358561,frontend,1.89,147.93,19.91,0.0015,1,0,normal,none
1791358561,cart-service,2.02,87.8,17.24,0.001,1,0,normal,none
1791358561,payment-service,1.07,46.55,13.59,0.001,1,0,normal,none
1791358561,productcatalog-service,1.63,65.73,8.89,0.0016,1,0,normal,none
1791358561,redis-cart,1.0,33.02,4.26,0.0011,1,0,normal,none
1791358564,frontend,4.3,146.61,19.88,0.0008,1,0,normal,none
1791358564,cart-service,2.32,92.72,15.47,0.0008,1,0,normal,none
1791358564,payment-service,1.0,46.24,8.97,0.0011,1,0,normal,none
1791358564,productcatalog-service,2.06,68.83,10.9,0.0009,1,0,normal,none
1791358564,redis-cart,1.26,29.77,3.44,0.0011,1,0,normal,none
1791358567,frontend,2.1,150.38,21.3,0.0008,1,0,normal,none
1791358567,cart-service,2.27,96.84,12.78,0.0017,1,0,normal,none
1791358567,payment-service,1.77,42.99,11.23,0.0008,1,0,normal,none
1791358567,productcatalog-service,1.45,65.71,14.65,0.0013,1,0,normal,none
1791358567,redis-cart,0.54,31.19,3.74,0.0005,1,0,normal,none
1791358570,frontend,4.12,145.2,23.94,0.0012,1,0,normal,none
1791358570,cart-service,1.79,99.39,13.79,0.0002,1,0,normal,none
1791358570,payment-service,0.71,44.93,11.22,0.0011,1,0,normal,none
1791358570,productcatalog-service,1.83,67.4,12.42,0.0011,1,0,normal,none
1791358570,redis-cart,1.06,31.13,2.72,0.0008,1,0,normal,none
1791358573,frontend,3.67,153.99,17.07,0.0014,1,0,normal,none
1791358573,cart-service,1.57,103.26,17.78,0.0011,1,0,normal,none
1791358573,payment-service,1.7,40.29,8.34,0.0004,1,0,normal,none
1791358573,productcatalog-service,0.93,55.66,11.99,0.0009,1,0,normal,none
1791358573,redis-cart,0.69,36.5,3.56,0.001,1,0,normal,none
1791358576,frontend,0.0,0.0,0.0,1.0,0,1,pod_failure,frontend
1791358576,cart-service,1.51,88.13,15.93,0.0008,1,1,pod_failure,frontend
1791358576,payment-service,2.32,41.87,9.41,0.0007,1,1,pod_failure,frontend
1791358576,productcatalog-service,1.59,65.79,7.9,0.0008,1,1,pod_failure,frontend
1791358576,redis-cart,0.89,30.69,4.76,0.0008,1,1,pod_failure,frontend
1791358579,frontend,0.0,0.0,0.0,1.0,0,1,pod_failure,frontend
1791358579,cart-service,2.89,95.76,11.77,0.0016,1,1,pod_failure,frontend
1791358579,payment-service,1.23,39.61,12.0,0.001,1,1,pod_failure,frontend
1791358579,productcatalog-service,1.55,64.36,11.15,0.0015,1,1,pod_failure,frontend
1791358579,redis-cart,1.16,32.76,4.29,0.0011,1,1,pod_failure,frontend
1791358582,frontend,0.0,0.0,0.0,1.0,0,1,pod_failure,frontend
1791358582,cart-service,2.46,95.07,10.75,0.0013,1,1,pod_failure,frontend
1791358582,payment-service,1.62,47.18,11.03,0.0011,1,1,pod_failure,frontend
1791358582,productcatalog-service,1.0,62.32,10.33,0.001,1,1,pod_failure,frontend
1791358582,redis-cart,0.99,28.49,2.54,0.0003,1,1,pod_failure,frontend
1791358585,frontend,0.0,0.0,0.0,1.0,0,1,pod_failure,frontend
1791358585,cart-service,1.28,99.66,16.09,0.0013,1,1,pod_failure,frontend
1791358585,payment-service,1.98,41.81,10.71,0.0012,1,1,pod_failure,frontend
1791358585,productcatalog-service,0.83,64.59,8.68,0.0007,1,1,pod_failure,frontend
1791358585,redis-cart,0.7,33.02,3.53,0.0005,1,1,pod_failure,frontend
1791358588,frontend,0.0,0.0,0.0,1.0,0,1,pod_failure,frontend
1791358588,cart-service,1.55,89.88,16.49,0.0009,1,1,pod_failure,frontend
1791358588,payment-service,1.4,46.64,7.05,0.0002,1,1,pod_failure,frontend
1791358588,productcatalog-service,2.46,63.49,13.49,0.0014,1,1,pod_failure,frontend
1791358588,redis-cart,0.56,28.69,3.63,0.0015,1,1,pod_failure,frontend
1791358591,frontend,0.0,0.0,0.0,1.0,0,1,pod_failure,frontend
1791358591,cart-service,2.53,97.14,13.39,0.0014,1,1,pod_failure,frontend
1791358591,payment-service,1.6,43.35,10.41,0.0007,1,1,pod_failure,frontend
1791358591,productcatalog-service,2.13,66.24,11.5,0.0016,1,1,pod_failure,frontend
1791358591,redis-cart,0.97,32.93,3.3,0.001,1,1,pod_failure,frontend
1791358594,frontend,0.0,0.0,0.0,1.0,0,1,pod_failure,frontend
1791358594,cart-service,1.9,93.61,15.31,0.0007,1,1,pod_failure,frontend
1791358594,payment-service,1.38,43.04,10.51,0.0003,1,1,pod_failure,frontend
1791358594,productcatalog-service,1.3,66.34,14.88,0.0008,1,1,pod_failure,frontend
1791358594,redis-cart,1.14,32.6,3.13,0.0,1,1,pod_failure,frontend
1791358597,frontend,0.0,0.0,0.0,1.0,0,1,pod_failure,frontend
1791358597,cart-service,1.99,95.94,20.42,0.0009,1,1,pod_failure,frontend
1791358597,payment-service,1.64,40.6,9.38,0.0013,1,1,pod_failure,frontend
1791358597,productcatalog-service,1.37,67.14,14.17,0.0012,1,1,pod_failure,frontend
1791358597,redis-cart,0.8,32.39,3.35,0.0006,1,1,pod_failure,frontend
1791358600,frontend,0.0,0.0,0.0,1.0,0,1,pod_failure,frontend
1791358600,cart-service,2.61,94.82,13.31,0.0007,1,1,pod_failure,frontend
1791358600,payment-service,1.63,45.22,11.14,0.0015,1,1,pod_failure,frontend
1791358600,productcatalog-service,1.95,63.22,13.44,0.0006,1,1,pod_failure,frontend
1791358600,redis-cart,0.49,30.06,4.18,0.0009,1,1,pod_failure,frontend
1791358603,frontend,0.0,0.0,0.0,1.0,0,1,pod_failure,frontend
1791358603,cart-service,1.06,88.95,17.7,0.0007,1,1,pod_failure,frontend
1791358603,payment-service,0.9,41.07,10.42,0.0011,1,1,pod_failure,frontend
1791358603,productcatalog-service,0.85,55.48,12.9,0.0004,1,1,pod_failure,frontend
1791358603,redis-cart,0.68,36.67,3.71,0.0011,1,1,pod_failure,frontend
1791358606,frontend,5.08,158.76,18.21,0.0012,1,0,normal,none
1791358606,cart-service,2.15,93.38,10.89,0.0011,1,0,normal,none
1791358606,payment-service,1.1,42.35,9.8,0.0007,1,0,normal,none
1791358606,productcatalog-service,0.95,64.18,11.0,0.0002,1,0,normal,none
1791358606,redis-cart,1.01,31.0,3.38,0.0018,1,0,normal,none
1791358609,frontend,2.76,133.05,26.09,0.002,1,0,normal,none
1791358609,cart-service,1.37,87.79,12.47,0.0008,1,0,normal,none
1791358609,payment-service,0.85,46.11,11.43,0.0009,1,0,normal,none
1791358609,productcatalog-service,1.08,67.22,14.75,0.0012,1,0,normal,none
1791358609,redis-cart,0.61,26.46,2.8,0.0008,1,0,normal,none
1791358612,frontend,5.17,136.49,18.39,0.0007,1,0,normal,none
1791358612,cart-service,2.15,91.77,13.73,0.0008,1,0,normal,none
1791358612,payment-service,1.65,47.38,11.76,0.0008,1,0,normal,none
1791358612,productcatalog-service,1.43,61.45,14.53,0.001,1,0,normal,none
1791358612,redis-cart,0.97,34.57,3.7,0.0015,1,0,normal,none
1791358615,frontend,4.6,160.25,22.03,0.001,1,0,normal,none
1791358615,cart-service,1.19,101.26,17.09,0.0015,1,0,normal,none
1791358615,payment-service,0.95,43.09,10.55,0.0012,1,0,normal,none
1791358615,productcatalog-service,1.99,59.43,14.01,0.0009,1,0,normal,none
1791358615,redis-cart,0.85,31.51,2.14,0.0009,1,0,normal,none
1791358618,frontend,3.37,154.48,19.11,0.0009,1,0,normal,none
1791358618,cart-service,2.14,98.54,16.05,0.0005,1,0,normal,none
1791358618,payment-service,1.29,48.2,10.21,0.0006,1,0,normal,none
1791358618,productcatalog-service,1.01,63.35,14.9,0.0011,1,0,normal,none
1791358618,redis-cart,0.95,30.0,3.94,0.0013,1,0,normal,none
1791358621,frontend,3.91,151.13,25.1,0.001,1,0,normal,none
1791358621,cart-service,2.81,95.35,13.23,0.0004,1,0,normal,none
1791358621,payment-service,1.12,42.64,12.61,0.0,1,0,normal,none
1791358621,productcatalog-service,1.46,60.0,12.91,0.0014,1,0,normal,none
1791358621,redis-cart,1.18,32.19,2.81,0.0012,1,0,normal,none
1791358624,frontend,4.0,137.74,23.09,0.0007,1,0,normal,none
1791358624,cart-service,1.57,94.07,19.05,0.0011,1,0,normal,none
1791358624,payment-service,1.5,43.92,12.1,0.0009,1,0,normal,none
1791358624,productcatalog-service,2.19,60.4,10.61,0.0005,1,0,normal,none
1791358624,redis-cart,0.62,31.88,3.86,0.0008,1,0,normal,none
1791358627,frontend,3.62,143.27,25.08,0.001,1,0,normal,none
1791358627,cart-service,3.08,96.41,19.19,0.0009,1,0,normal,none
1791358627,payment-service,1.01,41.42,13.07,0.0007,1,0,normal,none
1791358627,productcatalog-service,1.44,62.58,14.43,0.0013,1,0,normal,none
1791358627,redis-cart,0.73,29.0,3.96,0.0014,1,0,normal,none
1791358630,frontend,2.86,152.01,27.98,0.0008,1,0,normal,none
1791358630,cart-service,1.93,90.0,17.47,0.0011,1,0,normal,none
1791358630,payment-service,1.52,42.23,13.85,0.0007,1,0,normal,none
1791358630,productcatalog-service,2.18,59.67,16.5,0.001,1,0,normal,none
1791358630,redis-cart,0.83,32.2,3.01,0.0018,1,0,normal,none
1791358633,frontend,3.55,129.31,24.3,0.0014,1,0,normal,none
1791358633,cart-service,2.3,84.62,13.15,0.0012,1,0,normal,none
1791358633,payment-service,1.54,44.88,10.4,0.0012,1,0,normal,none
1791358633,productcatalog-service,2.14,68.86,15.19,0.0014,1,0,normal,none
1791358633,redis-cart,0.63,33.34,4.13,0.0006,1,0,normal,none
1791358636,frontend,4.19,137.25,21.49,0.0011,1,0,normal,none
1791358636,cart-service,1.39,93.79,15.6,0.0003,1,0,normal,none
1791358636,payment-service,1.87,44.01,11.74,0.0001,1,0,normal,none
1791358636,productcatalog-service,2.1,62.83,15.01,0.001,1,0,normal,none
1791358636,redis-cart,0.94,31.49,3.5,0.0012,1,0,normal,none
1791358639,frontend,4.48,145.39,23.89,0.0007,1,0,normal,none
1791358639,cart-service,2.3,98.12,16.05,0.001,1,0,normal,none
1791358639,payment-service,1.83,41.42,11.97,0.0006,1,0,normal,none
1791358639,productcatalog-service,1.5,64.54,10.31,0.0014,1,0,normal,none
1791358639,redis-cart,0.75,28.38,3.95,0.0021,1,0,normal,none
1791358642,frontend,2.78,146.47,19.16,0.0019,1,0,normal,none
1791358642,cart-service,1.97,94.39,15.14,0.0011,1,0,normal,none
1791358642,payment-service,1.6,38.79,7.57,0.0014,1,0,normal,none
1791358642,productcatalog-service,1.87,66.51,16.96,0.0005,1,0,normal,none
1791358642,redis-cart,0.99,29.55,4.69,0.0012,1,0,normal,none
1791358645,frontend,4.29,156.22,23.09,0.0007,1,0,normal,none
1791358645,cart-service,1.54,97.49,17.1,0.0016,1,0,normal,none
1791358645,payment-service,1.71,45.48,10.16,0.0004,1,0,normal,none
1791358645,productcatalog-service,1.64,65.07,15.16,0.0017,1,0,normal,none
1791358645,redis-cart,0.86,31.97,4.19,0.0014,1,0,normal,none
1791358648,frontend,4.52,146.37,28.24,0.0017,1,1,cpu_stress,cart-service
1791358648,cart-service,93.81,117.24,59.39,0.0494,1,1,cpu_stress,cart-service
1791358648,payment-service,0.95,42.39,12.19,0.0016,1,1,cpu_stress,cart-service
1791358648,productcatalog-service,2.18,61.35,13.15,0.0012,1,1,cpu_stress,cart-service
1791358648,redis-cart,0.73,32.97,2.71,0.0011,1,1,cpu_stress,cart-service
1791358651,frontend,3.46,150.0,14.67,0.002,1,1,cpu_stress,cart-service
1791358651,cart-service,92.11,111.86,60.39,0.0202,1,1,cpu_stress,cart-service
1791358651,payment-service,0.87,44.85,13.06,0.0008,1,1,cpu_stress,cart-service
1791358651,productcatalog-service,1.9,63.22,16.86,0.0006,1,1,cpu_stress,cart-service
1791358651,redis-cart,0.64,32.88,4.56,0.0011,1,1,cpu_stress,cart-service
1791358654,frontend,2.13,143.63,26.38,0.0008,1,1,cpu_stress,cart-service
1791358654,cart-service,94.6,116.93,68.97,0.0339,1,1,cpu_stress,cart-service
1791358654,payment-service,1.25,43.01,12.93,0.0007,1,1,cpu_stress,cart-service
1791358654,productcatalog-service,2.42,63.95,12.88,0.0006,1,1,cpu_stress,cart-service
1791358654,redis-cart,0.61,28.2,4.45,0.0008,1,1,cpu_stress,cart-service
1791358657,frontend,4.72,135.33,21.87,0.0006,1,1,cpu_stress,cart-service
1791358657,cart-service,96.46,120.69,68.34,0.0348,1,1,cpu_stress,cart-service
1791358657,payment-service,1.45,45.78,9.29,0.0008,1,1,cpu_stress,cart-service
1791358657,productcatalog-service,1.72,65.52,12.87,0.0003,1,1,cpu_stress,cart-service
1791358657,redis-cart,0.86,31.26,4.99,0.001,1,1,cpu_stress,cart-service
1791358660,frontend,5.09,133.31,27.4,0.0013,1,1,cpu_stress,cart-service
1791358660,cart-service,92.36,119.62,64.53,0.0303,1,1,cpu_stress,cart-service
1791358660,payment-service,1.89,44.41,12.9,0.0011,1,1,cpu_stress,cart-service
1791358660,productcatalog-service,2.2,68.14,13.9,0.0009,1,1,cpu_stress,cart-service
1791358660,redis-cart,0.93,32.43,2.96,0.001,1,1,cpu_stress,cart-service
1791358663,frontend,5.3,127.27,32.74,0.0013,1,1,cpu_stress,cart-service
1791358663,cart-service,94.59,120.28,69.57,0.0344,1,1,cpu_stress,cart-service
1791358663,payment-service,1.44,39.86,11.63,0.0009,1,1,cpu_stress,cart-service
1791358663,productcatalog-service,2.41,55.7,14.39,0.0003,1,1,cpu_stress,cart-service
1791358663,redis-cart,1.18,34.58,4.9,0.0014,1,1,cpu_stress,cart-service
1791358666,frontend,3.94,153.94,21.99,0.0015,1,1,cpu_stress,cart-service
1791358666,cart-service,94.27,116.85,62.54,0.0402,1,1,cpu_stress,cart-service
1791358666,payment-service,1.58,45.34,13.34,0.0006,1,1,cpu_stress,cart-service
1791358666,productcatalog-service,1.98,63.65,12.19,0.0011,1,1,cpu_stress,cart-service
1791358666,redis-cart,1.02,33.81,4.17,0.0014,1,1,cpu_stress,cart-service
1791358669,frontend,4.03,154.94,26.09,0.0014,1,1,cpu_stress,cart-service
1791358669,cart-service,95.67,116.35,56.74,0.04,1,1,cpu_stress,cart-service
1791358669,payment-service,1.26,45.43,11.47,0.001,1,1,cpu_stress,cart-service
1791358669,productcatalog-service,1.85,61.6,11.72,0.0012,1,1,cpu_stress,cart-service
1791358669,redis-cart,1.21,30.95,3.16,0.0,1,1,cpu_stress,cart-service
1791358672,frontend,4.03,150.87,27.03,0.0009,1,1,cpu_stress,cart-service
1791358672,cart-service,94.82,123.46,63.57,0.0239,1,1,cpu_stress,cart-service
1791358672,payment-service,1.93,45.27,11.89,0.0007,1,1,cpu_stress,cart-service
1791358672,productcatalog-service,1.45,65.11,14.81,0.0003,1,1,cpu_stress,cart-service
1791358672,redis-cart,0.64,32.62,2.23,0.0008,1,1,cpu_stress,cart-service
1791358675,frontend,2.51,145.97,25.33,0.0004,1,1,cpu_stress,cart-service
1791358675,cart-service,94.47,116.0,66.52,0.0394,1,1,cpu_stress,cart-service
1791358675,payment-service,1.61,44.58,13.51,0.0014,1,1,cpu_stress,cart-service
1791358675,productcatalog-service,1.36,62.82,18.77,0.0011,1,1,cpu_stress,cart-service
1791358675,redis-cart,1.26,32.46,3.55,0.0006,1,1,cpu_stress,cart-service
1791358678,frontend,4.7,150.63,27.34,0.0008,1,0,normal,none
1791358678,cart-service,3.35,92.45,16.55,0.0011,1,0,normal,none
1791358678,payment-service,1.91,38.26,14.24,0.0014,1,0,normal,none
1791358678,productcatalog-service,1.73,68.01,15.35,0.0008,1,0,normal,none
1791358678,redis-cart,0.93,32.63,3.46,0.0006,1,0,normal,none
1791358681,frontend,4.98,150.1,26.93,0.0005,1,0,normal,none
1791358681,cart-service,2.06,96.93,16.68,0.001,1,0,normal,none
1791358681,payment-service,1.2,45.24,11.53,0.0011,1,0,normal,none
1791358681,productcatalog-service,1.5,59.68,15.12,0.0006,1,0,normal,none
1791358681,redis-cart,0.96,29.77,3.46,0.0012,1,0,normal,none
1791358684,frontend,4.06,146.17,19.02,0.0006,1,0,normal,none
1791358684,cart-service,1.74,101.58,16.24,0.0011,1,0,normal,none
1791358684,payment-service,1.77,48.75,12.09,0.0013,1,0,normal,none
1791358684,productcatalog-service,2.06,63.6,17.53,0.0011,1,0,normal,none
1791358684,redis-cart,0.7,33.02,3.61,0.0015,1,0,normal,none
1791358687,frontend,3.76,142.67,30.53,0.0013,1,0,normal,none
1791358687,cart-service,2.57,106.81,20.9,0.0012,1,0,normal,none
1791358687,payment-service,0.96,45.79,13.07,0.0001,1,0,normal,none
1791358687,productcatalog-service,1.48,62.93,16.9,0.001,1,0,normal,none
1791358687,redis-cart,1.06,31.04,3.89,0.0014,1,0,normal,none
1791358690,frontend,3.96,145.59,35.23,0.0018,1,0,normal,none
1791358690,cart-service,3.1,97.13,21.73,0.0017,1,0,normal,none
1791358690,payment-service,1.78,45.5,12.81,0.0014,1,0,normal,none
1791358690,productcatalog-service,2.38,56.87,13.06,0.0014,1,0,normal,none
1791358690,redis-cart,0.99,31.13,3.14,0.0014,1,0,normal,none
1791358693,frontend,4.51,141.61,31.48,0.0006,1,0,normal,none
1791358693,cart-service,2.44,89.76,20.68,0.0002,1,0,normal,none
1791358693,payment-service,1.27,42.89,11.8,0.0004,1,0,normal,none
1791358693,productcatalog-service,1.47,57.76,15.93,0.0022,1,0,normal,none
1791358693,redis-cart,1.1,30.88,3.13,0.0011,1,0,normal,none
1791358696,frontend,4.9,135.82,26.23,0.0005,1,0,normal,none
1791358696,cart-service,2.92,96.27,15.73,0.0005,1,0,normal,none
1791358696,payment-service,1.27,43.34,16.57,0.0006,1,0,normal,none
1791358696,productcatalog-service,2.38,63.57,14.22,0.0008,1,0,normal,none
1791358696,redis-cart,1.01,28.61,3.74,0.0015,1,0,normal,none
1791358699,frontend,3.97,135.81,31.1,0.001,1,0,normal,none
1791358699,cart-service,2.87,98.12,15.34,0.0017,1,0,normal,none
1791358699,payment-service,1.95,39.22,10.48,0.0011,1,0,normal,none
1791358699,productcatalog-service,1.08,63.48,18.35,0.0008,1,0,normal,none
1791358699,redis-cart,0.65,32.94,3.59,0.0011,1,0,normal,none
1791358702,frontend,4.09,142.18,30.21,0.0011,1,0,normal,none
1791358702,cart-service,2.54,88.88,18.65,0.0011,1,0,normal,none
1791358702,payment-service,1.88,42.38,16.95,0.0006,1,0,normal,none
1791358702,productcatalog-service,2.06,58.32,13.68,0.0009,1,0,normal,none
1791358702,redis-cart,0.54,30.56,4.41,0.0009,1,0,normal,none
1791358705,frontend,4.73,145.57,23.19,0.0002,1,0,normal,none
1791358705,cart-service,1.37,87.32,15.48,0.0003,1,0,normal,none
1791358705,payment-service,1.33,43.31,14.43,0.0003,1,0,normal,none
1791358705,productcatalog-service,1.58,60.04,15.27,0.0007,1,0,normal,none
1791358705,redis-cart,0.97,30.56,4.22,0.001,1,0,normal,none
1791358708,frontend,2.44,140.63,26.79,0.0007,1,0,normal,none
1791358708,cart-service,3.14,93.01,19.33,0.002,1,0,normal,none
1791358708,payment-service,1.43,39.03,13.33,0.0007,1,0,normal,none
1791358708,productcatalog-service,2.32,64.17,13.02,0.0014,1,0,normal,none
1791358708,redis-cart,0.84,32.36,3.65,0.0009,1,0,normal,none
1791358711,frontend,5.39,136.85,29.03,0.001,1,0,normal,none
1791358711,cart-service,1.85,92.98,24.47,0.0009,1,0,normal,none
1791358711,payment-service,1.48,41.3,14.49,0.0008,1,0,normal,none
1791358711,productcatalog-service,1.87,60.33,14.43,0.0014,1,0,normal,none
1791358711,redis-cart,0.81,33.79,5.25,0.0007,1,0,normal,none
1791358714,frontend,4.47,154.27,25.47,0.0004,1,0,normal,none
1791358714,cart-service,2.11,95.93,14.89,0.0012,1,0,normal,none
1791358714,payment-service,1.64,46.5,9.08,0.0012,1,0,normal,none
1791358714,productcatalog-service,2.1,60.24,19.44,0.0012,1,0,normal,none
1791358714,redis-cart,0.99,29.09,3.76,0.0018,1,0,normal,none
1791358717,frontend,4.62,153.13,33.12,0.0004,1,0,normal,none
1791358717,cart-service,2.77,88.7,17.91,0.0009,1,0,normal,none
1791358717,payment-service,1.33,46.85,15.0,0.0017,1,0,normal,none
1791358717,productcatalog-service,2.95,62.17,14.58,0.001,1,0,normal,none
1791358717,redis-cart,0.75,33.39,4.81,0.0013,1,0,normal,none
1791358720,frontend,0.0,0.0,0.0,1.0,0,1,pod_failure,frontend
1791358720,cart-service,2.83,89.47,19.55,0.0015,1,1,pod_failure,frontend
1791358720,payment-service,1.03,39.36,11.98,0.0006,1,1,pod_failure,frontend
1791358720,productcatalog-service,2.48,65.89,14.28,0.0017,1,1,pod_failure,frontend
1791358720,redis-cart,0.88,33.89,4.08,0.0016,1,1,pod_failure,frontend
1791358723,frontend,0.0,0.0,0.0,1.0,0,1,pod_failure,frontend
1791358723,cart-service,2.22,93.2,20.99,0.0005,1,1,pod_failure,frontend
1791358723,payment-service,1.5,43.55,10.59,0.0013,1,1,pod_failure,frontend
1791358723,productcatalog-service,2.17,63.11,19.45,0.0008,1,1,pod_failure,frontend
1791358723,redis-cart,0.47,31.93,3.71,0.0009,1,1,pod_failure,frontend
1791358726,frontend,0.0,0.0,0.0,1.0,0,1,pod_failure,frontend
1791358726,cart-service,2.91,95.45,19.28,0.0012,1,1,pod_failure,frontend
1791358726,payment-service,0.73,40.1,13.24,0.0013,1,1,pod_failure,frontend
1791358726,productcatalog-service,1.66,63.9,17.67,0.0013,1,1,pod_failure,frontend
1791358726,redis-cart,0.56,29.81,3.48,0.0012,1,1,pod_failure,frontend
1791358729,frontend,0.0,0.0,0.0,1.0,0,1,pod_failure,frontend
1791358729,cart-service,3.41,90.11,17.74,0.0013,1,1,pod_failure,frontend
1791358729,payment-service,1.52,39.93,11.32,0.0007,1,1,pod_failure,frontend
1791358729,productcatalog-service,0.94,59.79,14.38,0.0011,1,1,pod_failure,frontend
1791358729,redis-cart,0.59,31.27,3.61,0.001,1,1,pod_failure,frontend
1791358732,frontend,0.0,0.0,0.0,1.0,0,1,pod_failure,frontend
1791358732,cart-service,3.09,98.71,17.82,0.0012,1,1,pod_failure,frontend
1791358732,payment-service,1.29,38.6,13.62,0.0014,1,1,pod_failure,frontend
1791358732,productcatalog-service,1.74,70.88,17.7,0.0009,1,1,pod_failure,frontend
1791358732,redis-cart,0.89,28.68,3.14,0.0016,1,1,pod_failure,frontend
1791358735,frontend,0.0,0.0,0.0,1.0,0,1,pod_failure,frontend
1791358735,cart-service,2.23,98.79,22.8,0.001,1,1,pod_failure,frontend
1791358735,payment-service,1.95,44.16,12.9,0.0017,1,1,pod_failure,frontend
1791358735,productcatalog-service,1.98,63.85,16.72,0.0002,1,1,pod_failure,frontend
1791358735,redis-cart,0.95,30.62,2.68,0.0008,1,1,pod_failure,frontend
1791358738,frontend,0.0,0.0,0.0,1.0,0,1,pod_failure,frontend
1791358738,cart-service,2.3,88.34,15.58,0.001,1,1,pod_failure,frontend
1791358738,payment-service,1.71,41.85,12.51,0.0012,1,1,pod_failure,frontend
1791358738,productcatalog-service,2.75,64.32,16.99,0.0009,1,1,pod_failure,frontend
1791358738,redis-cart,0.87,30.19,4.12,0.0018,1,1,pod_failure,frontend
1791358741,frontend,0.0,0.0,0.0,1.0,0,1,pod_failure,frontend
1791358741,cart-service,3.28,93.24,16.61,0.0005,1,1,pod_failure,frontend
1791358741,payment-service,1.18,43.18,11.95,0.0006,1,1,pod_failure,frontend
1791358741,productcatalog-service,1.05,64.29,14.07,0.0011,1,1,pod_failure,frontend
1791358741,redis-cart,0.83,32.82,5.87,0.0015,1,1,pod_failure,frontend
1791358744,frontend,0.0,0.0,0.0,1.0,0,1,pod_failure,frontend
1791358744,cart-service,1.96,99.31,18.08,0.0009,1,1,pod_failure,frontend
1791358744,payment-service,1.18,41.72,11.72,0.0016,1,1,pod_failure,frontend
1791358744,productcatalog-service,2.25,58.42,13.34,0.001,1,1,pod_failure,frontend
1791358744,redis-cart,0.93,33.31,4.43,0.0015,1,1,pod_failure,frontend
1791358747,frontend,0.0,0.0,0.0,1.0,0,1,pod_failure,frontend
1791358747,cart-service,1.84,96.73,21.98,0.001,1,1,pod_failure,frontend
1791358747,payment-service,1.89,45.85,12.8,0.0015,1,1,pod_failure,frontend
1791358747,productcatalog-service,1.99,57.92,13.22,0.0015,1,1,pod_failure,frontend
1791358747,redis-cart,0.85,34.94,5.34,0.0012,1,1,pod_failure,frontend
1791358750,frontend,3.13,140.86,26.81,0.0013,1,0,normal,none
1791358750,cart-service,2.05,90.13,15.54,0.0011,1,0,normal,none
1791358750,payment-service,1.0,42.13,12.4,0.0017,1,0,normal,none
1791358750,productcatalog-service,1.86,64.58,18.82,0.001,1,0,normal,none
1791358750,redis-cart,1.27,33.74,4.12,0.0015,1,0,normal,none
1791358753,frontend,5.71,139.73,25.78,0.001,1,0,normal,none
1791358753,cart-service,1.96,102.18,17.85,0.0011,1,0,normal,none
1791358753,payment-service,1.91,45.05,14.83,0.0011,1,0,normal,none
1791358753,productcatalog-service,2.18,60.65,12.76,0.0005,1,0,normal,none
1791358753,redis-cart,0.91,28.06,4.13,0.0009,1,0,normal,none
1791358756,frontend,4.52,135.34,25.43,0.0009,1,0,normal,none
1791358756,cart-service,2.36,100.89,17.26,0.0009,1,0,normal,none
1791358756,payment-service,1.86,43.74,14.27,0.0008,1,0,normal,none
1791358756,productcatalog-service,2.81,62.2,19.03,0.0009,1,0,normal,none
1791358756,redis-cart,1.1,34.07,4.16,0.0005,1,0,normal,none
1791358759,frontend,4.45,148.89,32.21,0.0019,1,0,normal,none
1791358759,cart-service,2.37,91.33,19.17,0.0013,1,0,normal,none
1791358759,payment-service,1.51,42.62,11.98,0.001,1,0,normal,none
1791358759,productcatalog-service,2.38,60.82,18.52,0.001,1,0,normal,none
1791358759,redis-cart,0.91,29.75,3.11,0.0011,1,0,normal,none
1791358762,frontend,3.91,146.04,27.05,0.0007,1,0,normal,none
1791358762,cart-service,2.1,99.09,15.5,0.0011,1,0,normal,none
1791358762,payment-service,0.96,45.96,8.81,0.0015,1,0,normal,none
1791358762,productcatalog-service,1.91,63.63,13.56,0.001,1,0,normal,none
1791358762,redis-cart,1.01,31.37,4.66,0.0016,1,0,normal,none
1791358765,frontend,4.18,134.33,38.29,0.0008,1,0,normal,none
1791358765,cart-service,1.96,90.44,18.27,0.0015,1,0,normal,none
1791358765,payment-service,1.61,42.6,12.24,0.0011,1,0,normal,none
1791358765,productcatalog-service,2.03,56.32,16.16,0.0011,1,0,normal,none
1791358765,redis-cart,0.76,32.99,5.27,0.0007,1,0,normal,none
1791358768,frontend,3.83,138.67,26.94,0.0008,1,0,normal,none
1791358768,cart-service,1.5,100.37,19.15,0.0012,1,0,normal,none
1791358768,payment-service,1.09,41.46,11.03,0.0018,1,0,normal,none
1791358768,productcatalog-service,1.25,60.79,17.82,0.0016,1,0,normal,none
1791358768,redis-cart,0.93,33.02,4.15,0.0012,1,0,normal,none
1791358771,frontend,3.97,151.64,24.97,0.001,1,0,normal,none
1791358771,cart-service,3.07,92.83,16.18,0.0015,1,0,normal,none
1791358771,payment-service,0.54,44.19,9.7,0.001,1,0,normal,none
1791358771,productcatalog-service,1.74,61.34,14.59,0.0009,1,0,normal,none
1791358771,redis-cart,1.01,33.52,3.18,0.0011,1,0,normal,none
