timestamp,service_name,cpu_percent,memory_mb,latency_ms,error_rate,service_up,is_anomaly,fault_type,root_cause_service
1791356416,frontend,0.0,0.0,0.0,1.0,0,1,pod_failure,frontend
1791356416,cart-service,2.97,110.19,14.99,0.0005,1,1,pod_failure,frontend
1791356416,payment-service,1.16,51.68,13.63,0.0012,1,1,pod_failure,frontend
1791356416,productcatalog-service,1.87,70.57,18.43,0.0012,1,1,pod_failure,frontend
1791356416,redis-cart,1.08,32.9,5.55,0.0013,1,1,pod_failure,frontend
1791356419,frontend,0.0,0.0,0.0,1.0,0,1,pod_failure,frontend
1791356419,cart-service,2.57,96.22,19.5,0.0007,1,1,pod_failure,frontend
1791356419,payment-service,1.62,41.03,12.64,0.0013,1,1,pod_failure,frontend
1791356419,productcatalog-service,2.72,61.87,13.8,0.0009,1,1,pod_failure,frontend
1791356419,redis-cart,0.87,31.96,4.09,0.0008,1,1,pod_failure,frontend
1791356422,frontend,0.0,0.0,0.0,1.0,0,1,pod_failure,frontend
1791356422,cart-service,2.41,98.98,15.56,0.0006,1,1,pod_failure,frontend
1791356422,payment-service,1.33,44.28,14.72,0.0004,1,1,pod_failure,frontend
1791356422,productcatalog-service,1.45,62.91,15.24,0.0006,1,1,pod_failure,frontend
1791356422,redis-cart,0.73,31.71,4.01,0.0009,1,1,pod_failure,frontend
1791356425,frontend,0.0,0.0,0.0,1.0,0,1,pod_failure,frontend
1791356425,cart-service,1.8,98.13,12.62,0.0009,1,1,pod_failure,frontend
1791356425,payment-service,1.16,42.14,9.43,0.0014,1,1,pod_failure,frontend
1791356425,productcatalog-service,1.95,62.84,17.38,0.0011,1,1,pod_failure,frontend
1791356425,redis-cart,1.29,33.73,4.14,0.001,1,1,pod_failure,frontend
1791356428,frontend,0.0,0.0,0.0,1.0,0,1,pod_failure,frontend
1791356428,cart-service,2.15,99.93,14.97,0.0,1,1,pod_failure,frontend
1791356428,payment-service,1.88,45.8,12.93,0.0001,1,1,pod_failure,frontend
1791356428,productcatalog-service,1.87,70.68,17.01,0.0012,1,1,pod_failure,frontend
1791356428,redis-cart,1.37,33.14,5.28,0.0007,1,1,pod_failure,frontend
1791356431,frontend,0.0,0.0,0.0,1.0,0,1,pod_failure,frontend
1791356431,cart-service,3.23,103.9,14.48,0.0016,1,1,pod_failure,frontend
1791356431,payment-service,1.17,46.7,9.47,0.0013,1,1,pod_failure,frontend
1791356431,productcatalog-service,2.07,63.68,15.28,0.0008,1,1,pod_failure,frontend
1791356431,redis-cart,0.6,34.61,4.05,0.0018,1,1,pod_failure,frontend
1791356434,frontend,0.0,0.0,0.0,1.0,0,1,pod_failure,frontend
1791356434,cart-service,2.34,99.25,20.97,0.0011,1,1,pod_failure,frontend
1791356434,payment-service,1.45,54.51,14.7,0.001,1,1,pod_failure,frontend
1791356434,productcatalog-service,2.07,62.86,12.24,0.0013,1,1,pod_failure,frontend
1791356434,redis-cart,1.1,32.99,2.68,0.0016,1,1,pod_failure,frontend
1791356437,frontend,0.0,0.0,0.0,1.0,0,1,pod_failure,frontend
1791356437,cart-service,2.7,101.89,18.51,0.0002,1,1,pod_failure,frontend
1791356437,payment-service,1.06,44.42,9.63,0.0017,1,1,pod_failure,frontend
1791356437,productcatalog-service,1.33,67.56,15.99,0.0012,1,1,pod_failure,frontend
1791356437,redis-cart,0.93,31.76,4.34,0.0009,1,1,pod_failure,frontend
1791356440,frontend,0.0,0.0,0.0,1.0,0,1,pod_failure,frontend
1791356440,cart-service,2.32,95.3,19.76,0.0006,1,1,pod_failure,frontend
1791356440,payment-service,1.72,42.98,11.03,0.0007,1,1,pod_failure,frontend
1791356440,productcatalog-service,1.37,66.63,18.94,0.0006,1,1,pod_failure,frontend
1791356440,redis-cart,0.97,33.59,3.41,0.0008,1,1,pod_failure,frontend
1791356443,frontend,0.0,0.0,0.0,1.0,0,1,pod_failure,frontend
1791356443,cart-service,3.52,102.16,20.26,0.0012,1,1,pod_failure,frontend
1791356443,payment-service,0.87,41.66,13.79,0.0008,1,1,pod_failure,frontend
1791356443,productcatalog-service,2.69,63.44,15.68,0.0013,1,1,pod_failure,frontend
1791356443,redis-cart,0.96,32.69,5.03,0.0009,1,1,pod_failure,frontend
1791356488,frontend,5.36,142.39,35.86,0.0009,1,1,cpu_stress,cart-service
1791356488,cart-service,93.09,122.17,69.36,0.0276,1,1,cpu_stress,cart-service
1791356488,payment-service,0.95,51.71,12.16,0.0012,1,1,cpu_stress,cart-service
1791356488,productcatalog-service,3.03,65.76,15.16,0.0011,1,1,cpu_stress,cart-service
1791356488,redis-cart,0.75,32.26,5.6,0.0003,1,1,cpu_stress,cart-service
1791356491,frontend,4.81,151.82,21.35,0.0012,1,1,cpu_stress,cart-service
1791356491,cart-service,95.05,120.01,63.71,0.0282,1,1,cpu_stress,cart-service
1791356491,payment-service,1.27,42.87,13.39,0.0012,1,1,cpu_stress,cart-service
1791356491,productcatalog-service,2.12,61.95,13.71,0.0011,1,1,cpu_stress,cart-service
1791356491,redis-cart,0.57,34.71,4.28,0.0008,1,1,cpu_stress,cart-service
1791356494,frontend,4.34,160.32,26.1,0.0005,1,1,cpu_stress,cart-service
1791356494,cart-service,94.12,128.81,69.16,0.0351,1,1,cpu_stress,cart-service
1791356494,payment-service,1.59,45.82,12.24,0.0016,1,1,cpu_stress,cart-service
1791356494,productcatalog-service,1.82,64.44,14.98,0.0002,1,1,cpu_stress,cart-service
1791356494,redis-cart,0.97,35.79,3.39,0.0005,1,1,cpu_stress,cart-service
1791356497,frontend,4.99,160.59,29.8,0.0013,1,1,cpu_stress,cart-service
1791356497,cart-service,93.68,112.75,71.7,0.0358,1,1,cpu_stress,cart-service
1791356497,payment-service,1.7,45.61,15.99,0.0006,1,1,cpu_stress,cart-service
1791356497,productcatalog-service,2.01,58.88,17.5,0.0012,1,1,cpu_stress,cart-service
1791356497,redis-cart,1.0,35.52,5.06,0.001,1,1,cpu_stress,cart-service
1791356500,frontend,3.91,147.73,29.66,0.0007,1,1,cpu_stress,cart-service
1791356500,cart-service,94.27,127.64,64.68,0.0337,1,1,cpu_stress,cart-service
1791356500,payment-service,1.6,46.09,13.83,0.0007,1,1,cpu_stress,cart-service
1791356500,productcatalog-service,1.67,61.08,14.36,0.0004,1,1,cpu_stress,cart-service
1791356500,redis-cart,0.79,31.72,3.2,0.0013,1,1,cpu_stress,cart-service
1791356503,frontend,3.57,164.08,26.17,0.0011,1,1,cpu_stress,cart-service
1791356503,cart-service,93.79,126.81,78.9,0.0271,1,1,cpu_stress,cart-service
1791356503,payment-service,1.37,45.98,14.63,0.0013,1,1,cpu_stress,cart-service
1791356503,productcatalog-service,1.67,64.35,16.3,0.0012,1,1,cpu_stress,cart-service
1791356503,redis-cart,1.0,32.2,6.01,0.002,1,1,cpu_stress,cart-service
1791356506,frontend,3.33,146.5,25.65,0.0008,1,1,cpu_stress,cart-service
1791356506,cart-service,96.14,119.23,63.8,0.0322,1,1,cpu_stress,cart-service
1791356506,payment-service,1.78,45.89,11.5,0.0011,1,1,cpu_stress,cart-service
1791356506,productcatalog-service,2.16,62.57,15.32,0.0008,1,1,cpu_stress,cart-service
1791356506,redis-cart,1.36,36.11,4.41,0.0012,1,1,cpu_stress,cart-service
1791356509,frontend,2.71,142.15,17.64,0.0014,1,1,cpu_stress,cart-service
1791356509,cart-service,90.86,121.72,62.83,0.0337,1,1,cpu_stress,cart-service
1791356509,payment-service,1.8,42.63,12.79,0.0011,1,1,cpu_stress,cart-service
1791356509,productcatalog-service,1.65,66.23,13.76,0.0018,1,1,cpu_stress,cart-service
1791356509,redis-cart,0.97,34.72,4.62,0.0004,1,1,cpu_stress,cart-service
1791356512,frontend,2.75,152.12,26.8,0.0012,1,1,cpu_stress,cart-service
1791356512,cart-service,94.68,120.93,62.65,0.0353,1,1,cpu_stress,cart-service
1791356512,payment-service,1.16,44.03,10.66,0.001,1,1,cpu_stress,cart-service
1791356512,productcatalog-service,2.81,67.99,16.84,0.0004,1,1,cpu_stress,cart-service
1791356512,redis-cart,1.28,34.48,3.77,0.0008,1,1,cpu_stress,cart-service
1791356515,frontend,4.3,157.94,27.86,0.0012,1,1,cpu_stress,cart-service
1791356515,cart-service,94.78,125.0,60.62,0.0279,1,1,cpu_stress,cart-service
1791356515,payment-service,1.18,46.78,12.17,0.0015,1,1,cpu_stress,cart-service
1791356515,productcatalog-service,1.71,69.85,13.72,0.0003,1,1,cpu_stress,cart-service
1791356515,redis-cart,0.59,34.09,3.89,0.001,1,1,cpu_stress,cart-service
1791356560,frontend,4.08,155.52,291.05,0.031,1,1,network_latency,payment-service
1791356560,cart-service,1.91,97.28,14.42,0.0006,1,1,network_latency,payment-service
1791356560,payment-service,1.88,43.18,1073.48,0.0262,1,1,network_latency,payment-service
1791356560,productcatalog-service,1.89,58.79,15.31,0.0007,1,1,network_latency,payment-service
1791356560,redis-cart,0.99,32.78,4.67,0.0012,1,1,network_latency,payment-service
1791356563,frontend,3.19,148.28,379.85,0.047,1,1,network_latency,payment-service
1791356563,cart-service,2.36,105.25,21.97,0.0017,1,1,network_latency,payment-service
1791356563,payment-service,1.26,45.88,931.01,0.0174,1,1,network_latency,payment-service
1791356563,productcatalog-service,1.85,63.58,10.09,0.001,1,1,network_latency,payment-service
1791356563,redis-cart,0.98,34.65,5.05,0.0014,1,1,network_latency,payment-service
1791356566,frontend,3.5,145.74,414.46,0.0448,1,1,network_latency,payment-service
1791356566,cart-service,1.47,92.74,16.55,0.0006,1,1,network_latency,payment-service
1791356566,payment-service,1.25,44.56,900.01,0.0239,1,1,network_latency,payment-service
1791356566,productcatalog-service,2.13,68.54,12.64,0.0009,1,1,network_latency,payment-service
1791356566,redis-cart,0.97,31.0,4.01,0.0012,1,1,network_latency,payment-service
1791356569,frontend,4.6,156.74,314.99,0.0402,1,1,network_latency,payment-service
1791356569,cart-service,1.88,100.15,16.63,0.0013,1,1,network_latency,payment-service
1791356569,payment-service,1.56,43.3,994.72,0.0245,1,1,network_latency,payment-service
1791356569,productcatalog-service,1.76,61.14,15.82,0.001,1,1,network_latency,payment-service
1791356569,redis-cart,0.55,32.93,2.49,0.0003,1,1,network_latency,payment-service
1791356572,frontend,4.47,144.28,371.96,0.051,1,1,network_latency,payment-service
1791356572,cart-service,2.05,105.89,16.33,0.0011,1,1,network_latency,payment-service
1791356572,payment-service,0.95,47.86,950.18,0.0172,1,1,network_latency,payment-service
1791356572,productcatalog-service,1.85,63.59,13.64,0.0008,1,1,network_latency,payment-service
1791356572,redis-cart,1.15,34.84,4.11,0.0009,1,1,network_latency,payment-service
1791356575,frontend,3.45,155.32,343.12,0.0394,1,1,network_latency,payment-service
1791356575,cart-service,2.85,101.31,13.0,0.0008,1,1,network_latency,payment-service
1791356575,payment-service,0.99,51.27,874.95,0.0108,1,1,network_latency,payment-service
1791356575,productcatalog-service,1.55,65.68,15.14,0.001,1,1,network_latency,payment-service
1791356575,redis-cart,0.61,34.51,4.2,0.0,1,1,network_latency,payment-service
1791356578,frontend,2.65,141.84,321.6,0.0216,1,1,network_latency,payment-service
1791356578,cart-service,2.13,101.6,18.42,0.001,1,1,network_latency,payment-service
1791356578,payment-service,0.63,42.4,930.3,0.018,1,1,network_latency,payment-service
1791356578,productcatalog-service,0.67,67.2,12.91,0.0013,1,1,network_latency,payment-service
1791356578,redis-cart,0.88,32.14,4.98,0.0012,1,1,network_latency,payment-service
1791356581,frontend,3.93,148.6,411.85,0.0445,1,1,network_latency,payment-service
1791356581,cart-service,1.93,105.04,16.49,0.0007,1,1,network_latency,payment-service
1791356581,payment-service,1.39,47.4,969.46,0.0071,1,1,network_latency,payment-service
1791356581,productcatalog-service,0.79,66.7,12.57,0.0013,1,1,network_latency,payment-service
1791356581,redis-cart,0.61,30.88,3.99,0.0021,1,1,network_latency,payment-service
1791356584,frontend,2.43,146.76,350.93,0.0429,1,1,network_latency,payment-service
1791356584,cart-service,2.79,104.62,15.41,0.001,1,1,network_latency,payment-service
1791356584,payment-service,1.07,42.9,952.79,0.0241,1,1,network_latency,payment-service
1791356584,productcatalog-service,1.78,69.06,14.62,0.001,1,1,network_latency,payment-service
1791356584,redis-cart,0.41,32.37,2.73,0.0011,1,1,network_latency,payment-service
1791356587,frontend,3.91,146.69,349.55,0.0411,1,1,network_latency,payment-service
1791356587,cart-service,1.7,104.24,20.57,0.0005,1,1,network_latency,payment-service
1791356587,payment-service,0.97,47.32,979.41,0.0145,1,1,network_latency,payment-service
1791356587,productcatalog-service,0.9,68.4,14.0,0.0013,1,1,network_latency,payment-service
1791356587,redis-cart,0.67,34.85,3.34,0.0001,1,1,network_latency,payment-service
1791356632,frontend,2.75,157.02,25.0,0.0009,1,1,memory_leak,productcatalog-service
1791356632,cart-service,1.46,102.06,13.68,0.0018,1,1,memory_leak,productcatalog-service
1791356632,payment-service,1.56,50.99,11.71,0.0009,1,1,memory_leak,productcatalog-service
1791356632,productcatalog-service,5.45,236.65,21.03,0.0169,1,1,memory_leak,productcatalog-service
1791356632,redis-cart,1.08,35.38,4.08,0.0013,1,1,memory_leak,productcatalog-service
1791356635,frontend,2.94,140.27,21.28,0.0007,1,1,memory_leak,productcatalog-service
1791356635,cart-service,1.58,104.28,11.86,0.0008,1,1,memory_leak,productcatalog-service
1791356635,payment-service,0.4,43.79,7.95,0.0014,1,1,memory_leak,productcatalog-service
1791356635,productcatalog-service,3.5,247.11,19.79,0.0067,1,1,memory_leak,productcatalog-service
1791356635,redis-cart,0.59,32.73,3.7,0.0016,1,1,memory_leak,productcatalog-service
1791356638,frontend,2.87,161.49,19.43,0.0011,1,1,memory_leak,productcatalog-service
1791356638,cart-service,2.37,88.81,14.9,0.0006,1,1,memory_leak,productcatalog-service
1791356638,payment-service,1.45,44.77,12.33,0.0003,1,1,memory_leak,productcatalog-service
1791356638,productcatalog-service,4.56,262.2,24.25,0.0,1,1,memory_leak,productcatalog-service
1791356638,redis-cart,0.47,32.54,3.55,0.001,1,1,memory_leak,productcatalog-service
1791356641,frontend,2.85,149.69,25.55,0.0,1,1,memory_leak,productcatalog-service
1791356641,cart-service,3.12,101.76,11.13,0.0013,1,1,memory_leak,productcatalog-service
1791356641,payment-service,2.03,45.51,10.22,0.0017,1,1,memory_leak,productcatalog-service
1791356641,productcatalog-service,5.32,279.95,17.76,0.0105,1,1,memory_leak,productcatalog-service
1791356641,redis-cart,0.49,35.09,3.47,0.0013,1,1,memory_leak,productcatalog-service
1791356644,frontend,3.46,151.15,26.1,0.0013,1,1,memory_leak,productcatalog-service
1791356644,cart-service,1.94,94.36,14.72,0.0007,1,1,memory_leak,productcatalog-service
1791356644,payment-service,1.54,41.94,10.21,0.0007,1,1,memory_leak,productcatalog-service
1791356644,productcatalog-service,5.13,307.27,25.7,0.0125,1,1,memory_leak,productcatalog-service
1791356644,redis-cart,0.85,36.7,3.13,0.0006,1,1,memory_leak,productcatalog-service
1791356647,frontend,4.15,150.81,16.53,0.001,1,1,memory_leak,productcatalog-service
1791356647,cart-service,3.33,107.06,16.76,0.0014,1,1,memory_leak,productcatalog-service
1791356647,payment-service,0.81,46.38,11.8,0.0013,1,1,memory_leak,productcatalog-service
1791356647,productcatalog-service,3.84,331.11,22.14,0.0141,1,1,memory_leak,productcatalog-service
1791356647,redis-cart,0.4,34.05,3.38,0.0009,1,1,memory_leak,productcatalog-service
1791356650,frontend,2.41,158.09,23.74,0.0006,1,1,memory_leak,productcatalog-service
1791356650,cart-service,0.97,102.55,15.25,0.0009,1,1,memory_leak,productcatalog-service
1791356650,payment-service,1.34,44.77,7.77,0.001,1,1,memory_leak,productcatalog-service
1791356650,productcatalog-service,3.94,332.5,18.37,0.0142,1,1,memory_leak,productcatalog-service
1791356650,redis-cart,0.64,34.01,3.15,0.0016,1,1,memory_leak,productcatalog-service
1791356653,frontend,1.28,153.32,20.48,0.0015,1,1,memory_leak,productcatalog-service
1791356653,cart-service,1.75,98.02,13.82,0.0009,1,1,memory_leak,productcatalog-service
1791356653,payment-service,1.93,47.59,7.82,0.0006,1,1,memory_leak,productcatalog-service
1791356653,productcatalog-service,4.64,366.31,27.31,0.0167,1,1,memory_leak,productcatalog-service
1791356653,redis-cart,0.46,35.01,3.52,0.0012,1,1,memory_leak,productcatalog-service
1791356656,frontend,2.7,160.48,21.82,0.001,1,1,memory_leak,productcatalog-service
1791356656,cart-service,2.31,100.16,11.62,0.0011,1,1,memory_leak,productcatalog-service
1791356656,payment-service,1.44,47.59,11.64,0.0013,1,1,memory_leak,productcatalog-service
1791356656,productcatalog-service,3.97,375.36,22.72,0.008,1,1,memory_leak,productcatalog-service
1791356656,redis-cart,1.07,34.28,2.86,0.0001,1,1,memory_leak,productcatalog-service
1791356659,frontend,1.78,145.35,26.21,0.0016,1,1,memory_leak,productcatalog-service
1791356659,cart-service,1.36,101.23,11.55,0.0007,1,1,memory_leak,productcatalog-service
1791356659,payment-service,1.59,42.88,11.18,0.0008,1,1,memory_leak,productcatalog-service
1791356659,productcatalog-service,4.36,391.25,18.47,0.0122,1,1,memory_leak,productcatalog-service
1791356659,redis-cart,0.75,31.2,2.5,0.0013,1,1,memory_leak,productcatalog-service
1791356704,frontend,2.5,156.25,22.86,0.0019,1,1,packet_loss,redis-cart
1791356704,cart-service,2.21,92.8,168.41,0.2336,1,1,packet_loss,redis-cart
1791356704,payment-service,1.42,46.81,11.71,0.0009,1,1,packet_loss,redis-cart
1791356704,productcatalog-service,2.0,69.24,16.45,0.0003,1,1,packet_loss,redis-cart
1791356704,redis-cart,0.4,32.34,192.34,0.6356,1,1,packet_loss,redis-cart
1791356707,frontend,2.46,137.69,26.99,0.0009,1,1,packet_loss,redis-cart
1791356707,cart-service,1.18,98.39,173.91,0.3361,1,1,packet_loss,redis-cart
1791356707,payment-service,0.78,41.37,10.29,0.0021,1,1,packet_loss,redis-cart
1791356707,productcatalog-service,1.94,66.5,10.04,0.0013,1,1,packet_loss,redis-cart
1791356707,redis-cart,0.81,32.77,147.76,0.6693,1,1,packet_loss,redis-cart
1791356710,frontend,3.59,151.7,17.95,0.001,1,1,packet_loss,redis-cart
1791356710,cart-service,0.4,93.73,180.76,0.2592,1,1,packet_loss,redis-cart
1791356710,payment-service,1.46,46.66,9.79,0.0005,1,1,packet_loss,redis-cart
1791356710,productcatalog-service,0.94,65.98,9.77,0.0015,1,1,packet_loss,redis-cart
1791356710,redis-cart,0.68,32.49,187.88,0.6303,1,1,packet_loss,redis-cart
1791356713,frontend,3.37,151.84,17.88,0.001,1,1,packet_loss,redis-cart
1791356713,cart-service,1.38,97.21,191.48,0.3082,1,1,packet_loss,redis-cart
1791356713,payment-service,1.62,45.15,12.42,0.0003,1,1,packet_loss,redis-cart
1791356713,productcatalog-service,1.34,61.27,10.06,0.0012,1,1,packet_loss,redis-cart
1791356713,redis-cart,0.64,31.62,150.63,0.6233,1,1,packet_loss,redis-cart
1791356716,frontend,3.1,142.94,26.1,0.0012,1,1,packet_loss,redis-cart
1791356716,cart-service,2.99,92.73,168.38,0.2609,1,1,packet_loss,redis-cart
1791356716,payment-service,0.4,46.37,12.02,0.0004,1,1,packet_loss,redis-cart
1791356716,productcatalog-service,0.45,62.25,11.22,0.0015,1,1,packet_loss,redis-cart
1791356716,redis-cart,1.16,32.3,201.78,0.5326,1,1,packet_loss,redis-cart
1791356719,frontend,4.21,142.33,16.21,0.0004,1,1,packet_loss,redis-cart
1791356719,cart-service,2.37,96.65,134.62,0.2528,1,1,packet_loss,redis-cart
1791356719,payment-service,1.52,40.92,10.77,0.001,1,1,packet_loss,redis-cart
1791356719,productcatalog-service,1.71,57.89,11.89,0.0013,1,1,packet_loss,redis-cart
1791356719,redis-cart,0.97,31.8,207.51,0.6099,1,1,packet_loss,redis-cart
1791356722,frontend,4.1,145.83,18.76,0.0004,1,1,packet_loss,redis-cart
1791356722,cart-service,1.13,104.46,172.49,0.2445,1,1,packet_loss,redis-cart
1791356722,payment-service,1.5,45.15,12.44,0.0002,1,1,packet_loss,redis-cart
1791356722,productcatalog-service,0.87,60.29,12.99,0.0008,1,1,packet_loss,redis-cart
1791356722,redis-cart,0.5,34.26,174.63,0.7181,1,1,packet_loss,redis-cart
1791356725,frontend,3.57,150.86,20.84,0.0009,1,1,packet_loss,redis-cart
1791356725,cart-service,1.42,99.23,157.39,0.3173,1,1,packet_loss,redis-cart
1791356725,payment-service,2.08,45.01,11.32,0.0008,1,1,packet_loss,redis-cart
1791356725,productcatalog-service,2.37,64.33,16.88,0.0016,1,1,packet_loss,redis-cart
1791356725,redis-cart,0.6,33.12,183.23,0.6636,1,1,packet_loss,redis-cart
1791356728,frontend,4.38,133.91,22.49,0.0004,1,1,packet_loss,redis-cart
1791356728,cart-service,1.94,98.24,174.15,0.2963,1,1,packet_loss,redis-cart
1791356728,payment-service,1.15,46.46,11.64,0.0011,1,1,packet_loss,redis-cart
1791356728,productcatalog-service,1.77,62.09,15.37,0.001,1,1,packet_loss,redis-cart
1791356728,redis-cart,0.4,29.41,180.87,0.5512,1,1,packet_loss,redis-cart
1791356731,frontend,3.7,155.65,19.1,0.0009,1,1,packet_loss,redis-cart
1791356731,cart-service,2.07,94.61,153.07,0.2545,1,1,packet_loss,redis-cart
1791356731,payment-service,1.51,40.66,9.09,0.0016,1,1,packet_loss,redis-cart
1791356731,productcatalog-service,2.15,63.19,21.72,0.0003,1,1,packet_loss,redis-cart
1791356731,redis-cart,0.62,30.07,185.55,0.6508,1,1,packet_loss,redis-cart
1791356776,frontend,7.22,149.82,218.43,0.4789,1,1,cascade_redis_drop,redis-cart
1791356776,cart-service,4.07,101.95,323.6,0.7664,1,1,cascade_redis_drop,redis-cart
1791356776,payment-service,1.32,44.85,14.79,0.0009,1,1,cascade_redis_drop,redis-cart
1791356776,productcatalog-service,2.3,59.91,14.27,0.0004,1,1,cascade_redis_drop,redis-cart
1791356776,redis-cart,0.0,0.0,0.0,1.0,0,1,cascade_redis_drop,redis-cart
1791356779,frontend,6.49,156.49,216.2,0.451,1,1,cascade_redis_drop,redis-cart
1791356779,cart-service,5.06,99.94,319.95,0.7682,1,1,cascade_redis_drop,redis-cart
1791356779,payment-service,1.61,40.12,12.44,0.0006,1,1,cascade_redis_drop,redis-cart
1791356779,productcatalog-service,1.52,62.02,15.62,0.0009,1,1,cascade_redis_drop,redis-cart
1791356779,redis-cart,0.0,0.0,0.0,1.0,0,1,cascade_redis_drop,redis-cart
1791356782,frontend,5.91,152.7,232.22,0.4227,1,1,cascade_redis_drop,redis-cart
1791356782,cart-service,3.57,107.77,444.06,0.7667,1,1,cascade_redis_drop,redis-cart
1791356782,payment-service,1.24,48.27,11.81,0.0009,1,1,cascade_redis_drop,redis-cart
1791356782,productcatalog-service,2.24,63.1,13.83,0.0009,1,1,cascade_redis_drop,redis-cart
1791356782,redis-cart,0.0,0.0,0.0,1.0,0,1,cascade_redis_drop,redis-cart
1791356785,frontend,6.0,155.83,261.23,0.363,1,1,cascade_redis_drop,redis-cart
1791356785,cart-service,5.05,95.01,450.95,0.8008,1,1,cascade_redis_drop,redis-cart
1791356785,payment-service,1.26,44.34,12.92,0.0011,1,1,cascade_redis_drop,redis-cart
1791356785,productcatalog-service,1.89,63.66,13.09,0.0004,1,1,cascade_redis_drop,redis-cart
1791356785,redis-cart,0.0,0.0,0.0,1.0,0,1,cascade_redis_drop,redis-cart
1791356788,frontend,7.15,154.67,232.47,0.3318,1,1,cascade_redis_drop,redis-cart
1791356788,cart-service,4.79,104.93,367.94,0.8364,1,1,cascade_redis_drop,redis-cart
1791356788,payment-service,0.74,42.22,12.95,0.0009,1,1,cascade_redis_drop,redis-cart
1791356788,productcatalog-service,1.98,60.38,15.79,0.0011,1,1,cascade_redis_drop,redis-cart
1791356788,redis-cart,0.0,0.0,0.0,1.0,0,1,cascade_redis_drop,redis-cart
1791356791,frontend,7.15,149.06,208.03,0.4336,1,1,cascade_redis_drop,redis-cart
1791356791,cart-service,3.32,94.26,256.17,0.92,1,1,cascade_redis_drop,redis-cart
1791356791,payment-service,1.77,42.48,13.32,0.0003,1,1,cascade_redis_drop,redis-cart
1791356791,productcatalog-service,1.5,60.82,11.91,0.0011,1,1,cascade_redis_drop,redis-cart
1791356791,redis-cart,0.0,0.0,0.0,1.0,0,1,cascade_redis_drop,redis-cart
1791356794,frontend,6.37,151.13,263.19,0.5014,1,1,cascade_redis_drop,redis-cart
1791356794,cart-service,3.26,105.27,389.43,0.7928,1,1,cascade_redis_drop,redis-cart
1791356794,payment-service,1.18,42.18,13.54,0.0014,1,1,cascade_redis_drop,redis-cart
1791356794,productcatalog-service,2.17,65.49,10.48,0.0005,1,1,cascade_redis_drop,redis-cart
1791356794,redis-cart,0.0,0.0,0.0,1.0,0,1,cascade_redis_drop,redis-cart
1791356797,frontend,5.61,151.93,271.97,0.5059,1,1,cascade_redis_drop,redis-cart
1791356797,cart-service,3.83,107.54,344.58,0.7786,1,1,cascade_redis_drop,redis-cart
1791356797,payment-service,1.88,46.03,14.14,0.001,1,1,cascade_redis_drop,redis-cart
1791356797,productcatalog-service,1.54,61.99,14.3,0.001,1,1,cascade_redis_drop,redis-cart
1791356797,redis-cart,0.0,0.0,0.0,1.0,0,1,cascade_redis_drop,redis-cart
1791356800,frontend,7.64,159.34,266.96,0.3749,1,1,cascade_redis_drop,redis-cart
1791356800,cart-service,4.9,96.36,302.21,0.7766,1,1,cascade_redis_drop,redis-cart
1791356800,payment-service,1.61,41.82,16.31,0.0005,1,1,cascade_redis_drop,redis-cart
1791356800,productcatalog-service,1.85,60.78,15.13,0.0004,1,1,cascade_redis_drop,redis-cart
1791356800,redis-cart,0.0,0.0,0.0,1.0,0,1,cascade_redis_drop,redis-cart
1791356803,frontend,6.08,161.38,227.87,0.4121,1,1,cascade_redis_drop,redis-cart
1791356803,cart-service,4.39,97.53,355.06,0.7974,1,1,cascade_redis_drop,redis-cart
1791356803,payment-service,1.35,44.52,14.67,0.0013,1,1,cascade_redis_drop,redis-cart
1791356803,productcatalog-service,2.0,57.4,12.54,0.0007,1,1,cascade_redis_drop,redis-cart
1791356803,redis-cart,0.0,0.0,0.0,1.0,0,1,cascade_redis_drop,redis-cart
1791356848,frontend,4.28,147.52,138.88,0.4148,1,1,pod_failure,payment-service
1791356848,cart-service,1.23,96.66,18.4,0.0014,1,1,pod_failure,payment-service
1791356848,payment-service,0.0,0.0,0.0,1.0,0,1,pod_failure,payment-service
1791356848,productcatalog-service,2.2,67.32,18.07,0.001,1,1,pod_failure,payment-service
1791356848,redis-cart,0.81,29.66,4.85,0.0008,1,1,pod_failure,payment-service
1791356851,frontend,5.16,136.87,160.92,0.5635,1,1,pod_failure,payment-service
1791356851,cart-service,2.34,88.26,20.3,0.0007,1,1,pod_failure,payment-service
1791356851,payment-service,0.0,0.0,0.0,1.0,0,1,pod_failure,payment-service
1791356851,productcatalog-service,1.89,58.49,12.53,0.0017,1,1,pod_failure,payment-service
1791356851,redis-cart,0.56,30.71,4.56,0.0008,1,1,pod_failure,payment-service
1791356854,frontend,4.79,139.63,143.43,0.4913,1,1,pod_failure,payment-service
1791356854,cart-service,2.04,91.63,17.65,0.0011,1,1,pod_failure,payment-service
1791356854,payment-service,0.0,0.0,0.0,1.0,0,1,pod_failure,payment-service
1791356854,productcatalog-service,2.15,64.03,16.72,0.0004,1,1,pod_failure,payment-service
1791356854,redis-cart,0.81,29.9,2.78,0.001,1,1,pod_failure,payment-service
1791356857,frontend,3.64,122.42,138.66,0.4757,1,1,pod_failure,payment-service
1791356857,cart-service,2.65,95.41,20.06,0.001,1,1,pod_failure,payment-service
1791356857,payment-service,0.0,0.0,0.0,1.0,0,1,pod_failure,payment-service
1791356857,productcatalog-service,1.81,67.57,16.35,0.0017,1,1,pod_failure,payment-service
1791356857,redis-cart,0.71,27.05,4.08,0.0007,1,1,pod_failure,payment-service
1791356860,frontend,4.22,137.54,183.93,0.3947,1,1,pod_failure,payment-service
1791356860,cart-service,2.78,89.33,18.65,0.0006,1,1,pod_failure,payment-service
1791356860,payment-service,0.0,0.0,0.0,1.0,0,1,pod_failure,payment-service
1791356860,productcatalog-service,1.71,56.38,15.03,0.0008,1,1,pod_failure,payment-service
1791356860,redis-cart,1.01,30.86,3.76,0.0013,1,1,pod_failure,payment-service
1791356863,frontend,3.66,145.18,155.21,0.4184,1,1,pod_failure,payment-service
1791356863,cart-service,2.61,86.71,19.83,0.0011,1,1,pod_failure,payment-service
1791356863,payment-service,0.0,0.0,0.0,1.0,0,1,pod_failure,payment-service
1791356863,productcatalog-service,2.44,65.33,13.93,0.0012,1,1,pod_failure,payment-service
1791356863,redis-cart,0.93,31.75,3.04,0.0007,1,1,pod_failure,payment-service
1791356866,frontend,3.32,148.77,129.14,0.4162,1,1,pod_failure,payment-service
1791356866,cart-service,2.4,92.61,23.93,0.0006,1,1,pod_failure,payment-service
1791356866,payment-service,0.0,0.0,0.0,1.0,0,1,pod_failure,payment-service
1791356866,productcatalog-service,1.89,59.81,18.85,0.0006,1,1,pod_failure,payment-service
1791356866,redis-cart,0.4,29.61,4.37,0.0009,1,1,pod_failure,payment-service
1791356869,frontend,5.15,152.68,142.74,0.5318,1,1,pod_failure,payment-service
1791356869,cart-service,1.73,96.38,18.18,0.0006,1,1,pod_failure,payment-service
1791356869,payment-service,0.0,0.0,0.0,1.0,0,1,pod_failure,payment-service
1791356869,productcatalog-service,2.29,60.56,13.1,0.0013,1,1,pod_failure,payment-service
1791356869,redis-cart,0.58,32.37,4.02,0.0009,1,1,pod_failure,payment-service
1791356872,frontend,5.08,149.37,134.43,0.4736,1,1,pod_failure,payment-service
1791356872,cart-service,2.99,94.11,17.71,0.0002,1,1,pod_failure,payment-service
1791356872,payment-service,0.0,0.0,0.0,1.0,0,1,pod_failure,payment-service
1791356872,productcatalog-service,2.78,58.75,13.84,0.0012,1,1,pod_failure,payment-service
1791356872,redis-cart,0.92,28.71,4.06,0.0004,1,1,pod_failure,payment-service
1791356875,frontend,4.24,136.92,125.55,0.3634,1,1,pod_failure,payment-service
1791356875,cart-service,2.78,91.03,16.9,0.0008,1,1,pod_failure,payment-service
1791356875,payment-service,0.0,0.0,0.0,1.0,0,1,pod_failure,payment-service
1791356875,productcatalog-service,1.65,63.73,16.59,0.0011,1,1,pod_failure,payment-service
1791356875,redis-cart,0.63,31.87,3.72,0.0011,1,1,pod_failure,payment-service
1791356920,frontend,4.29,147.1,27.68,0.001,1,1,cpu_stress,productcatalog-service
1791356920,cart-service,2.02,95.02,13.34,0.0009,1,1,cpu_stress,productcatalog-service
1791356920,payment-service,1.57,44.73,11.81,0.0019,1,1,cpu_stress,productcatalog-service
1791356920,productcatalog-service,95.51,89.39,63.94,0.0313,1,1,cpu_stress,productcatalog-service
1791356920,redis-cart,0.89,30.56,4.21,0.0016,1,1,cpu_stress,productcatalog-service
1791356923,frontend,4.41,146.55,21.31,0.0007,1,1,cpu_stress,productcatalog-service
1791356923,cart-service,3.3,93.24,22.78,0.0012,1,1,cpu_stress,productcatalog-service
1791356923,payment-service,1.41,46.35,9.22,0.0013,1,1,cpu_stress,productcatalog-service
1791356923,productcatalog-service,93.9,82.76,61.09,0.031,1,1,cpu_stress,productcatalog-service
1791356923,redis-cart,1.09,31.87,4.8,0.0007,1,1,cpu_stress,productcatalog-service
1791356926,frontend,4.86,142.94,24.25,0.0003,1,1,cpu_stress,productcatalog-service
1791356926,cart-service,2.81,93.99,16.44,0.0,1,1,cpu_stress,productcatalog-service
1791356926,payment-service,0.86,44.75,11.23,0.0006,1,1,cpu_stress,productcatalog-service
1791356926,productcatalog-service,95.44,81.84,45.83,0.0512,1,1,cpu_stress,productcatalog-service
1791356926,redis-cart,0.65,30.84,4.04,0.0013,1,1,cpu_stress,productcatalog-service
1791356929,frontend,3.82,142.62,24.15,0.0009,1,1,cpu_stress,productcatalog-service
1791356929,cart-service,2.06,88.87,15.24,0.0007,1,1,cpu_stress,productcatalog-service
1791356929,payment-service,1.31,46.61,11.81,0.0016,1,1,cpu_stress,productcatalog-service
1791356929,productcatalog-service,93.38,81.37,55.53,0.0346,1,1,cpu_stress,productcatalog-service
1791356929,redis-cart,0.91,31.84,4.36,0.0014,1,1,cpu_stress,productcatalog-service
1791356932,frontend,4.53,144.19,24.56,0.0009,1,1,cpu_stress,productcatalog-service
1791356932,cart-service,3.13,90.36,17.9,0.0011,1,1,cpu_stress,productcatalog-service
1791356932,payment-service,1.28,46.71,12.17,0.0,1,1,cpu_stress,productcatalog-service
1791356932,productcatalog-service,93.0,88.3,57.92,0.0291,1,1,cpu_stress,productcatalog-service
1791356932,redis-cart,0.53,32.8,4.09,0.0005,1,1,cpu_stress,productcatalog-service
1791356935,frontend,3.52,140.69,23.69,0.0007,1,1,cpu_stress,productcatalog-service
1791356935,cart-service,1.76,89.28,15.78,0.0003,1,1,cpu_stress,productcatalog-service
1791356935,payment-service,1.43,48.05,14.27,0.0012,1,1,cpu_stress,productcatalog-service
1791356935,productcatalog-service,93.86,84.16,49.15,0.0405,1,1,cpu_stress,productcatalog-service
1791356935,redis-cart,1.21,30.63,4.67,0.0009,1,1,cpu_stress,productcatalog-service
1791356938,frontend,2.92,144.05,20.53,0.0006,1,1,cpu_stress,productcatalog-service
1791356938,cart-service,1.32,96.6,17.01,0.0009,1,1,cpu_stress,productcatalog-service
1791356938,payment-service,1.04,41.22,13.56,0.0007,1,1,cpu_stress,productcatalog-service
1791356938,productcatalog-service,92.37,83.87,55.06,0.0319,1,1,cpu_stress,productcatalog-service
1791356938,redis-cart,0.75,30.99,5.27,0.0011,1,1,cpu_stress,productcatalog-service
1791356941,frontend,5.11,150.01,24.06,0.0014,1,1,cpu_stress,productcatalog-service
1791356941,cart-service,2.4,90.85,16.49,0.0003,1,1,cpu_stress,productcatalog-service
1791356941,payment-service,0.74,40.91,12.01,0.0012,1,1,cpu_stress,productcatalog-service
1791356941,productcatalog-service,92.14,89.63,55.78,0.0382,1,1,cpu_stress,productcatalog-service
1791356941,redis-cart,1.15,30.47,4.44,0.0008,1,1,cpu_stress,productcatalog-service
1791356944,frontend,3.73,140.26,23.83,0.001,1,1,cpu_stress,productcatalog-service
1791356944,cart-service,2.4,98.1,15.57,0.0007,1,1,cpu_stress,productcatalog-service
1791356944,payment-service,1.11,44.85,11.55,0.0009,1,1,cpu_stress,productcatalog-service
1791356944,productcatalog-service,90.75,91.26,49.19,0.0272,1,1,cpu_stress,productcatalog-service
1791356944,redis-cart,0.94,34.44,3.19,0.0006,1,1,cpu_stress,productcatalog-service
1791356947,frontend,4.43,141.1,22.24,0.0001,1,1,cpu_stress,productcatalog-service
1791356947,cart-service,2.54,91.67,13.98,0.0011,1,1,cpu_stress,productcatalog-service
1791356947,payment-service,0.87,45.29,13.36,0.001,1,1,cpu_stress,productcatalog-service
1791356947,productcatalog-service,96.41,89.85,52.92,0.0318,1,1,cpu_stress,productcatalog-service
1791356947,redis-cart,0.48,30.69,3.2,0.0011,1,1,cpu_stress,productcatalog-service
1791356992,frontend,3.18,143.88,25.32,0.0008,1,1,network_latency,redis-cart
1791356992,cart-service,0.82,97.98,298.64,0.0244,1,1,network_latency,redis-cart
1791356992,payment-service,1.44,43.79,10.46,0.0012,1,1,network_latency,redis-cart
1791356992,productcatalog-service,1.61,67.83,15.47,0.0013,1,1,network_latency,redis-cart
1791356992,redis-cart,0.4,30.64,970.22,0.0248,1,1,network_latency,redis-cart
1791356995,frontend,3.72,141.88,20.27,0.0013,1,1,network_latency,redis-cart
1791356995,cart-service,1.37,96.42,390.83,0.0332,1,1,network_latency,redis-cart
1791356995,payment-service,1.89,42.18,9.92,0.0008,1,1,network_latency,redis-cart
1791356995,productcatalog-service,2.2,63.98,10.78,0.0008,1,1,network_latency,redis-cart
1791356995,redis-cart,1.04,33.05,971.14,0.0203,1,1,network_latency,redis-cart
1791356998,frontend,3.25,138.0,23.88,0.0013,1,1,network_latency,redis-cart
1791356998,cart-service,2.95,96.52,292.29,0.0444,1,1,network_latency,redis-cart
1791356998,payment-service,1.01,42.13,10.85,0.0011,1,1,network_latency,redis-cart
1791356998,productcatalog-service,1.17,62.36,11.3,0.0014,1,1,network_latency,redis-cart
1791356998,redis-cart,0.4,33.05,964.8,0.018,1,1,network_latency,redis-cart
1791357001,frontend,3.52,146.74,20.47,0.0016,1,1,network_latency,redis-cart
1791357001,cart-service,3.4,95.48,363.71,0.0205,1,1,network_latency,redis-cart
1791357001,payment-service,1.45,45.13,5.79,0.0011,1,1,network_latency,redis-cart
1791357001,productcatalog-service,1.44,61.21,13.71,0.0004,1,1,network_latency,redis-cart
1791357001,redis-cart,0.81,35.54,819.63,0.0167,1,1,network_latency,redis-cart
1791357004,frontend,2.57,148.84,15.79,0.0011,1,1,network_latency,redis-cart
1791357004,cart-service,1.57,95.89,336.54,0.0404,1,1,network_latency,redis-cart
1791357004,payment-service,0.95,46.99,9.47,0.0013,1,1,network_latency,redis-cart
1791357004,productcatalog-service,1.76,68.25,15.15,0.0012,1,1,network_latency,redis-cart
1791357004,redis-cart,0.65,32.92,937.5,0.0266,1,1,network_latency,redis-cart
1791357007,frontend,2.92,151.06,28.73,0.0001,1,1,network_latency,redis-cart
1791357007,cart-service,1.19,99.85,316.86,0.0413,1,1,network_latency,redis-cart
1791357007,payment-service,1.23,40.36,8.28,0.0013,1,1,network_latency,redis-cart
1791357007,productcatalog-service,1.7,62.04,10.26,0.0011,1,1,network_latency,redis-cart
1791357007,redis-cart,0.75,33.81,1023.62,0.0227,1,1,network_latency,redis-cart
1791357010,frontend,2.58,145.17,25.62,0.0011,1,1,network_latency,redis-cart
1791357010,cart-service,2.08,98.78,355.35,0.0342,1,1,network_latency,redis-cart
1791357010,payment-service,0.47,44.28,7.0,0.0013,1,1,network_latency,redis-cart
1791357010,productcatalog-service,2.36,64.61,9.48,0.0007,1,1,network_latency,redis-cart
1791357010,redis-cart,0.84,34.83,804.95,0.0171,1,1,network_latency,redis-cart
1791357013,frontend,4.52,144.08,20.69,0.0016,1,1,network_latency,redis-cart
1791357013,cart-service,2.09,91.98,317.82,0.0389,1,1,network_latency,redis-cart
1791357013,payment-service,1.63,44.89,17.11,0.0007,1,1,network_latency,redis-cart
1791357013,productcatalog-service,1.02,62.82,10.72,0.001,1,1,network_latency,redis-cart
1791357013,redis-cart,0.78,31.6,853.32,0.0173,1,1,network_latency,redis-cart
1791357016,frontend,2.59,146.72,17.14,0.0006,1,1,network_latency,redis-cart
1791357016,cart-service,3.18,95.35,331.94,0.039,1,1,network_latency,redis-cart
1791357016,payment-service,0.68,43.18,8.63,0.0016,1,1,network_latency,redis-cart
1791357016,productcatalog-service,2.49,62.01,14.3,0.0002,1,1,network_latency,redis-cart
1791357016,redis-cart,0.75,31.28,780.0,0.0195,1,1,network_latency,redis-cart
1791357019,frontend,2.84,149.44,23.04,0.0012,1,1,network_latency,redis-cart
1791357019,cart-service,1.75,107.66,299.57,0.0435,1,1,network_latency,redis-cart
1791357019,payment-service,1.64,46.21,12.37,0.0012,1,1,network_latency,redis-cart
1791357019,productcatalog-service,1.07,65.68,11.27,0.0007,1,1,network_latency,redis-cart
1791357019,redis-cart,0.88,34.05,842.78,0.0186,1,1,network_latency,redis-cart
1791357064,frontend,6.41,307.36,38.35,0.0155,1,1,memory_leak,frontend
1791357064,cart-service,2.2,94.33,17.77,0.0013,1,1,memory_leak,frontend
1791357064,payment-service,0.85,44.57,12.99,0.0004,1,1,memory_leak,frontend
1791357064,productcatalog-service,1.79,63.94,16.07,0.0016,1,1,memory_leak,frontend
1791357064,redis-cart,0.77,35.06,2.74,0.0015,1,1,memory_leak,frontend
1791357067,frontend,6.16,332.06,38.65,0.0056,1,1,memory_leak,frontend
1791357067,cart-service,2.4,87.7,14.38,0.0004,1,1,memory_leak,frontend
1791357067,payment-service,2.24,51.95,8.16,0.0015,1,1,memory_leak,frontend
1791357067,productcatalog-service,2.06,68.41,16.94,0.0011,1,1,memory_leak,frontend
1791357067,redis-cart,1.04,33.4,2.01,0.0008,1,1,memory_leak,frontend
1791357070,frontend,6.18,353.4,42.77,0.0158,1,1,memory_leak,frontend
1791357070,cart-service,2.31,99.19,13.14,0.001,1,1,memory_leak,frontend
1791357070,payment-service,1.88,43.3,9.32,0.0003,1,1,memory_leak,frontend
1791357070,productcatalog-service,1.85,65.64,13.13,0.0005,1,1,memory_leak,frontend
1791357070,redis-cart,0.6,36.53,2.19,0.0013,1,1,memory_leak,frontend
1791357073,frontend,5.39,363.38,38.3,0.0068,1,1,memory_leak,frontend
1791357073,cart-service,2.65,96.1,14.61,0.0013,1,1,memory_leak,frontend
1791357073,payment-service,1.07,47.42,12.03,0.0008,1,1,memory_leak,frontend
1791357073,productcatalog-service,2.51,63.38,10.18,0.001,1,1,memory_leak,frontend
1791357073,redis-cart,0.55,35.08,3.51,0.0007,1,1,memory_leak,frontend
1791357076,frontend,6.49,380.79,35.88,0.0123,1,1,memory_leak,frontend
1791357076,cart-service,2.01,95.65,10.4,0.0004,1,1,memory_leak,frontend
1791357076,payment-service,0.56,46.37,8.16,0.0013,1,1,memory_leak,frontend
1791357076,productcatalog-service,0.75,66.99,14.75,0.0012,1,1,memory_leak,frontend
1791357076,redis-cart,1.05,34.38,3.79,0.0011,1,1,memory_leak,frontend
1791357079,frontend,8.05,409.18,42.25,0.0136,1,1,memory_leak,frontend
1791357079,cart-service,1.87,100.01,16.02,0.0003,1,1,memory_leak,frontend
1791357079,payment-service,1.45,42.08,14.19,0.0018,1,1,memory_leak,frontend
1791357079,productcatalog-service,1.54,68.48,9.66,0.0011,1,1,memory_leak,frontend
1791357079,redis-cart,0.53,34.51,2.65,0.001,1,1,memory_leak,frontend
1791357082,frontend,7.27,427.56,41.0,0.0062,1,1,memory_leak,frontend
1791357082,cart-service,2.22,87.83,15.72,0.0012,1,1,memory_leak,frontend
1791357082,payment-service,1.02,44.54,10.55,0.0011,1,1,memory_leak,frontend
1791357082,productcatalog-service,1.4,66.56,13.07,0.0009,1,1,memory_leak,frontend
1791357082,redis-cart,0.82,28.52,3.13,0.0009,1,1,memory_leak,frontend
1791357085,frontend,5.79,446.28,42.74,0.0106,1,1,memory_leak,frontend
1791357085,cart-service,2.15,95.46,15.24,0.0007,1,1,memory_leak,frontend
1791357085,payment-service,0.45,49.03,11.03,0.0007,1,1,memory_leak,frontend
1791357085,productcatalog-service,1.51,55.69,13.39,0.001,1,1,memory_leak,frontend
1791357085,redis-cart,0.71,31.76,3.31,0.0014,1,1,memory_leak,frontend
1791357088,frontend,6.38,464.75,36.68,0.0146,1,1,memory_leak,frontend
1791357088,cart-service,0.95,93.91,15.81,0.001,1,1,memory_leak,frontend
1791357088,payment-service,0.93,47.1,10.37,0.0,1,1,memory_leak,frontend
1791357088,productcatalog-service,1.9,63.85,12.32,0.0021,1,1,memory_leak,frontend
1791357088,redis-cart,0.58,33.87,4.65,0.0009,1,1,memory_leak,frontend
1791357091,frontend,6.45,485.8,46.14,0.0119,1,1,memory_leak,frontend
1791357091,cart-service,2.64,94.74,17.2,0.0007,1,1,memory_leak,frontend
1791357091,payment-service,1.35,44.26,13.69,0.0005,1,1,memory_leak,frontend
1791357091,productcatalog-service,1.84,62.74,11.54,0.0013,1,1,memory_leak,frontend
1791357091,redis-cart,0.7,30.43,2.98,0.0007,1,1,memory_leak,frontend
1791357136,frontend,2.61,146.97,199.68,0.2601,1,1,packet_loss,cart-service
1791357136,cart-service,1.4,102.82,189.53,0.6114,1,1,packet_loss,cart-service
1791357136,payment-service,0.95,51.56,9.0,0.0012,1,1,packet_loss,cart-service
1791357136,productcatalog-service,2.0,64.56,15.31,0.0017,1,1,packet_loss,cart-service
1791357136,redis-cart,1.0,33.42,2.47,0.0012,1,1,packet_loss,cart-service
1791357139,frontend,4.9,153.95,172.44,0.3224,1,1,packet_loss,cart-service
1791357139,cart-service,1.97,94.09,197.51,0.614,1,1,packet_loss,cart-service
1791357139,payment-service,1.34,41.4,15.52,0.0014,1,1,packet_loss,cart-service
1791357139,productcatalog-service,2.53,68.91,15.75,0.0009,1,1,packet_loss,cart-service
1791357139,redis-cart,0.55,33.37,4.51,0.0005,1,1,packet_loss,cart-service
1791357142,frontend,2.69,159.28,169.81,0.2723,1,1,packet_loss,cart-service
1791357142,cart-service,1.17,101.5,135.13,0.6479,1,1,packet_loss,cart-service
1791357142,payment-service,1.77,42.64,13.05,0.0013,1,1,packet_loss,cart-service
1791357142,productcatalog-service,2.42,65.29,12.85,0.0014,1,1,packet_loss,cart-service
1791357142,redis-cart,0.59,32.28,2.36,0.0011,1,1,packet_loss,cart-service
1791357145,frontend,3.94,169.3,197.91,0.3444,1,1,packet_loss,cart-service
1791357145,cart-service,2.78,99.3,197.37,0.5255,1,1,packet_loss,cart-service
1791357145,payment-service,0.78,45.27,11.01,0.0009,1,1,packet_loss,cart-service
1791357145,productcatalog-service,2.52,69.33,11.87,0.0011,1,1,packet_loss,cart-service
1791357145,redis-cart,0.48,34.16,3.41,0.0016,1,1,packet_loss,cart-service
1791357148,frontend,4.06,160.0,197.16,0.2898,1,1,packet_loss,cart-service
1791357148,cart-service,2.47,101.87,180.79,0.7258,1,1,packet_loss,cart-service
1791357148,payment-service,1.34,47.33,9.42,0.0013,1,1,packet_loss,cart-service
1791357148,productcatalog-service,1.37,63.39,14.1,0.001,1,1,packet_loss,cart-service
1791357148,redis-cart,0.82,35.02,3.99,0.0018,1,1,packet_loss,cart-service
1791357151,frontend,4.6,144.99,179.99,0.2315,1,1,packet_loss,cart-service
1791357151,cart-service,2.24,103.45,232.48,0.7265,1,1,packet_loss,cart-service
1791357151,payment-service,1.8,38.48,11.35,0.001,1,1,packet_loss,cart-service
1791357151,productcatalog-service,1.88,61.7,15.19,0.0012,1,1,packet_loss,cart-service
1791357151,redis-cart,0.93,34.57,4.54,0.0016,1,1,packet_loss,cart-service
1791357154,frontend,4.35,155.55,188.27,0.3118,1,1,packet_loss,cart-service
1791357154,cart-service,2.34,96.21,180.88,0.6191,1,1,packet_loss,cart-service
1791357154,payment-service,1.63,46.85,11.64,0.0009,1,1,packet_loss,cart-service
1791357154,productcatalog-service,1.69,64.9,16.02,0.0011,1,1,packet_loss,cart-service
1791357154,redis-cart,0.78,32.25,3.31,0.0002,1,1,packet_loss,cart-service
1791357157,frontend,3.74,151.16,201.51,0.3133,1,1,packet_loss,cart-service
1791357157,cart-service,1.8,89.69,130.81,0.7034,1,1,packet_loss,cart-service
1791357157,payment-service,1.37,44.42,8.5,0.0008,1,1,packet_loss,cart-service
1791357157,productcatalog-service,0.99,74.41,11.45,0.0004,1,1,packet_loss,cart-service
1791357157,redis-cart,0.75,35.26,4.13,0.0006,1,1,packet_loss,cart-service
1791357160,frontend,2.22,156.94,185.44,0.2527,1,1,packet_loss,cart-service
1791357160,cart-service,2.72,102.11,153.45,0.6463,1,1,packet_loss,cart-service
1791357160,payment-service,1.37,46.11,12.79,0.001,1,1,packet_loss,cart-service
1791357160,productcatalog-service,2.16,66.21,14.99,0.001,1,1,packet_loss,cart-service
1791357160,redis-cart,0.97,32.84,2.59,0.0008,1,1,packet_loss,cart-service
1791357163,frontend,4.07,148.36,183.01,0.2766,1,1,packet_loss,cart-service
1791357163,cart-service,2.39,103.96,218.75,0.6752,1,1,packet_loss,cart-service
1791357163,payment-service,1.1,47.81,11.8,0.0014,1,1,packet_loss,cart-service
1791357163,productcatalog-service,1.42,70.45,13.8,0.001,1,1,packet_loss,cart-service
1791357163,redis-cart,0.86,32.11,3.64,0.0002,1,1,packet_loss,cart-service
1791357208,frontend,7.16,164.88,208.74,0.4619,1,1,cascade_redis_drop,redis-cart
1791357208,cart-service,3.7,106.89,341.81,0.8072,1,1,cascade_redis_drop,redis-cart
1791357208,payment-service,1.86,43.99,15.28,0.001,1,1,cascade_redis_drop,redis-cart
1791357208,productcatalog-service,1.73,63.63,18.03,0.0015,1,1,cascade_redis_drop,redis-cart
1791357208,redis-cart,0.0,0.0,0.0,1.0,0,1,cascade_redis_drop,redis-cart
1791357211,frontend,7.08,160.45,269.45,0.4494,1,1,cascade_redis_drop,redis-cart
1791357211,cart-service,3.56,110.99,378.65,0.8029,1,1,cascade_redis_drop,redis-cart
1791357211,payment-service,1.29,47.11,11.01,0.001,1,1,cascade_redis_drop,redis-cart
1791357211,productcatalog-service,2.3,65.69,15.21,0.0011,1,1,cascade_redis_drop,redis-cart
1791357211,redis-cart,0.0,0.0,0.0,1.0,0,1,cascade_redis_drop,redis-cart
1791357214,frontend,5.4,164.01,209.46,0.4038,1,1,cascade_redis_drop,redis-cart
1791357214,cart-service,4.38,111.6,309.23,0.8165,1,1,cascade_redis_drop,redis-cart
1791357214,payment-service,2.39,44.08,15.62,0.0014,1,1,cascade_redis_drop,redis-cart
1791357214,productcatalog-service,2.23,64.93,17.54,0.0009,1,1,cascade_redis_drop,redis-cart
1791357214,redis-cart,0.0,0.0,0.0,1.0,0,1,cascade_redis_drop,redis-cart
1791357217,frontend,6.26,161.67,199.8,0.415,1,1,cascade_redis_drop,redis-cart
1791357217,cart-service,4.45,106.8,398.13,0.7987,1,1,cascade_redis_drop,redis-cart
1791357217,payment-service,2.06,48.42,14.2,0.0007,1,1,cascade_redis_drop,redis-cart
1791357217,productcatalog-service,1.96,60.99,16.57,0.0014,1,1,cascade_redis_drop,redis-cart
1791357217,redis-cart,0.0,0.0,0.0,1.0,0,1,cascade_redis_drop,redis-cart
1791357220,frontend,6.27,156.78,220.39,0.4406,1,1,cascade_redis_drop,redis-cart
1791357220,cart-service,4.78,104.47,352.1,0.7763,1,1,cascade_redis_drop,redis-cart
1791357220,payment-service,1.19,42.83,13.22,0.0006,1,1,cascade_redis_drop,redis-cart
1791357220,productcatalog-service,2.35,63.94,17.02,0.0008,1,1,cascade_redis_drop,redis-cart
1791357220,redis-cart,0.0,0.0,0.0,1.0,0,1,cascade_redis_drop,redis-cart
1791357223,frontend,6.77,160.84,211.63,0.423,1,1,cascade_redis_drop,redis-cart
1791357223,cart-service,4.59,105.38,281.71,0.7714,1,1,cascade_redis_drop,redis-cart
1791357223,payment-service,1.9,43.24,14.14,0.0012,1,1,cascade_redis_drop,redis-cart
1791357223,productcatalog-service,2.04,61.25,14.72,0.0013,1,1,cascade_redis_drop,redis-cart
1791357223,redis-cart,0.0,0.0,0.0,1.0,0,1,cascade_redis_drop,redis-cart
1791357226,frontend,6.33,154.36,228.28,0.4476,1,1,cascade_redis_drop,redis-cart
1791357226,cart-service,3.32,112.33,353.4,0.7012,1,1,cascade_redis_drop,redis-cart
1791357226,payment-service,1.46,49.55,12.72,0.0013,1,1,cascade_redis_drop,redis-cart
1791357226,productcatalog-service,2.45,62.91,16.61,0.0007,1,1,cascade_redis_drop,redis-cart
1791357226,redis-cart,0.0,0.0,0.0,1.0,0,1,cascade_redis_drop,redis-cart
1791357229,frontend,5.82,157.7,252.14,0.3735,1,1,cascade_redis_drop,redis-cart
1791357229,cart-service,4.61,101.2,329.7,0.68,1,1,cascade_redis_drop,redis-cart
1791357229,payment-service,1.29,44.71,10.31,0.0005,1,1,cascade_redis_drop,redis-cart
1791357229,productcatalog-service,1.26,65.16,11.96,0.0011,1,1,cascade_redis_drop,redis-cart
1791357229,redis-cart,0.0,0.0,0.0,1.0,0,1,cascade_redis_drop,redis-cart
1791357232,frontend,5.83,158.02,212.25,0.3875,1,1,cascade_redis_drop,redis-cart
1791357232,cart-service,5.84,105.21,366.0,0.8165,1,1,cascade_redis_drop,redis-cart
1791357232,payment-service,0.4,42.09,16.39,0.0012,1,1,cascade_redis_drop,redis-cart
1791357232,productcatalog-service,1.96,65.81,16.07,0.0007,1,1,cascade_redis_drop,redis-cart
1791357232,redis-cart,0.0,0.0,0.0,1.0,0,1,cascade_redis_drop,redis-cart
1791357235,frontend,6.68,151.23,188.28,0.393,1,1,cascade_redis_drop,redis-cart
1791357235,cart-service,3.23,107.84,387.18,0.7823,1,1,cascade_redis_drop,redis-cart
1791357235,payment-service,1.55,44.56,14.04,0.0009,1,1,cascade_redis_drop,redis-cart
1791357235,productcatalog-service,1.98,60.37,16.15,0.0004,1,1,cascade_redis_drop,redis-cart
1791357235,redis-cart,0.0,0.0,0.0,1.0,0,1,cascade_redis_drop,redis-cart
1791357280,frontend,4.59,149.14,26.97,0.0011,1,1,pod_failure,redis-cart
1791357280,cart-service,1.94,98.73,150.8,0.4687,1,1,pod_failure,redis-cart
1791357280,payment-service,2.4,47.13,13.23,0.0009,1,1,pod_failure,redis-cart
1791357280,productcatalog-service,2.07,63.59,18.43,0.0,1,1,pod_failure,redis-cart
1791357280,redis-cart,0.0,0.0,0.0,1.0,0,1,pod_failure,redis-cart
1791357283,frontend,4.11,148.24,24.15,0.0011,1,1,pod_failure,redis-cart
1791357283,cart-service,3.67,98.28,118.49,0.4263,1,1,pod_failure,redis-cart
1791357283,payment-service,1.84,45.2,12.77,0.0015,1,1,pod_failure,redis-cart
1791357283,productcatalog-service,1.62,60.21,18.8,0.0006,1,1,pod_failure,redis-cart
1791357283,redis-cart,0.0,0.0,0.0,1.0,0,1,pod_failure,redis-cart
1791357286,frontend,4.85,144.69,25.8,0.0009,1,1,pod_failure,redis-cart
1791357286,cart-service,2.86,98.35,125.26,0.493,1,1,pod_failure,redis-cart
1791357286,payment-service,1.73,48.19,10.87,0.0018,1,1,pod_failure,redis-cart
1791357286,productcatalog-service,2.31,66.78,13.27,0.0011,1,1,pod_failure,redis-cart
1791357286,redis-cart,0.0,0.0,0.0,1.0,0,1,pod_failure,redis-cart
1791357289,frontend,4.3,150.32,28.51,0.0007,1,1,pod_failure,redis-cart
1791357289,cart-service,0.7,95.58,118.62,0.4354,1,1,pod_failure,redis-cart
1791357289,payment-service,0.94,41.33,12.39,0.0015,1,1,pod_failure,redis-cart
1791357289,productcatalog-service,2.29,62.85,16.22,0.001,1,1,pod_failure,redis-cart
1791357289,redis-cart,0.0,0.0,0.0,1.0,0,1,pod_failure,redis-cart
1791357292,frontend,4.72,147.71,25.4,0.0004,1,1,pod_failure,redis-cart
1791357292,cart-service,1.93,102.19,120.97,0.4066,1,1,pod_failure,redis-cart
1791357292,payment-service,1.63,43.48,8.81,0.0014,1,1,pod_failure,redis-cart
1791357292,productcatalog-service,2.23,61.92,14.54,0.001,1,1,pod_failure,redis-cart
1791357292,redis-cart,0.0,0.0,0.0,1.0,0,1,pod_failure,redis-cart
1791357295,frontend,3.43,152.51,25.94,0.0012,1,1,pod_failure,redis-cart
1791357295,cart-service,2.7,106.5,140.25,0.3161,1,1,pod_failure,redis-cart
1791357295,payment-service,1.42,42.9,9.66,0.0014,1,1,pod_failure,redis-cart
1791357295,productcatalog-service,2.18,63.61,13.52,0.0008,1,1,pod_failure,redis-cart
1791357295,redis-cart,0.0,0.0,0.0,1.0,0,1,pod_failure,redis-cart
1791357298,frontend,4.91,153.13,29.28,0.0014,1,1,pod_failure,redis-cart
1791357298,cart-service,1.19,98.65,163.91,0.4169,1,1,pod_failure,redis-cart
1791357298,payment-service,1.13,48.85,13.38,0.0009,1,1,pod_failure,redis-cart
1791357298,productcatalog-service,1.72,58.31,13.5,0.0013,1,1,pod_failure,redis-cart
1791357298,redis-cart,0.0,0.0,0.0,1.0,0,1,pod_failure,redis-cart
1791357301,frontend,3.4,149.42,21.4,0.0012,1,1,pod_failure,redis-cart
1791357301,cart-service,2.42,94.65,120.89,0.4747,1,1,pod_failure,redis-cart
1791357301,payment-service,1.77,41.29,12.09,0.001,1,1,pod_failure,redis-cart
1791357301,productcatalog-service,2.12,63.3,14.53,0.0014,1,1,pod_failure,redis-cart
1791357301,redis-cart,0.0,0.0,0.0,1.0,0,1,pod_failure,redis-cart
1791357304,frontend,2.91,151.43,23.51,0.001,1,1,pod_failure,redis-cart
1791357304,cart-service,1.3,92.78,120.22,0.4055,1,1,pod_failure,redis-cart
1791357304,payment-service,1.16,45.73,12.31,0.0004,1,1,pod_failure,redis-cart
1791357304,productcatalog-service,2.4,65.16,15.77,0.0006,1,1,pod_failure,redis-cart
1791357304,redis-cart,0.0,0.0,0.0,1.0,0,1,pod_failure,redis-cart
1791357307,frontend,4.12,146.73,25.26,0.0011,1,1,pod_failure,redis-cart
1791357307,cart-service,2.83,95.84,163.37,0.4383,1,1,pod_failure,redis-cart
1791357307,payment-service,1.94,42.8,14.7,0.0009,1,1,pod_failure,redis-cart
1791357307,productcatalog-service,1.94,66.95,16.1,0.0005,1,1,pod_failure,redis-cart
1791357307,redis-cart,0.0,0.0,0.0,1.0,0,1,pod_failure,redis-cart
1791357352,frontend,94.18,174.47,91.17,0.0259,1,1,cpu_stress,frontend
1791357352,cart-service,1.93,96.85,17.23,0.0009,1,1,cpu_stress,frontend
1791357352,payment-service,0.81,48.38,11.14,0.0017,1,1,cpu_stress,frontend
1791357352,productcatalog-service,1.34,67.3,14.13,0.0008,1,1,cpu_stress,frontend
1791357352,redis-cart,1.0,30.85,3.95,0.0016,1,1,cpu_stress,frontend
1791357355,frontend,94.86,166.24,83.33,0.0401,1,1,cpu_stress,frontend
1791357355,cart-service,1.47,94.93,12.86,0.0008,1,1,cpu_stress,frontend
1791357355,payment-service,1.05,46.66,10.34,0.0008,1,1,cpu_stress,frontend
1791357355,productcatalog-service,1.39,66.04,11.06,0.0016,1,1,cpu_stress,frontend
1791357355,redis-cart,1.06,32.74,4.54,0.0012,1,1,cpu_stress,frontend
1791357358,frontend,95.92,172.15,85.57,0.0337,1,1,cpu_stress,frontend
1791357358,cart-service,1.51,90.4,16.69,0.0015,1,1,cpu_stress,frontend
1791357358,payment-service,1.08,44.37,11.18,0.0015,1,1,cpu_stress,frontend
1791357358,productcatalog-service,1.85,72.18,11.81,0.0014,1,1,cpu_stress,frontend
1791357358,redis-cart,0.51,31.19,3.2,0.0006,1,1,cpu_stress,frontend
1791357361,frontend,89.02,167.08,83.31,0.0259,1,1,cpu_stress,frontend
1791357361,cart-service,2.86,90.29,13.68,0.001,1,1,cpu_stress,frontend
1791357361,payment-service,1.81,44.59,8.01,0.0004,1,1,cpu_stress,frontend
1791357361,productcatalog-service,1.96,68.61,12.99,0.002,1,1,cpu_stress,frontend
1791357361,redis-cart,0.75,31.22,3.51,0.0008,1,1,cpu_stress,frontend
1791357364,frontend,94.14,169.15,85.22,0.032,1,1,cpu_stress,frontend
1791357364,cart-service,1.7,95.26,13.79,0.0014,1,1,cpu_stress,frontend
1791357364,payment-service,0.92,41.84,10.41,0.0006,1,1,cpu_stress,frontend
1791357364,productcatalog-service,2.2,55.05,13.74,0.0005,1,1,cpu_stress,frontend
1791357364,redis-cart,0.95,33.08,2.61,0.0006,1,1,cpu_stress,frontend
1791357367,frontend,98.34,170.73,89.75,0.0539,1,1,cpu_stress,frontend
1791357367,cart-service,2.39,92.77,17.0,0.0007,1,1,cpu_stress,frontend
1791357367,payment-service,1.7,43.33,10.19,0.0009,1,1,cpu_stress,frontend
1791357367,productcatalog-service,1.9,63.59,14.9,0.0006,1,1,cpu_stress,frontend
1791357367,redis-cart,1.0,34.79,3.88,0.0016,1,1,cpu_stress,frontend
1791357370,frontend,95.26,172.56,85.7,0.0316,1,1,cpu_stress,frontend
1791357370,cart-service,2.31,95.88,15.48,0.0015,1,1,cpu_stress,frontend
1791357370,payment-service,1.38,42.26,10.98,0.0015,1,1,cpu_stress,frontend
1791357370,productcatalog-service,1.45,61.58,13.76,0.0014,1,1,cpu_stress,frontend
1791357370,redis-cart,0.52,32.09,3.72,0.0017,1,1,cpu_stress,frontend
1791357373,frontend,89.1,171.36,90.11,0.0207,1,1,cpu_stress,frontend
1791357373,cart-service,2.07,95.29,13.61,0.0003,1,1,cpu_stress,frontend
1791357373,payment-service,1.28,48.4,7.63,0.0008,1,1,cpu_stress,frontend
1791357373,productcatalog-service,1.5,60.61,13.48,0.0014,1,1,cpu_stress,frontend
1791357373,redis-cart,1.16,28.4,2.73,0.0003,1,1,cpu_stress,frontend
1791357376,frontend,95.66,168.86,86.7,0.0201,1,1,cpu_stress,frontend
1791357376,cart-service,1.9,92.74,11.81,0.0014,1,1,cpu_stress,frontend
1791357376,payment-service,0.97,42.96,11.25,0.0012,1,1,cpu_stress,frontend
1791357376,productcatalog-service,1.98,63.32,11.83,0.0016,1,1,cpu_stress,frontend
1791357376,redis-cart,0.4,31.38,3.19,0.0013,1,1,cpu_stress,frontend
1791357379,frontend,92.43,166.02,88.7,0.0232,1,1,cpu_stress,frontend
1791357379,cart-service,0.45,93.5,14.56,0.0004,1,1,cpu_stress,frontend
1791357379,payment-service,1.04,43.38,10.07,0.0007,1,1,cpu_stress,frontend
1791357379,productcatalog-service,1.68,67.49,13.01,0.0009,1,1,cpu_stress,frontend
1791357379,redis-cart,0.9,30.87,4.3,0.0003,1,1,cpu_stress,frontend
1791357424,frontend,5.02,145.17,377.23,0.0224,1,1,network_latency,cart-service
1791357424,cart-service,2.06,97.27,967.15,0.0167,1,1,network_latency,cart-service
1791357424,payment-service,1.2,45.83,10.17,0.0014,1,1,network_latency,cart-service
1791357424,productcatalog-service,1.46,63.06,14.78,0.0013,1,1,network_latency,cart-service
1791357424,redis-cart,0.92,32.85,4.62,0.001,1,1,network_latency,cart-service
1791357427,frontend,2.68,134.65,331.44,0.0448,1,1,network_latency,cart-service
1791357427,cart-service,1.21,96.51,885.54,0.0276,1,1,network_latency,cart-service
1791357427,payment-service,0.44,43.98,9.18,0.0017,1,1,network_latency,cart-service
1791357427,productcatalog-service,1.92,62.1,16.97,0.0008,1,1,network_latency,cart-service
1791357427,redis-cart,0.52,32.24,3.27,0.0008,1,1,network_latency,cart-service
1791357430,frontend,6.26,140.88,342.76,0.0418,1,1,network_latency,cart-service
1791357430,cart-service,2.98,87.36,868.69,0.0181,1,1,network_latency,cart-service
1791357430,payment-service,1.37,38.57,10.28,0.0015,1,1,network_latency,cart-service
1791357430,productcatalog-service,1.3,62.05,11.14,0.0013,1,1,network_latency,cart-service
1791357430,redis-cart,0.9,32.83,1.43,0.0008,1,1,network_latency,cart-service
1791357433,frontend,2.92,153.73,359.83,0.0237,1,1,network_latency,cart-service
1791357433,cart-service,2.92,95.89,982.53,0.0242,1,1,network_latency,cart-service
1791357433,payment-service,1.76,44.5,10.58,0.0005,1,1,network_latency,cart-service
1791357433,productcatalog-service,1.84,58.2,17.42,0.0012,1,1,network_latency,cart-service
1791357433,redis-cart,0.69,34.15,4.03,0.0013,1,1,network_latency,cart-service
1791357436,frontend,2.88,146.88,369.07,0.0468,1,1,network_latency,cart-service
1791357436,cart-service,2.6,98.05,970.82,0.0179,1,1,network_latency,cart-service
1791357436,payment-service,1.31,46.1,6.78,0.0018,1,1,network_latency,cart-service
1791357436,productcatalog-service,1.81,58.74,14.3,0.0009,1,1,network_latency,cart-service
1791357436,redis-cart,0.86,34.03,3.97,0.0008,1,1,network_latency,cart-service
1791357439,frontend,5.6,138.15,393.59,0.0287,1,1,network_latency,cart-service
1791357439,cart-service,1.59,85.23,1039.05,0.0224,1,1,network_latency,cart-service
1791357439,payment-service,1.1,45.16,9.31,0.001,1,1,network_latency,cart-service
1791357439,productcatalog-service,1.91,61.3,13.85,0.0011,1,1,network_latency,cart-service
1791357439,redis-cart,0.95,31.32,3.45,0.0012,1,1,network_latency,cart-service
1791357442,frontend,3.47,156.17,327.0,0.0389,1,1,network_latency,cart-service
1791357442,cart-service,2.28,91.46,904.56,0.0217,1,1,network_latency,cart-service
1791357442,payment-service,1.08,42.7,10.94,0.0003,1,1,network_latency,cart-service
1791357442,productcatalog-service,1.2,63.01,14.05,0.0011,1,1,network_latency,cart-service
1791357442,redis-cart,0.4,34.39,2.55,0.0009,1,1,network_latency,cart-service
1791357445,frontend,3.11,147.63,427.76,0.0322,1,1,network_latency,cart-service
1791357445,cart-service,1.68,96.48,944.33,0.0154,1,1,network_latency,cart-service
1791357445,payment-service,0.63,40.89,10.04,0.0012,1,1,network_latency,cart-service
1791357445,productcatalog-service,1.41,66.01,13.39,0.0009,1,1,network_latency,cart-service
1791357445,redis-cart,0.91,28.26,3.77,0.0011,1,1,network_latency,cart-service
1791357448,frontend,2.36,144.17,331.77,0.0562,1,1,network_latency,cart-service
1791357448,cart-service,1.98,98.9,904.23,0.0213,1,1,network_latency,cart-service
1791357448,payment-service,1.28,44.02,10.52,0.0014,1,1,network_latency,cart-service
1791357448,productcatalog-service,1.92,68.08,8.66,0.0009,1,1,network_latency,cart-service
1791357448,redis-cart,1.11,31.9,1.42,0.0007,1,1,network_latency,cart-service
1791357451,frontend,3.89,142.8,330.69,0.0261,1,1,network_latency,cart-service
1791357451,cart-service,2.59,93.71,874.69,0.0224,1,1,network_latency,cart-service
1791357451,payment-service,1.27,45.75,8.68,0.001,1,1,network_latency,cart-service
1791357451,productcatalog-service,2.23,54.4,17.13,0.0012,1,1,network_latency,cart-service
1791357451,redis-cart,0.49,31.48,3.08,0.0007,1,1,network_latency,cart-service
1791357496,frontend,2.83,137.99,25.41,0.0005,1,1,memory_leak,payment-service
1791357496,cart-service,2.81,94.34,14.49,0.0012,1,1,memory_leak,payment-service
1791357496,payment-service,4.33,195.29,20.22,0.0157,1,1,memory_leak,payment-service
1791357496,productcatalog-service,1.9,65.89,14.2,0.0008,1,1,memory_leak,payment-service
1791357496,redis-cart,0.95,30.35,4.08,0.0006,1,1,memory_leak,payment-service
1791357499,frontend,2.86,138.38,21.61,0.0009,1,1,memory_leak,payment-service
1791357499,cart-service,1.92,87.08,15.35,0.0006,1,1,memory_leak,payment-service
1791357499,payment-service,4.77,225.3,19.92,0.0157,1,1,memory_leak,payment-service
1791357499,productcatalog-service,2.35,59.49,9.9,0.0013,1,1,memory_leak,payment-service
1791357499,redis-cart,0.88,32.47,5.09,0.0016,1,1,memory_leak,payment-service
1791357502,frontend,3.28,142.12,21.86,0.0004,1,1,memory_leak,payment-service
1791357502,cart-service,2.93,93.0,18.4,0.0014,1,1,memory_leak,payment-service
1791357502,payment-service,3.2,234.45,16.66,0.0174,1,1,memory_leak,payment-service
1791357502,productcatalog-service,2.07,57.66,12.76,0.0,1,1,memory_leak,payment-service
1791357502,redis-cart,1.08,33.53,3.86,0.0003,1,1,memory_leak,payment-service
1791357505,frontend,4.72,136.41,23.22,0.0012,1,1,memory_leak,payment-service
1791357505,cart-service,2.92,101.74,17.79,0.0013,1,1,memory_leak,payment-service
1791357505,payment-service,4.72,255.4,20.01,0.0137,1,1,memory_leak,payment-service
1791357505,productcatalog-service,1.34,61.46,14.21,0.0004,1,1,memory_leak,payment-service
1791357505,redis-cart,0.94,32.69,3.91,0.0009,1,1,memory_leak,payment-service
1791357508,frontend,2.84,135.58,21.7,0.0012,1,1,memory_leak,payment-service
1791357508,cart-service,3.04,92.54,13.69,0.0015,1,1,memory_leak,payment-service
1791357508,payment-service,4.62,272.14,22.06,0.0158,1,1,memory_leak,payment-service
1791357508,productcatalog-service,2.4,64.98,12.91,0.0012,1,1,memory_leak,payment-service
1791357508,redis-cart,0.79,32.23,3.96,0.0009,1,1,memory_leak,payment-service
1791357511,frontend,3.65,140.47,29.2,0.0003,1,1,memory_leak,payment-service
1791357511,cart-service,2.81,104.09,17.19,0.0006,1,1,memory_leak,payment-service
1791357511,payment-service,3.03,301.76,16.24,0.0155,1,1,memory_leak,payment-service
1791357511,productcatalog-service,1.62,66.58,14.97,0.0012,1,1,memory_leak,payment-service
1791357511,redis-cart,1.33,35.66,3.63,0.0014,1,1,memory_leak,payment-service
1791357514,frontend,4.18,142.23,27.94,0.0009,1,1,memory_leak,payment-service
1791357514,cart-service,1.95,96.05,11.71,0.0012,1,1,memory_leak,payment-service
1791357514,payment-service,4.32,312.78,19.69,0.0062,1,1,memory_leak,payment-service
1791357514,productcatalog-service,1.42,62.81,15.43,0.0011,1,1,memory_leak,payment-service
1791357514,redis-cart,1.29,32.99,2.97,0.001,1,1,memory_leak,payment-service
1791357517,frontend,2.94,144.8,19.52,0.0019,1,1,memory_leak,payment-service
1791357517,cart-service,1.44,97.81,16.19,0.0003,1,1,memory_leak,payment-service
1791357517,payment-service,4.65,341.99,20.63,0.0072,1,1,memory_leak,payment-service
1791357517,productcatalog-service,1.86,61.4,14.15,0.0011,1,1,memory_leak,payment-service
1791357517,redis-cart,1.03,33.0,3.77,0.0014,1,1,memory_leak,payment-service
1791357520,frontend,3.7,138.58,24.65,0.0009,1,1,memory_leak,payment-service
1791357520,cart-service,2.51,106.62,22.28,0.0011,1,1,memory_leak,payment-service
1791357520,payment-service,4.79,351.08,26.86,0.0105,1,1,memory_leak,payment-service
1791357520,productcatalog-service,1.72,62.62,14.78,0.0012,1,1,memory_leak,payment-service
1791357520,redis-cart,0.72,31.98,3.4,0.0017,1,1,memory_leak,payment-service
1791357523,frontend,5.63,142.18,20.65,0.001,1,1,memory_leak,payment-service
1791357523,cart-service,2.81,95.19,18.38,0.0008,1,1,memory_leak,payment-service
1791357523,payment-service,3.47,373.09,24.14,0.0105,1,1,memory_leak,payment-service
1791357523,productcatalog-service,1.94,64.9,14.14,0.0017,1,1,memory_leak,payment-service
1791357523,redis-cart,1.04,31.11,4.53,0.0005,1,1,memory_leak,payment-service
1791357568,frontend,4.65,145.85,193.47,0.2571,1,1,packet_loss,productcatalog-service
1791357568,cart-service,1.47,95.38,24.51,0.0006,1,1,packet_loss,productcatalog-service
1791357568,payment-service,1.38,41.07,14.17,0.0013,1,1,packet_loss,productcatalog-service
1791357568,productcatalog-service,2.55,61.86,199.04,0.5072,1,1,packet_loss,productcatalog-service
1791357568,redis-cart,0.76,31.55,3.62,0.0008,1,1,packet_loss,productcatalog-service
1791357571,frontend,4.57,149.06,188.05,0.2919,1,1,packet_loss,productcatalog-service
1791357571,cart-service,1.48,96.51,15.44,0.0014,1,1,packet_loss,productcatalog-service
1791357571,payment-service,1.72,47.0,12.42,0.0009,1,1,packet_loss,productcatalog-service
1791357571,productcatalog-service,1.99,64.02,186.66,0.7089,1,1,packet_loss,productcatalog-service
1791357571,redis-cart,1.06,32.9,3.35,0.0006,1,1,packet_loss,productcatalog-service
1791357574,frontend,3.36,140.93,208.57,0.2566,1,1,packet_loss,productcatalog-service
1791357574,cart-service,2.79,94.43,18.68,0.0005,1,1,packet_loss,productcatalog-service
1791357574,payment-service,1.18,45.39,15.94,0.0014,1,1,packet_loss,productcatalog-service
1791357574,productcatalog-service,1.63,65.47,171.0,0.6119,1,1,packet_loss,productcatalog-service
1791357574,redis-cart,0.55,32.14,3.97,0.0011,1,1,packet_loss,productcatalog-service
1791357577,frontend,4.56,148.18,151.8,0.3102,1,1,packet_loss,productcatalog-service
1791357577,cart-service,3.02,92.93,17.75,0.0011,1,1,packet_loss,productcatalog-service
1791357577,payment-service,1.1,45.1,14.54,0.0007,1,1,packet_loss,productcatalog-service
1791357577,productcatalog-service,2.8,69.16,173.56,0.78,1,1,packet_loss,productcatalog-service
1791357577,redis-cart,0.95,31.21,5.01,0.0011,1,1,packet_loss,productcatalog-service
1791357580,frontend,3.72,148.35,176.25,0.2682,1,1,packet_loss,productcatalog-service
1791357580,cart-service,3.16,91.91,19.17,0.0019,1,1,packet_loss,productcatalog-service
1791357580,payment-service,1.63,39.77,14.86,0.0019,1,1,packet_loss,productcatalog-service
1791357580,productcatalog-service,1.91,59.91,187.64,0.5215,1,1,packet_loss,productcatalog-service
1791357580,redis-cart,0.7,31.96,4.81,0.0009,1,1,packet_loss,productcatalog-service
1791357583,frontend,3.87,140.51,201.8,0.1942,1,1,packet_loss,productcatalog-service
1791357583,cart-service,1.8,97.38,18.27,0.0008,1,1,packet_loss,productcatalog-service
1791357583,payment-service,2.85,41.31,8.75,0.0009,1,1,packet_loss,productcatalog-service
1791357583,productcatalog-service,2.44,58.0,197.53,0.5676,1,1,packet_loss,productcatalog-service
1791357583,redis-cart,0.71,32.35,4.63,0.0007,1,1,packet_loss,productcatalog-service
1791357586,frontend,4.49,148.55,208.46,0.3431,1,1,packet_loss,productcatalog-service
1791357586,cart-service,3.06,92.1,20.14,0.0009,1,1,packet_loss,productcatalog-service
1791357586,payment-service,1.23,44.26,14.05,0.0011,1,1,packet_loss,productcatalog-service
1791357586,productcatalog-service,1.41,65.21,203.93,0.6237,1,1,packet_loss,productcatalog-service
1791357586,redis-cart,0.65,34.17,5.2,0.0017,1,1,packet_loss,productcatalog-service
1791357589,frontend,5.17,141.6,186.97,0.266,1,1,packet_loss,productcatalog-service
1791357589,cart-service,2.5,93.14,16.32,0.0006,1,1,packet_loss,productcatalog-service
1791357589,payment-service,1.83,46.96,11.65,0.0005,1,1,packet_loss,productcatalog-service
1791357589,productcatalog-service,2.1,61.16,162.12,0.5347,1,1,packet_loss,productcatalog-service
1791357589,redis-cart,0.93,31.32,4.56,0.0011,1,1,packet_loss,productcatalog-service
1791357592,frontend,6.61,148.97,201.98,0.2966,1,1,packet_loss,productcatalog-service
1791357592,cart-service,2.4,85.85,17.33,0.0002,1,1,packet_loss,productcatalog-service
1791357592,payment-service,1.57,41.69,13.35,0.0014,1,1,packet_loss,productcatalog-service
1791357592,productcatalog-service,2.32,62.97,164.51,0.602,1,1,packet_loss,productcatalog-service
1791357592,redis-cart,1.12,31.56,3.8,0.0015,1,1,packet_loss,productcatalog-service
1791357595,frontend,5.1,154.0,150.41,0.2752,1,1,packet_loss,productcatalog-service
1791357595,cart-service,3.39,88.93,15.55,0.0013,1,1,packet_loss,productcatalog-service
1791357595,payment-service,1.14,44.53,11.78,0.0012,1,1,packet_loss,productcatalog-service
1791357595,productcatalog-service,3.07,60.5,157.05,0.6514,1,1,packet_loss,productcatalog-service
1791357595,redis-cart,0.99,30.2,5.48,0.001,1,1,packet_loss,productcatalog-service
1791357640,frontend,5.89,151.6,237.57,0.3462,1,1,cascade_redis_drop,redis-cart
1791357640,cart-service,4.05,105.3,366.76,0.7944,1,1,cascade_redis_drop,redis-cart
1791357640,payment-service,1.41,48.8,7.82,0.0006,1,1,cascade_redis_drop,redis-cart
1791357640,productcatalog-service,2.29,63.97,16.28,0.0013,1,1,cascade_redis_drop,redis-cart
1791357640,redis-cart,0.0,0.0,0.0,1.0,0,1,cascade_redis_drop,redis-cart
1791357643,frontend,6.34,156.58,220.4,0.4626,1,1,cascade_redis_drop,redis-cart
1791357643,cart-service,4.78,102.81,341.29,0.8088,1,1,cascade_redis_drop,redis-cart
1791357643,payment-service,1.56,43.41,10.28,0.001,1,1,cascade_redis_drop,redis-cart
1791357643,productcatalog-service,2.1,65.43,13.3,0.0009,1,1,cascade_redis_drop,redis-cart
1791357643,redis-cart,0.0,0.0,0.0,1.0,0,1,cascade_redis_drop,redis-cart
1791357646,frontend,7.4,152.77,272.51,0.4101,1,1,cascade_redis_drop,redis-cart
1791357646,cart-service,3.92,103.81,296.39,0.7747,1,1,cascade_redis_drop,redis-cart
1791357646,payment-service,1.46,42.66,10.58,0.001,1,1,cascade_redis_drop,redis-cart
1791357646,productcatalog-service,2.32,67.88,16.67,0.0013,1,1,cascade_redis_drop,redis-cart
1791357646,redis-cart,0.0,0.0,0.0,1.0,0,1,cascade_redis_drop,redis-cart
1791357649,frontend,5.11,160.88,229.24,0.3861,1,1,cascade_redis_drop,redis-cart
1791357649,cart-service,4.93,99.54,398.32,0.7598,1,1,cascade_redis_drop,redis-cart
1791357649,payment-service,1.34,40.87,12.72,0.0013,1,1,cascade_redis_drop,redis-cart
1791357649,productcatalog-service,1.31,61.6,13.68,0.0009,1,1,cascade_redis_drop,redis-cart
1791357649,redis-cart,0.0,0.0,0.0,1.0,0,1,cascade_redis_drop,redis-cart
1791357652,frontend,6.66,158.64,228.52,0.4439,1,1,cascade_redis_drop,redis-cart
1791357652,cart-service,4.27,104.89,382.19,0.8009,1,1,cascade_redis_drop,redis-cart
1791357652,payment-service,1.57,46.7,13.57,0.0007,1,1,cascade_redis_drop,redis-cart
1791357652,productcatalog-service,2.12,66.9,14.57,0.0012,1,1,cascade_redis_drop,redis-cart
1791357652,redis-cart,0.0,0.0,0.0,1.0,0,1,cascade_redis_drop,redis-cart
1791357655,frontend,6.5,153.99,238.48,0.3844,1,1,cascade_redis_drop,redis-cart
1791357655,cart-service,3.68,109.0,342.03,0.7519,1,1,cascade_redis_drop,redis-cart
1791357655,payment-service,1.24,46.89,10.4,0.0009,1,1,cascade_redis_drop,redis-cart
1791357655,productcatalog-service,2.07,66.3,14.7,0.0018,1,1,cascade_redis_drop,redis-cart
1791357655,redis-cart,0.0,0.0,0.0,1.0,0,1,cascade_redis_drop,redis-cart
1791357658,frontend,6.72,157.93,274.73,0.4072,1,1,cascade_redis_drop,redis-cart
1791357658,cart-service,4.55,109.27,350.39,0.8184,1,1,cascade_redis_drop,redis-cart
1791357658,payment-service,1.18,43.46,13.14,0.0008,1,1,cascade_redis_drop,redis-cart
1791357658,productcatalog-service,2.35,62.69,16.35,0.0005,1,1,cascade_redis_drop,redis-cart
1791357658,redis-cart,0.0,0.0,0.0,1.0,0,1,cascade_redis_drop,redis-cart
1791357661,frontend,6.99,166.23,240.99,0.4513,1,1,cascade_redis_drop,redis-cart
1791357661,cart-service,3.43,103.32,289.86,0.7864,1,1,cascade_redis_drop,redis-cart
1791357661,payment-service,1.46,43.81,12.17,0.0007,1,1,cascade_redis_drop,redis-cart
1791357661,productcatalog-service,1.72,66.83,16.01,0.0012,1,1,cascade_redis_drop,redis-cart
1791357661,redis-cart,0.0,0.0,0.0,1.0,0,1,cascade_redis_drop,redis-cart
1791357664,frontend,7.03,154.5,274.63,0.4491,1,1,cascade_redis_drop,redis-cart
1791357664,cart-service,5.41,103.89,254.59,0.7736,1,1,cascade_redis_drop,redis-cart
1791357664,payment-service,1.42,42.81,11.05,0.0003,1,1,cascade_redis_drop,redis-cart
1791357664,productcatalog-service,1.07,57.65,16.32,0.0015,1,1,cascade_redis_drop,redis-cart
1791357664,redis-cart,0.0,0.0,0.0,1.0,0,1,cascade_redis_drop,redis-cart
1791357667,frontend,6.75,159.64,172.56,0.4341,1,1,cascade_redis_drop,redis-cart
1791357667,cart-service,4.59,103.81,298.3,0.8093,1,1,cascade_redis_drop,redis-cart
1791357667,payment-service,1.35,46.6,12.16,0.0,1,1,cascade_redis_drop,redis-cart
1791357667,productcatalog-service,2.56,63.86,16.07,0.0009,1,1,cascade_redis_drop,redis-cart
1791357667,redis-cart,0.0,0.0,0.0,1.0,0,1,cascade_redis_drop,redis-cart
1791357712,frontend,4.9,149.89,143.41,0.4807,1,1,pod_failure,cart-service
1791357712,cart-service,0.0,0.0,0.0,1.0,0,1,pod_failure,cart-service
1791357712,payment-service,0.7,46.28,11.43,0.0001,1,1,pod_failure,cart-service
1791357712,productcatalog-service,1.35,65.24,13.56,0.0007,1,1,pod_failure,cart-service
1791357712,redis-cart,0.65,36.53,3.84,0.0006,1,1,pod_failure,cart-service
1791357715,frontend,4.24,152.73,149.76,0.4192,1,1,pod_failure,cart-service
1791357715,cart-service,0.0,0.0,0.0,1.0,0,1,pod_failure,cart-service
1791357715,payment-service,1.58,49.9,10.31,0.001,1,1,pod_failure,cart-service
1791357715,productcatalog-service,1.82,59.69,15.54,0.0008,1,1,pod_failure,cart-service
1791357715,redis-cart,1.06,30.34,3.11,0.001,1,1,pod_failure,cart-service
1791357718,frontend,3.97,146.82,135.34,0.5064,1,1,pod_failure,cart-service
1791357718,cart-service,0.0,0.0,0.0,1.0,0,1,pod_failure,cart-service
1791357718,payment-service,0.83,49.28,10.8,0.0006,1,1,pod_failure,cart-service
1791357718,productcatalog-service,1.76,67.82,14.31,0.0005,1,1,pod_failure,cart-service
1791357718,redis-cart,0.96,31.06,2.8,0.0006,1,1,pod_failure,cart-service
1791357721,frontend,2.51,145.36,149.8,0.4002,1,1,pod_failure,cart-service
1791357721,cart-service,0.0,0.0,0.0,1.0,0,1,pod_failure,cart-service
1791357721,payment-service,1.32,41.66,8.24,0.0007,1,1,pod_failure,cart-service
1791357721,productcatalog-service,0.99,62.94,12.7,0.0007,1,1,pod_failure,cart-service
1791357721,redis-cart,0.89,31.7,2.16,0.0014,1,1,pod_failure,cart-service
1791357724,frontend,4.45,153.19,139.72,0.4807,1,1,pod_failure,cart-service
1791357724,cart-service,0.0,0.0,0.0,1.0,0,1,pod_failure,cart-service
1791357724,payment-service,0.66,42.07,9.97,0.0011,1,1,pod_failure,cart-service
1791357724,productcatalog-service,1.24,70.18,16.5,0.0012,1,1,pod_failure,cart-service
1791357724,redis-cart,0.84,32.05,3.91,0.001,1,1,pod_failure,cart-service
1791357727,frontend,3.55,154.22,162.5,0.3768,1,1,pod_failure,cart-service
1791357727,cart-service,0.0,0.0,0.0,1.0,0,1,pod_failure,cart-service
1791357727,payment-service,1.54,49.05,11.24,0.0005,1,1,pod_failure,cart-service
1791357727,productcatalog-service,2.23,62.81,9.63,0.0006,1,1,pod_failure,cart-service
1791357727,redis-cart,1.16,37.7,3.23,0.0003,1,1,pod_failure,cart-service
1791357730,frontend,3.45,145.71,139.56,0.4549,1,1,pod_failure,cart-service
1791357730,cart-service,0.0,0.0,0.0,1.0,0,1,pod_failure,cart-service
1791357730,payment-service,0.94,48.38,11.89,0.0014,1,1,pod_failure,cart-service
1791357730,productcatalog-service,1.17,64.26,12.61,0.0008,1,1,pod_failure,cart-service
1791357730,redis-cart,0.98,34.91,4.64,0.0011,1,1,pod_failure,cart-service
1791357733,frontend,4.12,147.96,192.36,0.4411,1,1,pod_failure,cart-service
1791357733,cart-service,0.0,0.0,0.0,1.0,0,1,pod_failure,cart-service
1791357733,payment-service,1.78,48.41,11.77,0.0009,1,1,pod_failure,cart-service
1791357733,productcatalog-service,2.04,61.74,12.18,0.0011,1,1,pod_failure,cart-service
1791357733,redis-cart,1.01,34.95,3.69,0.0004,1,1,pod_failure,cart-service
1791357736,frontend,3.87,151.6,132.18,0.5106,1,1,pod_failure,cart-service
1791357736,cart-service,0.0,0.0,0.0,1.0,0,1,pod_failure,cart-service
1791357736,payment-service,0.66,38.08,11.36,0.0012,1,1,pod_failure,cart-service
1791357736,productcatalog-service,1.73,68.1,12.16,0.0006,1,1,pod_failure,cart-service
1791357736,redis-cart,0.64,31.11,2.4,0.0012,1,1,pod_failure,cart-service
1791357739,frontend,4.03,161.35,133.44,0.5561,1,1,pod_failure,cart-service
1791357739,cart-service,0.0,0.0,0.0,1.0,0,1,pod_failure,cart-service
1791357739,payment-service,1.34,47.2,11.89,0.0011,1,1,pod_failure,cart-service
1791357739,productcatalog-service,2.58,61.75,14.92,0.0015,1,1,pod_failure,cart-service
1791357739,redis-cart,0.87,32.26,4.02,0.0006,1,1,pod_failure,cart-service
1791357784,frontend,2.69,166.0,23.94,0.0,1,1,cpu_stress,payment-service
1791357784,cart-service,2.42,91.74,12.64,0.0007,1,1,cpu_stress,payment-service
1791357784,payment-service,93.09,63.26,43.01,0.0364,1,1,cpu_stress,payment-service
1791357784,productcatalog-service,1.26,64.17,11.3,0.0018,1,1,cpu_stress,payment-service
1791357784,redis-cart,0.86,32.71,2.64,0.0016,1,1,cpu_stress,payment-service
1791357787,frontend,3.58,145.01,27.21,0.0007,1,1,cpu_stress,payment-service
1791357787,cart-service,2.83,98.66,13.9,0.0005,1,1,cpu_stress,payment-service
1791357787,payment-service,95.34,70.9,38.24,0.0338,1,1,cpu_stress,payment-service
1791357787,productcatalog-service,1.72,70.52,13.12,0.0021,1,1,cpu_stress,payment-service
1791357787,redis-cart,0.54,31.07,2.9,0.0019,1,1,cpu_stress,payment-service
1791357790,frontend,1.87,149.54,18.22,0.0001,1,1,cpu_stress,payment-service
1791357790,cart-service,1.58,100.73,14.4,0.001,1,1,cpu_stress,payment-service
1791357790,payment-service,92.82,75.54,38.79,0.0308,1,1,cpu_stress,payment-service
1791357790,productcatalog-service,2.13,67.29,11.89,0.0003,1,1,cpu_stress,payment-service
1791357790,redis-cart,0.58,32.98,3.44,0.0006,1,1,cpu_stress,payment-service
1791357793,frontend,1.96,157.86,21.26,0.0015,1,1,cpu_stress,payment-service
1791357793,cart-service,1.83,101.47,18.59,0.0007,1,1,cpu_stress,payment-service
1791357793,payment-service,90.87,70.53,36.5,0.0281,1,1,cpu_stress,payment-service
1791357793,productcatalog-service,1.41,73.86,11.94,0.0001,1,1,cpu_stress,payment-service
1791357793,redis-cart,0.65,34.98,3.05,0.001,1,1,cpu_stress,payment-service
1791357796,frontend,3.67,153.14,18.87,0.0004,1,1,cpu_stress,payment-service
1791357796,cart-service,2.28,100.7,16.33,0.0005,1,1,cpu_stress,payment-service
1791357796,payment-service,93.05,70.58,43.92,0.0401,1,1,cpu_stress,payment-service
1791357796,productcatalog-service,1.74,65.01,8.05,0.001,1,1,cpu_stress,payment-service
1791357796,redis-cart,0.43,33.36,3.73,0.0009,1,1,cpu_stress,payment-service
1791357799,frontend,4.29,152.74,26.69,0.0006,1,1,cpu_stress,payment-service
1791357799,cart-service,1.25,96.87,14.68,0.0012,1,1,cpu_stress,payment-service
1791357799,payment-service,92.86,69.12,31.89,0.0276,1,1,cpu_stress,payment-service
1791357799,productcatalog-service,1.54,64.55,13.74,0.0015,1,1,cpu_stress,payment-service
1791357799,redis-cart,0.7,34.34,4.16,0.0014,1,1,cpu_stress,payment-service
1791357802,frontend,3.36,145.32,23.32,0.0007,1,1,cpu_stress,payment-service
1791357802,cart-service,1.24,101.87,14.74,0.0009,1,1,cpu_stress,payment-service
1791357802,payment-service,93.32,72.08,38.7,0.0336,1,1,cpu_stress,payment-service
1791357802,productcatalog-service,1.99,62.11,12.13,0.0011,1,1,cpu_stress,payment-service
1791357802,redis-cart,0.91,34.28,4.22,0.0017,1,1,cpu_stress,payment-service
1791357805,frontend,3.44,158.86,18.6,0.0014,1,1,cpu_stress,payment-service
1791357805,cart-service,0.96,97.86,13.79,0.0012,1,1,cpu_stress,payment-service
1791357805,payment-service,91.57,70.99,30.5,0.0463,1,1,cpu_stress,payment-service
1791357805,productcatalog-service,1.56,68.58,11.36,0.0008,1,1,cpu_stress,payment-service
1791357805,redis-cart,0.94,35.81,3.66,0.001,1,1,cpu_stress,payment-service
1791357808,frontend,5.05,143.5,25.45,0.0007,1,1,cpu_stress,payment-service
1791357808,cart-service,0.76,99.24,13.71,0.0006,1,1,cpu_stress,payment-service
1791357808,payment-service,90.56,72.05,30.6,0.0291,1,1,cpu_stress,payment-service
1791357808,productcatalog-service,2.08,60.99,8.01,0.001,1,1,cpu_stress,payment-service
1791357808,redis-cart,0.72,32.17,1.7,0.0003,1,1,cpu_stress,payment-service
1791357811,frontend,3.8,153.01,21.51,0.001,1,1,cpu_stress,payment-service
1791357811,cart-service,0.93,95.98,13.0,0.0011,1,1,cpu_stress,payment-service
1791357811,payment-service,92.52,77.78,39.83,0.0157,1,1,cpu_stress,payment-service
1791357811,productcatalog-service,1.96,67.82,12.39,0.0009,1,1,cpu_stress,payment-service
1791357811,redis-cart,0.81,35.28,3.65,0.0002,1,1,cpu_stress,payment-service
1791357856,frontend,4.01,152.78,384.91,0.0335,1,1,network_latency,productcatalog-service
1791357856,cart-service,2.11,99.73,16.88,0.0011,1,1,network_latency,productcatalog-service
1791357856,payment-service,1.15,45.72,9.44,0.0009,1,1,network_latency,productcatalog-service
1791357856,productcatalog-service,1.75,61.39,891.28,0.0202,1,1,network_latency,productcatalog-service
1791357856,redis-cart,0.95,32.69,3.47,0.0009,1,1,network_latency,productcatalog-service
1791357859,frontend,3.54,153.97,340.67,0.0324,1,1,network_latency,productcatalog-service
1791357859,cart-service,1.82,102.48,13.86,0.0012,1,1,network_latency,productcatalog-service
1791357859,payment-service,1.38,45.68,12.48,0.0003,1,1,network_latency,productcatalog-service
1791357859,productcatalog-service,1.2,65.65,806.27,0.0258,1,1,network_latency,productcatalog-service
1791357859,redis-cart,0.76,34.58,4.37,0.0007,1,1,network_latency,productcatalog-service
1791357862,frontend,4.07,145.07,355.13,0.0264,1,1,network_latency,productcatalog-service
1791357862,cart-service,1.99,101.41,17.55,0.0014,1,1,network_latency,productcatalog-service
1791357862,payment-service,1.49,47.11,15.39,0.0013,1,1,network_latency,productcatalog-service
1791357862,productcatalog-service,2.17,69.75,925.01,0.0258,1,1,network_latency,productcatalog-service
1791357862,redis-cart,0.87,36.54,4.6,0.0012,1,1,network_latency,productcatalog-service
1791357865,frontend,3.23,151.0,307.77,0.054,1,1,network_latency,productcatalog-service
1791357865,cart-service,2.03,101.09,15.3,0.0011,1,1,network_latency,productcatalog-service
1791357865,payment-service,1.52,45.23,11.68,0.001,1,1,network_latency,productcatalog-service
1791357865,productcatalog-service,1.97,60.69,1089.91,0.016,1,1,network_latency,productcatalog-service
1791357865,redis-cart,0.98,35.1,2.92,0.0007,1,1,network_latency,productcatalog-service
1791357868,frontend,3.66,158.83,346.27,0.038,1,1,network_latency,productcatalog-service
1791357868,cart-service,1.87,93.14,9.56,0.0014,1,1,network_latency,productcatalog-service
1791357868,payment-service,1.44,46.34,10.86,0.0005,1,1,network_latency,productcatalog-service
1791357868,productcatalog-service,1.15,64.68,988.5,0.0237,1,1,network_latency,productcatalog-service
1791357868,redis-cart,0.97,33.49,3.27,0.0001,1,1,network_latency,productcatalog-service
1791357871,frontend,4.43,144.68,296.59,0.0293,1,1,network_latency,productcatalog-service
1791357871,cart-service,1.74,97.99,14.43,0.0015,1,1,network_latency,productcatalog-service
1791357871,payment-service,2.07,42.71,9.37,0.0005,1,1,network_latency,productcatalog-service
1791357871,productcatalog-service,2.04,63.13,821.9,0.0174,1,1,network_latency,productcatalog-service
1791357871,redis-cart,1.11,36.68,3.46,0.0007,1,1,network_latency,productcatalog-service
1791357874,frontend,4.04,162.18,354.86,0.0362,1,1,network_latency,productcatalog-service
1791357874,cart-service,1.9,98.01,13.97,0.0007,1,1,network_latency,productcatalog-service
1791357874,payment-service,1.77,44.4,12.15,0.0011,1,1,network_latency,productcatalog-service
1791357874,productcatalog-service,1.98,64.46,969.52,0.0087,1,1,network_latency,productcatalog-service
1791357874,redis-cart,1.03,34.56,2.48,0.0011,1,1,network_latency,productcatalog-service
1791357877,frontend,3.39,149.94,336.55,0.0331,1,1,network_latency,productcatalog-service
1791357877,cart-service,1.86,94.68,13.45,0.0008,1,1,network_latency,productcatalog-service
1791357877,payment-service,1.47,48.29,12.04,0.0,1,1,network_latency,productcatalog-service
1791357877,productcatalog-service,1.99,68.64,880.6,0.0216,1,1,network_latency,productcatalog-service
1791357877,redis-cart,0.96,33.1,3.83,0.0002,1,1,network_latency,productcatalog-service
1791357880,frontend,3.54,151.95,320.0,0.0401,1,1,network_latency,productcatalog-service
1791357880,cart-service,2.29,94.61,14.29,0.001,1,1,network_latency,productcatalog-service
1791357880,payment-service,1.43,44.96,11.3,0.0009,1,1,network_latency,productcatalog-service
1791357880,productcatalog-service,2.99,66.88,864.03,0.0112,1,1,network_latency,productcatalog-service
1791357880,redis-cart,0.79,31.3,4.61,0.0002,1,1,network_latency,productcatalog-service
1791357883,frontend,4.71,138.04,348.23,0.0286,1,1,network_latency,productcatalog-service
1791357883,cart-service,2.29,97.67,16.72,0.0017,1,1,network_latency,productcatalog-service
1791357883,payment-service,2.01,46.64,13.64,0.0014,1,1,network_latency,productcatalog-service
1791357883,productcatalog-service,1.84,60.69,888.49,0.0251,1,1,network_latency,productcatalog-service
1791357883,redis-cart,0.96,31.99,3.92,0.0013,1,1,network_latency,productcatalog-service
1791357928,frontend,3.56,147.05,29.9,0.0012,1,1,memory_leak,redis-cart
1791357928,cart-service,2.24,100.14,20.26,0.0019,1,1,memory_leak,redis-cart
1791357928,payment-service,1.88,41.49,11.06,0.001,1,1,memory_leak,redis-cart
1791357928,productcatalog-service,2.26,62.35,12.37,0.0011,1,1,memory_leak,redis-cart
1791357928,redis-cart,4.48,191.95,9.33,0.017,1,1,memory_leak,redis-cart
1791357931,frontend,5.1,149.61,33.14,0.0007,1,1,memory_leak,redis-cart
1791357931,cart-service,1.71,95.84,13.31,0.001,1,1,memory_leak,redis-cart
1791357931,payment-service,1.41,48.29,15.03,0.0012,1,1,memory_leak,redis-cart
1791357931,productcatalog-service,2.29,63.03,12.6,0.0007,1,1,memory_leak,redis-cart
1791357931,redis-cart,4.65,219.55,7.92,0.0143,1,1,memory_leak,redis-cart
1791357934,frontend,4.7,146.85,24.96,0.0011,1,1,memory_leak,redis-cart
1791357934,cart-service,1.97,92.33,21.49,0.0013,1,1,memory_leak,redis-cart
1791357934,payment-service,1.61,47.56,9.63,0.0011,1,1,memory_leak,redis-cart
1791357934,productcatalog-service,1.38,62.41,13.56,0.0008,1,1,memory_leak,redis-cart
1791357934,redis-cart,3.67,232.19,5.39,0.01,1,1,memory_leak,redis-cart
1791357937,frontend,3.97,141.61,25.16,0.0006,1,1,memory_leak,redis-cart
1791357937,cart-service,2.64,94.31,18.71,0.0009,1,1,memory_leak,redis-cart
1791357937,payment-service,0.92,39.66,13.99,0.0012,1,1,memory_leak,redis-cart
1791357937,productcatalog-service,1.22,64.76,14.65,0.0017,1,1,memory_leak,redis-cart
1791357937,redis-cart,4.37,243.17,8.43,0.02,1,1,memory_leak,redis-cart
1791357940,frontend,4.79,153.02,21.28,0.0009,1,1,memory_leak,redis-cart
1791357940,cart-service,2.56,104.89,22.79,0.001,1,1,memory_leak,redis-cart
1791357940,payment-service,1.4,42.26,14.56,0.0013,1,1,memory_leak,redis-cart
1791357940,productcatalog-service,2.03,64.93,14.62,0.0011,1,1,memory_leak,redis-cart
1791357940,redis-cart,3.37,267.69,8.74,0.0091,1,1,memory_leak,redis-cart
1791357943,frontend,4.76,150.83,27.05,0.0009,1,1,memory_leak,redis-cart
1791357943,cart-service,2.17,87.5,19.06,0.0007,1,1,memory_leak,redis-cart
1791357943,payment-service,1.12,43.83,13.0,0.0014,1,1,memory_leak,redis-cart
1791357943,productcatalog-service,2.89,63.79,16.32,0.001,1,1,memory_leak,redis-cart
1791357943,redis-cart,3.65,289.66,5.44,0.0062,1,1,memory_leak,redis-cart
1791357946,frontend,4.77,151.12,27.3,0.0011,1,1,memory_leak,redis-cart
1791357946,cart-service,1.81,96.82,17.58,0.0007,1,1,memory_leak,redis-cart
1791357946,payment-service,1.75,49.28,11.56,0.0006,1,1,memory_leak,redis-cart
1791357946,productcatalog-service,2.12,63.92,17.16,0.0011,1,1,memory_leak,redis-cart
1791357946,redis-cart,3.41,294.57,8.55,0.0076,1,1,memory_leak,redis-cart
1791357949,frontend,3.47,156.75,32.66,0.0009,1,1,memory_leak,redis-cart
1791357949,cart-service,2.47,100.3,16.27,0.0017,1,1,memory_leak,redis-cart
1791357949,payment-service,1.18,45.15,13.19,0.0009,1,1,memory_leak,redis-cart
1791357949,productcatalog-service,1.83,62.38,19.38,0.0009,1,1,memory_leak,redis-cart
1791357949,redis-cart,2.81,324.27,7.82,0.0186,1,1,memory_leak,redis-cart
1791357952,frontend,3.0,146.4,21.4,0.0006,1,1,memory_leak,redis-cart
1791357952,cart-service,1.59,91.8,18.78,0.001,1,1,memory_leak,redis-cart
1791357952,payment-service,2.1,45.62,11.16,0.0011,1,1,memory_leak,redis-cart
1791357952,productcatalog-service,2.18,67.75,16.46,0.001,1,1,memory_leak,redis-cart
1791357952,redis-cart,4.61,344.16,10.14,0.011,1,1,memory_leak,redis-cart
1791357955,frontend,6.28,152.6,30.63,0.0012,1,1,memory_leak,redis-cart
1791357955,cart-service,2.36,94.37,19.68,0.001,1,1,memory_leak,redis-cart
1791357955,payment-service,1.11,43.91,13.7,0.0014,1,1,memory_leak,redis-cart
1791357955,productcatalog-service,2.0,66.92,16.87,0.0013,1,1,memory_leak,redis-cart
1791357955,redis-cart,2.85,368.78,12.98,0.0147,1,1,memory_leak,redis-cart
1791358000,frontend,4.19,135.58,168.76,0.6469,1,1,packet_loss,frontend
1791358000,cart-service,2.21,97.06,18.62,0.0009,1,1,packet_loss,frontend
1791358000,payment-service,1.71,45.15,14.83,0.0007,1,1,packet_loss,frontend
1791358000,productcatalog-service,1.92,62.38,15.04,0.0009,1,1,packet_loss,frontend
1791358000,redis-cart,1.09,32.54,3.44,0.0013,1,1,packet_loss,frontend
1791358003,frontend,2.31,133.07,190.41,0.5767,1,1,packet_loss,frontend
1791358003,cart-service,3.58,92.06,19.32,0.001,1,1,packet_loss,frontend
1791358003,payment-service,1.27,45.08,8.79,0.0012,1,1,packet_loss,frontend
1791358003,productcatalog-service,1.47,61.98,14.77,0.0008,1,1,packet_loss,frontend
1791358003,redis-cart,1.2,33.53,4.24,0.0006,1,1,packet_loss,frontend
1791358006,frontend,2.96,147.08,178.56,0.6305,1,1,packet_loss,frontend
1791358006,cart-service,2.56,97.81,14.48,0.001,1,1,packet_loss,frontend
1791358006,payment-service,2.41,42.44,13.95,0.0009,1,1,packet_loss,frontend
1791358006,productcatalog-service,2.19,62.63,15.47,0.0003,1,1,packet_loss,frontend
1791358006,redis-cart,0.68,32.63,4.79,0.001,1,1,packet_loss,frontend
1791358009,frontend,3.57,143.5,146.3,0.5981,1,1,packet_loss,frontend
1791358009,cart-service,2.46,95.24,11.35,0.001,1,1,packet_loss,frontend
1791358009,payment-service,2.36,43.11,14.7,0.0009,1,1,packet_loss,frontend
1791358009,productcatalog-service,1.86,62.08,12.96,0.0009,1,1,packet_loss,frontend
1791358009,redis-cart,0.81,32.48,4.4,0.0008,1,1,packet_loss,frontend
1791358012,frontend,3.78,142.44,178.07,0.532,1,1,packet_loss,frontend
1791358012,cart-service,1.65,92.11,16.0,0.001,1,1,packet_loss,frontend
1791358012,payment-service,1.26,43.71,12.14,0.0012,1,1,packet_loss,frontend
1791358012,productcatalog-service,1.55,69.09,13.39,0.0011,1,1,packet_loss,frontend
1791358012,redis-cart,1.24,31.68,4.43,0.0013,1,1,packet_loss,frontend
1791358015,frontend,2.84,150.78,177.08,0.6074,1,1,packet_loss,frontend
1791358015,cart-service,2.1,102.34,18.15,0.0007,1,1,packet_loss,frontend
1791358015,payment-service,1.22,46.77,13.11,0.0008,1,1,packet_loss,frontend
1791358015,productcatalog-service,1.22,64.26,13.84,0.0006,1,1,packet_loss,frontend
1791358015,redis-cart,0.93,30.61,3.37,0.0014,1,1,packet_loss,frontend
1791358018,frontend,3.59,139.1,205.35,0.5522,1,1,packet_loss,frontend
1791358018,cart-service,2.78,88.68,17.01,0.0014,1,1,packet_loss,frontend
1791358018,payment-service,1.35,42.68,10.4,0.0002,1,1,packet_loss,frontend
1791358018,productcatalog-service,2.01,65.26,17.19,0.0008,1,1,packet_loss,frontend
1791358018,redis-cart,1.06,35.48,3.12,0.0011,1,1,packet_loss,frontend
1791358021,frontend,4.5,137.26,214.18,0.6418,1,1,packet_loss,frontend
1791358021,cart-service,2.89,88.95,13.81,0.0006,1,1,packet_loss,frontend
1791358021,payment-service,1.05,41.0,13.06,0.001,1,1,packet_loss,frontend
1791358021,productcatalog-service,2.15,59.0,12.9,0.0007,1,1,packet_loss,frontend
1791358021,redis-cart,0.8,33.48,4.01,0.0011,1,1,packet_loss,frontend
1791358024,frontend,3.53,151.69,135.95,0.6071,1,1,packet_loss,frontend
1791358024,cart-service,2.82,101.21,13.97,0.0008,1,1,packet_loss,frontend
1791358024,payment-service,1.4,38.26,13.76,0.0011,1,1,packet_loss,frontend
1791358024,productcatalog-service,1.98,69.22,16.15,0.001,1,1,packet_loss,frontend
1791358024,redis-cart,0.87,32.14,4.48,0.0014,1,1,packet_loss,frontend
1791358027,frontend,2.99,147.96,131.7,0.5867,1,1,packet_loss,frontend
1791358027,cart-service,2.42,93.57,15.85,0.0013,1,1,packet_loss,frontend
1791358027,payment-service,1.82,44.31,10.14,0.0002,1,1,packet_loss,frontend
1791358027,productcatalog-service,1.62,60.13,13.81,0.0006,1,1,packet_loss,frontend
1791358027,redis-cart,0.72,27.2,4.83,0.002,1,1,packet_loss,frontend
1791358072,frontend,6.08,156.62,236.28,0.4158,1,1,cascade_redis_drop,redis-cart
1791358072,cart-service,5.63,98.49,244.95,0.792,1,1,cascade_redis_drop,redis-cart
1791358072,payment-service,1.74,42.2,12.59,0.0014,1,1,cascade_redis_drop,redis-cart
1791358072,productcatalog-service,1.47,63.71,12.31,0.0014,1,1,cascade_redis_drop,redis-cart
1791358072,redis-cart,0.0,0.0,0.0,1.0,0,1,cascade_redis_drop,redis-cart
1791358075,frontend,5.48,160.01,231.05,0.3697,1,1,cascade_redis_drop,redis-cart
1791358075,cart-service,4.29,105.63,378.69,0.774,1,1,cascade_redis_drop,redis-cart
1791358075,payment-service,1.89,43.24,9.56,0.0009,1,1,cascade_redis_drop,redis-cart
1791358075,productcatalog-service,1.37,60.5,17.08,0.0013,1,1,cascade_redis_drop,redis-cart
1791358075,redis-cart,0.0,0.0,0.0,1.0,0,1,cascade_redis_drop,redis-cart
1791358078,frontend,6.29,152.54,230.73,0.3991,1,1,cascade_redis_drop,redis-cart
1791358078,cart-service,4.38,98.42,351.1,0.7186,1,1,cascade_redis_drop,redis-cart
1791358078,payment-service,1.38,43.88,9.85,0.0008,1,1,cascade_redis_drop,redis-cart
1791358078,productcatalog-service,2.26,62.35,12.79,0.0011,1,1,cascade_redis_drop,redis-cart
1791358078,redis-cart,0.0,0.0,0.0,1.0,0,1,cascade_redis_drop,redis-cart
1791358081,frontend,6.86,154.74,234.87,0.4679,1,1,cascade_redis_drop,redis-cart
1791358081,cart-service,4.79,103.89,314.38,0.7521,1,1,cascade_redis_drop,redis-cart
1791358081,payment-service,1.37,44.23,10.54,0.0002,1,1,cascade_redis_drop,redis-cart
1791358081,productcatalog-service,1.7,61.82,13.54,0.0008,1,1,cascade_redis_drop,redis-cart
1791358081,redis-cart,0.0,0.0,0.0,1.0,0,1,cascade_redis_drop,redis-cart
1791358084,frontend,5.31,162.15,220.4,0.418,1,1,cascade_redis_drop,redis-cart
1791358084,cart-service,3.42,98.54,379.22,0.8007,1,1,cascade_redis_drop,redis-cart
1791358084,payment-service,1.21,41.71,13.04,0.0007,1,1,cascade_redis_drop,redis-cart
1791358084,productcatalog-service,1.88,60.66,14.89,0.0008,1,1,cascade_redis_drop,redis-cart
1791358084,redis-cart,0.0,0.0,0.0,1.0,0,1,cascade_redis_drop,redis-cart
1791358087,frontend,5.52,153.2,207.23,0.4214,1,1,cascade_redis_drop,redis-cart
1791358087,cart-service,3.21,98.9,286.37,0.7739,1,1,cascade_redis_drop,redis-cart
1791358087,payment-service,1.24,43.66,12.03,0.001,1,1,cascade_redis_drop,redis-cart
1791358087,productcatalog-service,1.86,62.87,12.23,0.0007,1,1,cascade_redis_drop,redis-cart
1791358087,redis-cart,0.0,0.0,0.0,1.0,0,1,cascade_redis_drop,redis-cart
1791358090,frontend,6.45,150.3,172.75,0.4999,1,1,cascade_redis_drop,redis-cart
1791358090,cart-service,4.4,94.77,323.79,0.8228,1,1,cascade_redis_drop,redis-cart
1791358090,payment-service,2.13,41.54,11.27,0.0011,1,1,cascade_redis_drop,redis-cart
1791358090,productcatalog-service,1.7,65.17,18.35,0.0007,1,1,cascade_redis_drop,redis-cart
1791358090,redis-cart,0.0,0.0,0.0,1.0,0,1,cascade_redis_drop,redis-cart
1791358093,frontend,5.54,153.52,230.79,0.3868,1,1,cascade_redis_drop,redis-cart
1791358093,cart-service,4.44,95.68,355.58,0.8766,1,1,cascade_redis_drop,redis-cart
1791358093,payment-service,0.99,44.49,9.6,0.0006,1,1,cascade_redis_drop,redis-cart
1791358093,productcatalog-service,1.32,53.5,17.03,0.0009,1,1,cascade_redis_drop,redis-cart
1791358093,redis-cart,0.0,0.0,0.0,1.0,0,1,cascade_redis_drop,redis-cart
1791358096,frontend,4.61,151.04,225.36,0.4236,1,1,cascade_redis_drop,redis-cart
1791358096,cart-service,4.44,94.38,391.69,0.757,1,1,cascade_redis_drop,redis-cart
1791358096,payment-service,1.18,45.59,13.96,0.0013,1,1,cascade_redis_drop,redis-cart
1791358096,productcatalog-service,1.77,56.44,15.61,0.0016,1,1,cascade_redis_drop,redis-cart
1791358096,redis-cart,0.0,0.0,0.0,1.0,0,1,cascade_redis_drop,redis-cart
1791358099,frontend,5.37,145.4,237.4,0.4295,1,1,cascade_redis_drop,redis-cart
1791358099,cart-service,4.95,93.12,295.22,0.8678,1,1,cascade_redis_drop,redis-cart
1791358099,payment-service,1.09,45.13,8.28,0.0,1,1,cascade_redis_drop,redis-cart
1791358099,productcatalog-service,2.35,59.34,13.87,0.0012,1,1,cascade_redis_drop,redis-cart
1791358099,redis-cart,0.0,0.0,0.0,1.0,0,1,cascade_redis_drop,redis-cart
1791358144,frontend,3.67,145.8,128.2,0.3359,1,1,pod_failure,productcatalog-service
1791358144,cart-service,1.95,99.39,14.07,0.0015,1,1,pod_failure,productcatalog-service
1791358144,payment-service,1.42,44.42,6.79,0.0018,1,1,pod_failure,productcatalog-service
1791358144,productcatalog-service,0.0,0.0,0.0,1.0,0,1,pod_failure,productcatalog-service
1791358144,redis-cart,0.76,27.05,2.45,0.0004,1,1,pod_failure,productcatalog-service
1791358147,frontend,3.31,145.71,135.13,0.4192,1,1,pod_failure,productcatalog-service
1791358147,cart-service,2.66,92.61,12.41,0.0012,1,1,pod_failure,productcatalog-service
1791358147,payment-service,1.04,38.98,9.09,0.0013,1,1,pod_failure,productcatalog-service
1791358147,productcatalog-service,0.0,0.0,0.0,1.0,0,1,pod_failure,productcatalog-service
1791358147,redis-cart,0.86,31.69,3.46,0.0014,1,1,pod_failure,productcatalog-service
1791358150,frontend,2.86,141.31,147.32,0.3966,1,1,pod_failure,productcatalog-service
1791358150,cart-service,1.96,94.9,14.48,0.0009,1,1,pod_failure,productcatalog-service
1791358150,payment-service,1.35,36.71,10.75,0.0018,1,1,pod_failure,productcatalog-service
1791358150,productcatalog-service,0.0,0.0,0.0,1.0,0,1,pod_failure,productcatalog-service
1791358150,redis-cart,1.12,32.18,2.62,0.0008,1,1,pod_failure,productcatalog-service
1791358153,frontend,3.38,138.51,128.9,0.4412,1,1,pod_failure,productcatalog-service
1791358153,cart-service,2.3,90.87,12.59,0.0011,1,1,pod_failure,productcatalog-service
1791358153,payment-service,0.87,46.93,10.0,0.0004,1,1,pod_failure,productcatalog-service
1791358153,productcatalog-service,0.0,0.0,0.0,1.0,0,1,pod_failure,productcatalog-service
1791358153,redis-cart,0.85,31.53,2.02,0.0009,1,1,pod_failure,productcatalog-service
1791358156,frontend,3.11,152.63,121.89,0.469,1,1,pod_failure,productcatalog-service
1791358156,cart-service,2.42,94.19,15.04,0.0015,1,1,pod_failure,productcatalog-service
1791358156,payment-service,1.99,47.59,9.93,0.0011,1,1,pod_failure,productcatalog-service
1791358156,productcatalog-service,0.0,0.0,0.0,1.0,0,1,pod_failure,productcatalog-service
1791358156,redis-cart,0.86,30.69,2.91,0.0013,1,1,pod_failure,productcatalog-service
1791358159,frontend,2.41,148.02,139.64,0.3927,1,1,pod_failure,productcatalog-service
1791358159,cart-service,1.53,86.66,12.64,0.0011,1,1,pod_failure,productcatalog-service
1791358159,payment-service,1.18,46.45,8.38,0.0013,1,1,pod_failure,productcatalog-service
1791358159,productcatalog-service,0.0,0.0,0.0,1.0,0,1,pod_failure,productcatalog-service
1791358159,redis-cart,0.68,34.23,3.76,0.0009,1,1,pod_failure,productcatalog-service
1791358162,frontend,4.04,146.36,154.77,0.5593,1,1,pod_failure,productcatalog-service
1791358162,cart-service,2.16,93.72,18.81,0.0013,1,1,pod_failure,productcatalog-service
1791358162,payment-service,1.69,44.83,8.38,0.0008,1,1,pod_failure,productcatalog-service
1791358162,productcatalog-service,0.0,0.0,0.0,1.0,0,1,pod_failure,productcatalog-service
1791358162,redis-cart,0.84,34.56,4.51,0.0008,1,1,pod_failure,productcatalog-service
1791358165,frontend,4.64,149.95,115.01,0.3839,1,1,pod_failure,productcatalog-service
1791358165,cart-service,1.95,87.47,14.94,0.0006,1,1,pod_failure,productcatalog-service
1791358165,payment-service,1.78,43.8,10.21,0.0012,1,1,pod_failure,productcatalog-service
1791358165,productcatalog-service,0.0,0.0,0.0,1.0,0,1,pod_failure,productcatalog-service
1791358165,redis-cart,0.73,32.52,4.31,0.0005,1,1,pod_failure,productcatalog-service
1791358168,frontend,4.25,141.61,126.01,0.4723,1,1,pod_failure,productcatalog-service
1791358168,cart-service,2.08,87.25,14.77,0.001,1,1,pod_failure,productcatalog-service
1791358168,payment-service,1.34,45.72,6.79,0.0012,1,1,pod_failure,productcatalog-service
1791358168,productcatalog-service,0.0,0.0,0.0,1.0,0,1,pod_failure,productcatalog-service
1791358168,redis-cart,0.4,30.15,3.07,0.0009,1,1,pod_failure,productcatalog-service
1791358171,frontend,3.18,150.46,142.64,0.4231,1,1,pod_failure,productcatalog-service
1791358171,cart-service,2.39,88.07,10.44,0.0016,1,1,pod_failure,productcatalog-service
1791358171,payment-service,1.82,44.38,10.09,0.0019,1,1,pod_failure,productcatalog-service
1791358171,productcatalog-service,0.0,0.0,0.0,1.0,0,1,pod_failure,productcatalog-service
1791358171,redis-cart,0.7,29.95,4.18,0.0006,1,1,pod_failure,productcatalog-service
1791358216,frontend,3.33,158.49,21.97,0.0011,1,1,cpu_stress,redis-cart
1791358216,cart-service,2.41,99.15,17.6,0.0015,1,1,cpu_stress,redis-cart
1791358216,payment-service,1.79,43.46,7.49,0.0012,1,1,cpu_stress,redis-cart
1791358216,productcatalog-service,1.78,61.02,15.81,0.0011,1,1,cpu_stress,redis-cart
1791358216,redis-cart,96.42,59.0,24.71,0.0296,1,1,cpu_stress,redis-cart
1791358219,frontend,3.73,152.6,26.68,0.0013,1,1,cpu_stress,redis-cart
1791358219,cart-service,1.98,97.85,16.67,0.001,1,1,cpu_stress,redis-cart
1791358219,payment-service,1.4,45.74,13.32,0.0015,1,1,cpu_stress,redis-cart
1791358219,productcatalog-service,1.84,62.2,11.18,0.0014,1,1,cpu_stress,redis-cart
1791358219,redis-cart,96.43,58.27,10.65,0.0387,1,1,cpu_stress,redis-cart
1791358222,frontend,2.11,146.12,20.59,0.0011,1,1,cpu_stress,redis-cart
1791358222,cart-service,2.36,94.05,14.3,0.0014,1,1,cpu_stress,redis-cart
1791358222,payment-service,2.02,43.98,11.24,0.0007,1,1,cpu_stress,redis-cart
1791358222,productcatalog-service,1.62,61.3,14.1,0.0011,1,1,cpu_stress,redis-cart
1791358222,redis-cart,93.74,61.7,8.84,0.0328,1,1,cpu_stress,redis-cart
1791358225,frontend,5.0,146.54,23.15,0.0022,1,1,cpu_stress,redis-cart
1791358225,cart-service,2.51,96.85,12.72,0.001,1,1,cpu_stress,redis-cart
1791358225,payment-service,0.83,46.46,9.76,0.0002,1,1,cpu_stress,redis-cart
1791358225,productcatalog-service,0.94,61.99,11.9,0.001,1,1,cpu_stress,redis-cart
1791358225,redis-cart,90.64,59.81,14.84,0.0344,1,1,cpu_stress,redis-cart
1791358228,frontend,3.83,146.44,21.4,0.0013,1,1,cpu_stress,redis-cart
1791358228,cart-service,1.69,100.69,13.06,0.0014,1,1,cpu_stress,redis-cart
1791358228,payment-service,1.06,41.76,7.56,0.0007,1,1,cpu_stress,redis-cart
1791358228,productcatalog-service,1.96,63.91,10.19,0.0004,1,1,cpu_stress,redis-cart
1791358228,redis-cart,93.54,59.51,14.93,0.0268,1,1,cpu_stress,redis-cart
1791358231,frontend,4.24,142.84,19.3,0.0005,1,1,cpu_stress,redis-cart
1791358231,cart-service,2.43,96.1,17.11,0.0013,1,1,cpu_stress,redis-cart
1791358231,payment-service,1.37,41.41,9.66,0.0015,1,1,cpu_stress,redis-cart
1791358231,productcatalog-service,1.04,65.11,8.89,0.0012,1,1,cpu_stress,redis-cart
1791358231,redis-cart,93.97,56.31,15.74,0.033,1,1,cpu_stress,redis-cart
1791358234,frontend,4.89,146.64,23.32,0.0014,1,1,cpu_stress,redis-cart
1791358234,cart-service,2.02,89.52,15.72,0.0004,1,1,cpu_stress,redis-cart
1791358234,payment-service,0.88,41.65,8.2,0.001,1,1,cpu_stress,redis-cart
1791358234,productcatalog-service,1.38,61.04,12.19,0.0007,1,1,cpu_stress,redis-cart
1791358234,redis-cart,96.83,49.75,18.31,0.0344,1,1,cpu_stress,redis-cart
1791358237,frontend,3.27,138.58,22.18,0.0013,1,1,cpu_stress,redis-cart
1791358237,cart-service,1.83,86.09,14.07,0.0008,1,1,cpu_stress,redis-cart
1791358237,payment-service,1.05,46.66,10.79,0.0024,1,1,cpu_stress,redis-cart
1791358237,productcatalog-service,2.32,63.65,12.76,0.0008,1,1,cpu_stress,redis-cart
1791358237,redis-cart,91.49,52.43,9.09,0.0327,1,1,cpu_stress,redis-cart
1791358240,frontend,3.56,142.51,28.18,0.0019,1,1,cpu_stress,redis-cart
1791358240,cart-service,2.11,104.2,11.51,0.0007,1,1,cpu_stress,redis-cart
1791358240,payment-service,1.75,44.69,11.94,0.0012,1,1,cpu_stress,redis-cart
1791358240,productcatalog-service,1.97,61.15,14.92,0.0004,1,1,cpu_stress,redis-cart
1791358240,redis-cart,95.82,53.2,14.55,0.0322,1,1,cpu_stress,redis-cart
1791358243,frontend,4.13,139.46,21.27,0.0008,1,1,cpu_stress,redis-cart
1791358243,cart-service,2.2,101.22,17.81,0.0007,1,1,cpu_stress,redis-cart
1791358243,payment-service,0.79,46.17,12.01,0.0006,1,1,cpu_stress,redis-cart
1791358243,productcatalog-service,1.56,63.43,12.86,0.0007,1,1,cpu_stress,redis-cart
1791358243,redis-cart,92.48,59.46,14.15,0.0331,1,1,cpu_stress,redis-cart
1791358288,frontend,3.46,150.97,996.32,0.0204,1,1,network_latency,frontend
1791358288,cart-service,2.37,98.82,17.42,0.0012,1,1,network_latency,frontend
1791358288,payment-service,1.72,48.59,11.8,0.0012,1,1,network_latency,frontend
1791358288,productcatalog-service,1.73,61.99,12.67,0.0012,1,1,network_latency,frontend
1791358288,redis-cart,0.59,34.56,2.87,0.0014,1,1,network_latency,frontend
1791358291,frontend,3.57,140.0,923.41,0.0221,1,1,network_latency,frontend
1791358291,cart-service,2.79,101.45,13.66,0.0011,1,1,network_latency,frontend
1791358291,payment-service,2.18,46.71,10.15,0.0008,1,1,network_latency,frontend
1791358291,productcatalog-service,2.12,61.75,15.78,0.0013,1,1,network_latency,frontend
1791358291,redis-cart,0.79,30.27,5.3,0.0009,1,1,network_latency,frontend
1791358294,frontend,3.53,154.61,1014.08,0.0257,1,1,network_latency,frontend
1791358294,cart-service,3.01,105.08,18.72,0.0007,1,1,network_latency,frontend
1791358294,payment-service,1.19,47.33,11.02,0.0007,1,1,network_latency,frontend
1791358294,productcatalog-service,2.32,66.92,17.53,0.0016,1,1,network_latency,frontend
1791358294,redis-cart,0.69,34.13,3.42,0.0013,1,1,network_latency,frontend
1791358297,frontend,4.38,146.1,1029.63,0.0244,1,1,network_latency,frontend
1791358297,cart-service,2.01,102.98,17.82,0.001,1,1,network_latency,frontend
1791358297,payment-service,1.26,38.66,14.81,0.0006,1,1,network_latency,frontend
1791358297,productcatalog-service,2.04,65.6,14.62,0.0013,1,1,network_latency,frontend
1791358297,redis-cart,0.77,33.51,2.67,0.0006,1,1,network_latency,frontend
1791358300,frontend,3.7,139.55,928.69,0.0177,1,1,network_latency,frontend
1791358300,cart-service,2.62,98.22,17.22,0.0015,1,1,network_latency,frontend
1791358300,payment-service,1.63,45.06,11.5,0.0012,1,1,network_latency,frontend
1791358300,productcatalog-service,2.07,64.65,13.45,0.0004,1,1,network_latency,frontend
1791358300,redis-cart,1.09,32.22,6.2,0.0009,1,1,network_latency,frontend
1791358303,frontend,4.64,141.01,1021.66,0.0147,1,1,network_latency,frontend
1791358303,cart-service,2.42,94.92,16.95,0.0018,1,1,network_latency,frontend
1791358303,payment-service,1.06,46.68,13.78,0.0004,1,1,network_latency,frontend
1791358303,productcatalog-service,1.98,66.88,13.67,0.0007,1,1,network_latency,frontend
1791358303,redis-cart,1.28,30.73,3.68,0.0011,1,1,network_latency,frontend
1791358306,frontend,5.33,152.39,879.23,0.0243,1,1,network_latency,frontend
1791358306,cart-service,2.12,99.47,16.71,0.0009,1,1,network_latency,frontend
1791358306,payment-service,0.79,47.9,13.69,0.0011,1,1,network_latency,frontend
1791358306,productcatalog-service,1.6,61.8,13.72,0.0009,1,1,network_latency,frontend
1791358306,redis-cart,0.82,32.09,3.34,0.0009,1,1,network_latency,frontend
1791358309,frontend,4.74,148.38,1023.37,0.0087,1,1,network_latency,frontend
1791358309,cart-service,1.72,90.87,19.59,0.0009,1,1,network_latency,frontend
1791358309,payment-service,1.8,44.58,10.68,0.0007,1,1,network_latency,frontend
1791358309,productcatalog-service,2.42,64.26,17.2,0.001,1,1,network_latency,frontend
1791358309,redis-cart,0.73,31.87,3.1,0.0016,1,1,network_latency,frontend
1791358312,frontend,4.88,157.93,1027.47,0.0167,1,1,network_latency,frontend
1791358312,cart-service,2.94,89.62,14.71,0.0002,1,1,network_latency,frontend
1791358312,payment-service,1.64,42.08,12.59,0.0002,1,1,network_latency,frontend
1791358312,productcatalog-service,2.1,67.02,14.56,0.0006,1,1,network_latency,frontend
1791358312,redis-cart,1.13,31.87,3.4,0.0009,1,1,network_latency,frontend
1791358315,frontend,4.17,156.02,951.61,0.0166,1,1,network_latency,frontend
1791358315,cart-service,2.76,97.16,21.26,0.0015,1,1,network_latency,frontend
1791358315,payment-service,1.68,41.78,10.83,0.0007,1,1,network_latency,frontend
1791358315,productcatalog-service,1.9,67.65,13.6,0.001,1,1,network_latency,frontend
1791358315,redis-cart,0.73,35.33,2.72,0.0007,1,1,network_latency,frontend
1791358360,frontend,5.37,148.26,27.24,0.0,1,1,memory_leak,cart-service
1791358360,cart-service,5.57,251.49,32.53,0.0117,1,1,memory_leak,cart-service
1791358360,payment-service,0.81,47.83,11.13,0.0015,1,1,memory_leak,cart-service
1791358360,productcatalog-service,2.77,65.16,12.88,0.0013,1,1,memory_leak,cart-service
1791358360,redis-cart,0.94,33.83,3.81,0.0005,1,1,memory_leak,cart-service
1791358363,frontend,3.76,156.73,33.29,0.0015,1,1,memory_leak,cart-service
1791358363,cart-service,4.5,271.8,32.74,0.0142,1,1,memory_leak,cart-service
1791358363,payment-service,2.18,41.49,16.49,0.0005,1,1,memory_leak,cart-service
1791358363,productcatalog-service,2.72,66.21,16.71,0.0003,1,1,memory_leak,cart-service
1791358363,redis-cart,1.07,33.37,3.24,0.0006,1,1,memory_leak,cart-service
1791358366,frontend,4.35,146.91,30.5,0.0003,1,1,memory_leak,cart-service
1791358366,cart-service,5.5,288.58,23.53,0.0115,1,1,memory_leak,cart-service
1791358366,payment-service,1.43,48.84,14.1,0.0015,1,1,memory_leak,cart-service
1791358366,productcatalog-service,1.74,64.74,15.66,0.0009,1,1,memory_leak,cart-service
1791358366,redis-cart,0.84,31.26,4.26,0.0014,1,1,memory_leak,cart-service
1791358369,frontend,3.23,153.25,26.75,0.0008,1,1,memory_leak,cart-service
1791358369,cart-service,5.32,306.87,26.06,0.0124,1,1,memory_leak,cart-service
1791358369,payment-service,0.75,45.74,11.98,0.001,1,1,memory_leak,cart-service
1791358369,productcatalog-service,1.32,68.8,16.49,0.0014,1,1,memory_leak,cart-service
1791358369,redis-cart,0.69,30.95,4.64,0.0012,1,1,memory_leak,cart-service
1791358372,frontend,5.08,148.55,28.94,0.0015,1,1,memory_leak,cart-service
1791358372,cart-service,6.19,346.06,27.95,0.0067,1,1,memory_leak,cart-service
1791358372,payment-service,2.02,45.62,13.59,0.0014,1,1,memory_leak,cart-service
1791358372,productcatalog-service,2.12,69.62,13.49,0.0008,1,1,memory_leak,cart-service
1791358372,redis-cart,1.03,32.06,4.72,0.0001,1,1,memory_leak,cart-service
1791358375,frontend,3.61,154.37,29.52,0.0008,1,1,memory_leak,cart-service
1791358375,cart-service,5.18,348.53,29.94,0.0131,1,1,memory_leak,cart-service
1791358375,payment-service,1.64,46.76,10.99,0.001,1,1,memory_leak,cart-service
1791358375,productcatalog-service,1.59,68.35,17.74,0.001,1,1,memory_leak,cart-service
1791358375,redis-cart,1.0,35.86,4.81,0.0002,1,1,memory_leak,cart-service
1791358378,frontend,4.33,155.1,26.64,0.0015,1,1,memory_leak,cart-service
1791358378,cart-service,4.33,376.12,32.77,0.0149,1,1,memory_leak,cart-service
1791358378,payment-service,2.01,47.62,15.54,0.0007,1,1,memory_leak,cart-service
1791358378,productcatalog-service,1.95,70.24,12.36,0.0008,1,1,memory_leak,cart-service
1791358378,redis-cart,0.54,36.13,4.55,0.0007,1,1,memory_leak,cart-service
1791358381,frontend,3.33,155.11,32.77,0.0012,1,1,memory_leak,cart-service
1791358381,cart-service,5.76,389.42,30.01,0.0024,1,1,memory_leak,cart-service
1791358381,payment-service,1.72,44.7,11.65,0.001,1,1,memory_leak,cart-service
1791358381,productcatalog-service,2.2,65.84,13.79,0.0009,1,1,memory_leak,cart-service
1791358381,redis-cart,0.72,34.12,3.86,0.0002,1,1,memory_leak,cart-service
1791358384,frontend,2.2,157.01,25.45,0.0005,1,1,memory_leak,cart-service
1791358384,cart-service,5.34,412.99,29.8,0.0092,1,1,memory_leak,cart-service
1791358384,payment-service,1.76,44.97,14.81,0.0006,1,1,memory_leak,cart-service
1791358384,productcatalog-service,2.32,63.86,16.4,0.0009,1,1,memory_leak,cart-service
1791358384,redis-cart,0.72,32.84,4.21,0.0015,1,1,memory_leak,cart-service
1791358387,frontend,5.66,151.53,26.0,0.0005,1,1,memory_leak,cart-service
1791358387,cart-service,5.35,431.75,35.15,0.0118,1,1,memory_leak,cart-service
1791358387,payment-service,2.15,46.14,15.12,0.001,1,1,memory_leak,cart-service
1791358387,productcatalog-service,2.28,68.83,13.16,0.0005,1,1,memory_leak,cart-service
1791358387,redis-cart,1.03,32.68,4.74,0.0011,1,1,memory_leak,cart-service
1791358432,frontend,2.91,151.37,207.81,0.2774,1,1,packet_loss,payment-service
1791358432,cart-service,3.02,97.51,19.75,0.0014,1,1,packet_loss,payment-service
1791358432,payment-service,2.24,47.13,169.33,0.611,1,1,packet_loss,payment-service
1791358432,productcatalog-service,1.91,60.51,15.48,0.0013,1,1,packet_loss,payment-service
1791358432,redis-cart,0.5,34.24,3.89,0.0006,1,1,packet_loss,payment-service
1791358435,frontend,4.69,158.18,163.96,0.2197,1,1,packet_loss,payment-service
1791358435,cart-service,3.02,103.66,18.6,0.0004,1,1,packet_loss,payment-service
1791358435,payment-service,0.65,43.92,179.66,0.6074,1,1,packet_loss,payment-service
1791358435,productcatalog-service,1.64,56.56,13.31,0.0011,1,1,packet_loss,payment-service
1791358435,redis-cart,1.04,32.6,3.72,0.0007,1,1,packet_loss,payment-service
1791358438,frontend,4.5,155.91,167.88,0.3273,1,1,packet_loss,payment-service
1791358438,cart-service,2.64,97.95,17.76,0.0009,1,1,packet_loss,payment-service
1791358438,payment-service,1.74,44.95,210.11,0.4759,1,1,packet_loss,payment-service
1791358438,productcatalog-service,2.05,66.65,13.77,0.0008,1,1,packet_loss,payment-service
1791358438,redis-cart,1.01,31.24,4.48,0.0009,1,1,packet_loss,payment-service
1791358441,frontend,3.99,155.37,191.74,0.2497,1,1,packet_loss,payment-service
1791358441,cart-service,1.56,98.48,18.82,0.0008,1,1,packet_loss,payment-service
1791358441,payment-service,0.4,48.57,199.41,0.6492,1,1,packet_loss,payment-service
1791358441,productcatalog-service,2.44,56.74,16.08,0.001,1,1,packet_loss,payment-service
1791358441,redis-cart,0.82,34.42,3.38,0.0012,1,1,packet_loss,payment-service
1791358444,frontend,3.28,150.18,190.32,0.2698,1,1,packet_loss,payment-service
1791358444,cart-service,1.91,90.95,13.0,0.0006,1,1,packet_loss,payment-service
1791358444,payment-service,0.96,49.05,171.26,0.5975,1,1,packet_loss,payment-service
1791358444,productcatalog-service,1.65,67.47,12.07,0.001,1,1,packet_loss,payment-service
1791358444,redis-cart,0.51,37.16,3.46,0.0012,1,1,packet_loss,payment-service
1791358447,frontend,3.74,144.79,163.92,0.3134,1,1,packet_loss,payment-service
1791358447,cart-service,1.68,105.3,13.88,0.0015,1,1,packet_loss,payment-service
1791358447,payment-service,0.67,50.67,177.15,0.6762,1,1,packet_loss,payment-service
1791358447,productcatalog-service,1.98,66.73,15.1,0.0014,1,1,packet_loss,payment-service
1791358447,redis-cart,0.84,35.16,3.43,0.001,1,1,packet_loss,payment-service
1791358450,frontend,3.33,144.51,219.3,0.212,1,1,packet_loss,payment-service
1791358450,cart-service,2.74,96.64,12.61,0.0009,1,1,packet_loss,payment-service
1791358450,payment-service,1.6,43.23,199.27,0.6124,1,1,packet_loss,payment-service
1791358450,productcatalog-service,2.3,65.34,13.94,0.0005,1,1,packet_loss,payment-service
1791358450,redis-cart,0.57,34.22,4.88,0.0008,1,1,packet_loss,payment-service
1791358453,frontend,4.05,161.15,189.23,0.2068,1,1,packet_loss,payment-service
1791358453,cart-service,1.34,95.13,17.98,0.0008,1,1,packet_loss,payment-service
1791358453,payment-service,1.53,46.54,190.15,0.6239,1,1,packet_loss,payment-service
1791358453,productcatalog-service,2.16,71.0,12.29,0.0007,1,1,packet_loss,payment-service
1791358453,redis-cart,0.7,32.18,2.43,0.0008,1,1,packet_loss,payment-service
1791358456,frontend,4.17,156.71,200.62,0.2134,1,1,packet_loss,payment-service
1791358456,cart-service,3.23,99.35,11.96,0.0004,1,1,packet_loss,payment-service
1791358456,payment-service,0.87,44.42,215.87,0.6443,1,1,packet_loss,payment-service
1791358456,productcatalog-service,2.38,66.26,9.53,0.0021,1,1,packet_loss,payment-service
1791358456,redis-cart,1.0,35.84,4.18,0.0007,1,1,packet_loss,payment-service
1791358459,frontend,3.3,160.3,180.01,0.2602,1,1,packet_loss,payment-service
1791358459,cart-service,0.83,93.96,15.63,0.0008,1,1,packet_loss,payment-service
1791358459,payment-service,1.02,44.1,205.15,0.6534,1,1,packet_loss,payment-service
1791358459,productcatalog-service,1.89,61.7,13.97,0.0013,1,1,packet_loss,payment-service
1791358459,redis-cart,1.3,30.69,5.12,0.0013,1,1,packet_loss,payment-service
1791358504,frontend,5.5,164.24,236.72,0.4296,1,1,cascade_redis_drop,redis-cart
1791358504,cart-service,4.35,111.72,360.55,0.7927,1,1,cascade_redis_drop,redis-cart
1791358504,payment-service,1.46,48.82,9.39,0.001,1,1,cascade_redis_drop,redis-cart
1791358504,productcatalog-service,2.34,65.29,14.37,0.0008,1,1,cascade_redis_drop,redis-cart
1791358504,redis-cart,0.0,0.0,0.0,1.0,0,1,cascade_redis_drop,redis-cart
1791358507,frontend,6.05,163.77,267.42,0.4451,1,1,cascade_redis_drop,redis-cart
1791358507,cart-service,4.8,100.93,263.02,0.7346,1,1,cascade_redis_drop,redis-cart
1791358507,payment-service,1.16,47.55,8.61,0.0013,1,1,cascade_redis_drop,redis-cart
1791358507,productcatalog-service,1.14,65.13,15.55,0.0008,1,1,cascade_redis_drop,redis-cart
1791358507,redis-cart,0.0,0.0,0.0,1.0,0,1,cascade_redis_drop,redis-cart
1791358510,frontend,4.64,168.8,211.12,0.4161,1,1,cascade_redis_drop,redis-cart
1791358510,cart-service,2.94,105.78,357.8,0.7832,1,1,cascade_redis_drop,redis-cart
1791358510,payment-service,1.1,43.74,11.9,0.0014,1,1,cascade_redis_drop,redis-cart
1791358510,productcatalog-service,2.0,66.31,11.58,0.0011,1,1,cascade_redis_drop,redis-cart
1791358510,redis-cart,0.0,0.0,0.0,1.0,0,1,cascade_redis_drop,redis-cart
1791358513,frontend,5.61,167.94,274.18,0.4127,1,1,cascade_redis_drop,redis-cart
1791358513,cart-service,4.9,107.17,324.15,0.7874,1,1,cascade_redis_drop,redis-cart
1791358513,payment-service,1.04,42.18,9.83,0.0014,1,1,cascade_redis_drop,redis-cart
1791358513,productcatalog-service,1.64,64.9,14.56,0.0005,1,1,cascade_redis_drop,redis-cart
1791358513,redis-cart,0.0,0.0,0.0,1.0,0,1,cascade_redis_drop,redis-cart
1791358516,frontend,6.69,157.07,259.55,0.3923,1,1,cascade_redis_drop,redis-cart
1791358516,cart-service,3.77,101.1,366.71,0.7233,1,1,cascade_redis_drop,redis-cart
1791358516,payment-service,1.38,46.58,12.48,0.0005,1,1,cascade_redis_drop,redis-cart
1791358516,productcatalog-service,2.06,59.49,10.04,0.0012,1,1,cascade_redis_drop,redis-cart
1791358516,redis-cart,0.0,0.0,0.0,1.0,0,1,cascade_redis_drop,redis-cart
1791358519,frontend,6.05,159.2,238.09,0.4752,1,1,cascade_redis_drop,redis-cart
1791358519,cart-service,4.33,100.14,318.76,0.7576,1,1,cascade_redis_drop,redis-cart
1791358519,payment-service,1.46,49.1,10.8,0.0,1,1,cascade_redis_drop,redis-cart
1791358519,productcatalog-service,2.57,66.09,9.32,0.0014,1,1,cascade_redis_drop,redis-cart
1791358519,redis-cart,0.0,0.0,0.0,1.0,0,1,cascade_redis_drop,redis-cart
1791358522,frontend,4.9,156.35,187.54,0.4712,1,1,cascade_redis_drop,redis-cart
1791358522,cart-service,4.14,104.46,338.85,0.8209,1,1,cascade_redis_drop,redis-cart
1791358522,payment-service,0.93,43.88,10.78,0.0006,1,1,cascade_redis_drop,redis-cart
1791358522,productcatalog-service,1.69,65.68,10.71,0.0006,1,1,cascade_redis_drop,redis-cart
1791358522,redis-cart,0.0,0.0,0.0,1.0,0,1,cascade_redis_drop,redis-cart
1791358525,frontend,4.62,159.53,224.48,0.4327,1,1,cascade_redis_drop,redis-cart
1791358525,cart-service,4.37,103.73,390.86,0.8244,1,1,cascade_redis_drop,redis-cart
1791358525,payment-service,1.01,41.16,9.21,0.0012,1,1,cascade_redis_drop,redis-cart
1791358525,productcatalog-service,1.58,62.29,12.22,0.001,1,1,cascade_redis_drop,redis-cart
1791358525,redis-cart,0.0,0.0,0.0,1.0,0,1,cascade_redis_drop,redis-cart
1791358528,frontend,5.32,157.14,249.52,0.4481,1,1,cascade_redis_drop,redis-cart
1791358528,cart-service,3.5,108.69,287.05,0.7669,1,1,cascade_redis_drop,redis-cart
1791358528,payment-service,1.38,41.28,10.23,0.0015,1,1,cascade_redis_drop,redis-cart
1791358528,productcatalog-service,2.47,64.37,15.39,0.0005,1,1,cascade_redis_drop,redis-cart
1791358528,redis-cart,0.0,0.0,0.0,1.0,0,1,cascade_redis_drop,redis-cart
1791358531,frontend,6.12,156.91,278.48,0.4202,1,1,cascade_redis_drop,redis-cart
1791358531,cart-service,4.04,106.27,365.67,0.733,1,1,cascade_redis_drop,redis-cart
1791358531,payment-service,1.73,50.18,9.61,0.0018,1,1,cascade_redis_drop,redis-cart
1791358531,productcatalog-service,2.14,64.32,11.56,0.0007,1,1,cascade_redis_drop,redis-cart
1791358531,redis-cart,0.0,0.0,0.0,1.0,0,1,cascade_redis_drop,redis-cart
1791358576,frontend,0.0,0.0,0.0,1.0,0,1,pod_failure,frontend
1791358576,cart-service,1.51,88.13,15.93,0.0008,1,1,pod_failure,frontend
1791358576,payment-service,2.32,41.87,9.41,0.0007,1,1,pod_failure,frontend
1791358576,productcatalog-service,1.59,65.79,7.9,0.0008,1,1,pod_failure,frontend
1791358576,redis-cart,0.89,30.69,4.76,0.0008,1,1,pod_failure,frontend
1791358579,frontend,0.0,0.0,0.0,1.0,0,1,pod_failure,frontend
1791358579,cart-service,2.89,95.76,11.77,0.0016,1,1,pod_failure,frontend
1791358579,payment-service,1.23,39.61,12.0,0.001,1,1,pod_failure,frontend
1791358579,productcatalog-service,1.55,64.36,11.15,0.0015,1,1,pod_failure,frontend
1791358579,redis-cart,1.16,32.76,4.29,0.0011,1,1,pod_failure,frontend
1791358582,frontend,0.0,0.0,0.0,1.0,0,1,pod_failure,frontend
1791358582,cart-service,2.46,95.07,10.75,0.0013,1,1,pod_failure,frontend
1791358582,payment-service,1.62,47.18,11.03,0.0011,1,1,pod_failure,frontend
1791358582,productcatalog-service,1.0,62.32,10.33,0.001,1,1,pod_failure,frontend
1791358582,redis-cart,0.99,28.49,2.54,0.0003,1,1,pod_failure,frontend
1791358585,frontend,0.0,0.0,0.0,1.0,0,1,pod_failure,frontend
1791358585,cart-service,1.28,99.66,16.09,0.0013,1,1,pod_failure,frontend
1791358585,payment-service,1.98,41.81,10.71,0.0012,1,1,pod_failure,frontend
1791358585,productcatalog-service,0.83,64.59,8.68,0.0007,1,1,pod_failure,frontend
1791358585,redis-cart,0.7,33.02,3.53,0.0005,1,1,pod_failure,frontend
1791358588,frontend,0.0,0.0,0.0,1.0,0,1,pod_failure,frontend
1791358588,cart-service,1.55,89.88,16.49,0.0009,1,1,pod_failure,frontend
1791358588,payment-service,1.4,46.64,7.05,0.0002,1,1,pod_failure,frontend
1791358588,productcatalog-service,2.46,63.49,13.49,0.0014,1,1,pod_failure,frontend
1791358588,redis-cart,0.56,28.69,3.63,0.0015,1,1,pod_failure,frontend
1791358591,frontend,0.0,0.0,0.0,1.0,0,1,pod_failure,frontend
1791358591,cart-service,2.53,97.14,13.39,0.0014,1,1,pod_failure,frontend
1791358591,payment-service,1.6,43.35,10.41,0.0007,1,1,pod_failure,frontend
1791358591,productcatalog-service,2.13,66.24,11.5,0.0016,1,1,pod_failure,frontend
1791358591,redis-cart,0.97,32.93,3.3,0.001,1,1,pod_failure,frontend
1791358594,frontend,0.0,0.0,0.0,1.0,0,1,pod_failure,frontend
1791358594,cart-service,1.9,93.61,15.31,0.0007,1,1,pod_failure,frontend
1791358594,payment-service,1.38,43.04,10.51,0.0003,1,1,pod_failure,frontend
1791358594,productcatalog-service,1.3,66.34,14.88,0.0008,1,1,pod_failure,frontend
1791358594,redis-cart,1.14,32.6,3.13,0.0,1,1,pod_failure,frontend
1791358597,frontend,0.0,0.0,0.0,1.0,0,1,pod_failure,frontend
1791358597,cart-service,1.99,95.94,20.42,0.0009,1,1,pod_failure,frontend
1791358597,payment-service,1.64,40.6,9.38,0.0013,1,1,pod_failure,frontend
1791358597,productcatalog-service,1.37,67.14,14.17,0.0012,1,1,pod_failure,frontend
1791358597,redis-cart,0.8,32.39,3.35,0.0006,1,1,pod_failure,frontend
1791358600,frontend,0.0,0.0,0.0,1.0,0,1,pod_failure,frontend
1791358600,cart-service,2.61,94.82,13.31,0.0007,1,1,pod_failure,frontend
1791358600,payment-service,1.63,45.22,11.14,0.0015,1,1,pod_failure,frontend
1791358600,productcatalog-service,1.95,63.22,13.44,0.0006,1,1,pod_failure,frontend
1791358600,redis-cart,0.49,30.06,4.18,0.0009,1,1,pod_failure,frontend
1791358603,frontend,0.0,0.0,0.0,1.0,0,1,pod_failure,frontend
1791358603,cart-service,1.06,88.95,17.7,0.0007,1,1,pod_failure,frontend
1791358603,payment-service,0.9,41.07,10.42,0.0011,1,1,pod_failure,frontend
1791358603,productcatalog-service,0.85,55.48,12.9,0.0004,1,1,pod_failure,frontend
1791358603,redis-cart,0.68,36.67,3.71,0.0011,1,1,pod_failure,frontend
1791358648,frontend,4.52,146.37,28.24,0.0017,1,1,cpu_stress,cart-service
1791358648,cart-service,93.81,117.24,59.39,0.0494,1,1,cpu_stress,cart-service
1791358648,payment-service,0.95,42.39,12.19,0.0016,1,1,cpu_stress,cart-service
1791358648,productcatalog-service,2.18,61.35,13.15,0.0012,1,1,cpu_stress,cart-service
1791358648,redis-cart,0.73,32.97,2.71,0.0011,1,1,cpu_stress,cart-service
1791358651,frontend,3.46,150.0,14.67,0.002,1,1,cpu_stress,cart-service
1791358651,cart-service,92.11,111.86,60.39,0.0202,1,1,cpu_stress,cart-service
1791358651,payment-service,0.87,44.85,13.06,0.0008,1,1,cpu_stress,cart-service
1791358651,productcatalog-service,1.9,63.22,16.86,0.0006,1,1,cpu_stress,cart-service
1791358651,redis-cart,0.64,32.88,4.56,0.0011,1,1,cpu_stress,cart-service
1791358654,frontend,2.13,143.63,26.38,0.0008,1,1,cpu_stress,cart-service
1791358654,cart-service,94.6,116.93,68.97,0.0339,1,1,cpu_stress,cart-service
1791358654,payment-service,1.25,43.01,12.93,0.0007,1,1,cpu_stress,cart-service
1791358654,productcatalog-service,2.42,63.95,12.88,0.0006,1,1,cpu_stress,cart-service
1791358654,redis-cart,0.61,28.2,4.45,0.0008,1,1,cpu_stress,cart-service
1791358657,frontend,4.72,135.33,21.87,0.0006,1,1,cpu_stress,cart-service
1791358657,cart-service,96.46,120.69,68.34,0.0348,1,1,cpu_stress,cart-service
1791358657,payment-service,1.45,45.78,9.29,0.0008,1,1,cpu_stress,cart-service
1791358657,productcatalog-service,1.72,65.52,12.87,0.0003,1,1,cpu_stress,cart-service
1791358657,redis-cart,0.86,31.26,4.99,0.001,1,1,cpu_stress,cart-service
1791358660,frontend,5.09,133.31,27.4,0.0013,1,1,cpu_stress,cart-service
1791358660,cart-service,92.36,119.62,64.53,0.0303,1,1,cpu_stress,cart-service
1791358660,payment-service,1.89,44.41,12.9,0.0011,1,1,cpu_stress,cart-service
1791358660,productcatalog-service,2.2,68.14,13.9,0.0009,1,1,cpu_stress,cart-service
1791358660,redis-cart,0.93,32.43,2.96,0.001,1,1,cpu_stress,cart-service
1791358663,frontend,5.3,127.27,32.74,0.0013,1,1,cpu_stress,cart-service
1791358663,cart-service,94.59,120.28,69.57,0.0344,1,1,cpu_stress,cart-service
1791358663,payment-service,1.44,39.86,11.63,0.0009,1,1,cpu_stress,cart-service
1791358663,productcatalog-service,2.41,55.7,14.39,0.0003,1,1,cpu_stress,cart-service
1791358663,redis-cart,1.18,34.58,4.9,0.0014,1,1,cpu_stress,cart-service
1791358666,frontend,3.94,153.94,21.99,0.0015,1,1,cpu_stress,cart-service
1791358666,cart-service,94.27,116.85,62.54,0.0402,1,1,cpu_stress,cart-service
1791358666,payment-service,1.58,45.34,13.34,0.0006,1,1,cpu_stress,cart-service
1791358666,productcatalog-service,1.98,63.65,12.19,0.0011,1,1,cpu_stress,cart-service
1791358666,redis-cart,1.02,33.81,4.17,0.0014,1,1,cpu_stress,cart-service
1791358669,frontend,4.03,154.94,26.09,0.0014,1,1,cpu_stress,cart-service
1791358669,cart-service,95.67,116.35,56.74,0.04,1,1,cpu_stress,cart-service
1791358669,payment-service,1.26,45.43,11.47,0.001,1,1,cpu_stress,cart-service
1791358669,productcatalog-service,1.85,61.6,11.72,0.0012,1,1,cpu_stress,cart-service
1791358669,redis-cart,1.21,30.95,3.16,0.0,1,1,cpu_stress,cart-service
1791358672,frontend,4.03,150.87,27.03,0.0009,1,1,cpu_stress,cart-service
1791358672,cart-service,94.82,123.46,63.57,0.0239,1,1,cpu_stress,cart-service
1791358672,payment-service,1.93,45.27,11.89,0.0007,1,1,cpu_stress,cart-service
1791358672,productcatalog-service,1.45,65.11,14.81,0.0003,1,1,cpu_stress,cart-service
1791358672,redis-cart,0.64,32.62,2.23,0.0008,1,1,cpu_stress,cart-service
1791358675,frontend,2.51,145.97,25.33,0.0004,1,1,cpu_stress,cart-service
1791358675,cart-service,94.47,116.0,66.52,0.0394,1,1,cpu_stress,cart-service
1791358675,payment-service,1.61,44.58,13.51,0.0014,1,1,cpu_stress,cart-service
1791358675,productcatalog-service,1.36,62.82,18.77,0.0011,1,1,cpu_stress,cart-service
1791358675,redis-cart,1.26,32.46,3.55,0.0006,1,1,cpu_stress,cart-service
